07:43:24 [INFO] === DÉBUT CYCLE mode=all ===
07:43:25 [INFO] === SCRAPE 1X2 ===
07:43:31 [INFO] 10 rounds valides / 10 total
07:43:32 [INFO]   1X2 [00:17]: 10 matchs
07:43:33 [INFO]   1X2 [07:45]: 10 matchs
07:43:35 [INFO]   1X2 [07:47]: 10 matchs
07:43:36 [INFO]   1X2 [07:49]: 10 matchs
07:43:37 [INFO]   1X2 [07:51]: 10 matchs
07:43:39 [INFO]   1X2 [07:53]: 10 matchs
07:43:40 [INFO]   1X2 [07:55]: 10 matchs
07:43:41 [INFO]   1X2 [07:57]: 10 matchs
07:43:43 [INFO]   1X2 [07:59]: 10 matchs
07:43:44 [INFO]   1X2 [08:01]: 10 matchs
07:43:44 [INFO] 1X2: 10 rounds → data/congobet_1x2_rounds.json
07:43:44 [INFO] === SCRAPE G/NG ===
07:43:46 [INFO] 10 rounds valides / 10 total
07:43:49 [INFO]   G/NG [00:02]: 10 matchs
07:43:51 [INFO]   G/NG [07:45]: 10 matchs
07:43:53 [INFO]   G/NG [07:47]: 10 matchs
07:43:56 [INFO]   G/NG [07:49]: 10 matchs
07:43:58 [INFO]   G/NG [07:51]: 10 matchs
07:44:00 [INFO]   G/NG [07:53]: 10 matchs
07:44:02 [INFO]   G/NG [07:55]: 10 matchs
07:44:05 [INFO]   G/NG [07:57]: 10 matchs
07:44:07 [INFO]   G/NG [07:59]: 10 matchs
07:44:09 [INFO]   G/NG [08:01]: 10 matchs
07:44:09 [INFO] G/NG: 100 cotes → data/cbet_odds.json
07:44:09 [INFO] === SCRAPE RÉSULTATS ===
07:44:13 [INFO]   0 clics 'Afficher plus'
07:44:13 [INFO]   0 groupes résultats
07:44:13 [INFO] Résultats: 0 → data/cbet_results.json
07:44:13 [INFO] === FIN 49.4s erreurs=aucune ===
07:46:43 [INFO] === DÉBUT CYCLE mode=all ===
07:46:44 [INFO] === SCRAPE 1X2 ===
07:46:50 [WARNING] Impossible de sélectionner 1X2
07:46:50 [INFO] 9 rounds valides / 10 total
07:46:51 [INFO]   1X2 [07:47]: 10 matchs
07:46:52 [INFO]   1X2 [07:49]: 10 matchs
07:46:53 [INFO]   1X2 [07:51]: 10 matchs
07:46:54 [INFO]   1X2 [07:53]: 10 matchs
07:46:55 [INFO]   1X2 [07:55]: 10 matchs
07:46:57 [INFO]   1X2 [07:57]: 10 matchs
07:46:58 [INFO]   1X2 [07:59]: 10 matchs
07:46:59 [INFO]   1X2 [08:01]: 10 matchs
07:47:29 [WARNING] [retry 1/2] click_round: Locator.scroll_into_view_if_needed: Timeout 30000ms exceeded.
Call log:
  - waiting for locator("hg-instant-league-round-picker li").nth(9)

07:48:01 [ERROR]   1X2 round 9: Locator.scroll_into_view_if_needed: Timeout 30000ms exceeded.
Call log:
  - waiting for locator("hg-instant-league-round-picker li").nth(9)

07:48:01 [INFO] 1X2: 8 rounds → data/congobet_1x2_rounds.json
07:48:01 [INFO] === SCRAPE G/NG ===
07:48:04 [INFO] 8 rounds valides / 9 total
07:48:06 [INFO]   G/NG [07:49]: 10 matchs
07:48:09 [INFO]   G/NG [07:51]: 10 matchs
07:48:12 [INFO]   G/NG [07:53]: 10 matchs
07:48:14 [INFO]   G/NG [07:55]: 10 matchs
07:48:16 [INFO]   G/NG [07:57]: 10 matchs
07:48:19 [INFO]   G/NG [07:59]: 10 matchs
07:48:21 [INFO]   G/NG [08:01]: 10 matchs
07:48:23 [INFO]   G/NG [08:03]: 10 matchs
07:48:23 [INFO] G/NG: 80 cotes → data/cbet_odds.json
07:48:23 [INFO] === SCRAPE RÉSULTATS ===
07:48:27 [INFO]   0 clics 'Afficher plus'
07:48:27 [INFO]   0 groupes résultats
07:48:27 [INFO] Résultats: 0 → data/cbet_results.json
07:48:57 [INFO] === FIN 134.2s erreurs=aucune ===
07:53:34 [INFO] === DÉBUT CYCLE mode=all ===
07:53:35 [INFO] === SCRAPE 1X2 ===
07:53:42 [INFO] 10 rounds valides / 10 total
07:53:42 [INFO]   1X2 [00:07]: 10 matchs
07:53:43 [INFO]   1X2 [07:55]: 10 matchs
07:53:44 [INFO]   1X2 [07:57]: 10 matchs
07:53:45 [INFO]   1X2 [07:59]: 10 matchs
07:53:46 [INFO]   1X2 [08:01]: 10 matchs
07:53:47 [INFO]   1X2 [08:03]: 10 matchs
07:53:49 [INFO]   1X2 [08:08]: 10 matchs
07:53:50 [INFO]   1X2 [08:10]: 10 matchs
07:53:51 [INFO]   1X2 [08:12]: 10 matchs
07:53:52 [INFO]   1X2 [08:14]: 10 matchs
07:53:52 [INFO] 1X2: 10 rounds → data/congobet_1x2_rounds.json
07:53:52 [INFO] === SCRAPE G/NG ===
07:53:55 [INFO] 9 rounds valides / 10 total
07:53:57 [INFO]   G/NG [07:55]: 10 matchs
07:53:59 [INFO]   G/NG [07:57]: 10 matchs
07:54:02 [INFO]   G/NG [07:59]: 10 matchs
07:54:04 [INFO]   G/NG [08:01]: 10 matchs
07:54:06 [INFO]   G/NG [08:03]: 10 matchs
07:54:09 [INFO]   G/NG [08:08]: 10 matchs
07:54:11 [INFO]   G/NG [08:10]: 10 matchs
07:54:13 [INFO]   G/NG [08:12]: 10 matchs
07:54:15 [INFO]   G/NG [08:14]: 10 matchs
07:54:15 [INFO] G/NG: 90 cotes → data/cbet_odds.json
07:54:15 [INFO] === SCRAPE RÉSULTATS ===
07:54:19 [INFO]   0 clics 'Afficher plus'
07:54:19 [INFO]   0 groupes résultats
07:54:19 [INFO] Résultats: 0 → data/cbet_results.json
07:54:49 [INFO] === FIN 74.8s erreurs=aucune ===
07:57:19 [INFO] === DÉBUT CYCLE mode=all ===
07:57:20 [INFO] === SCRAPE 1X2 ===
07:57:26 [INFO] 10 rounds valides / 10 total
07:57:27 [INFO]   1X2 [00:23]: 10 matchs
07:57:27 [INFO]   1X2 [07:59]: 10 matchs
07:57:28 [INFO]   1X2 [08:01]: 10 matchs
07:57:29 [INFO]   1X2 [08:03]: 10 matchs
07:57:30 [INFO]   1X2 [08:08]: 10 matchs
07:57:31 [INFO]   1X2 [08:10]: 10 matchs
07:57:33 [INFO]   1X2 [08:12]: 10 matchs
07:57:34 [INFO]   1X2 [08:14]: 10 matchs
07:57:35 [INFO]   1X2 [08:16]: 10 matchs
07:57:37 [INFO]   1X2 [08:18]: 10 matchs
07:57:37 [INFO] 1X2: 10 rounds → data/congobet_1x2_rounds.json
07:57:37 [INFO] === SCRAPE G/NG ===
07:57:39 [INFO] 10 rounds valides / 10 total
07:57:41 [INFO]   G/NG [00:10]: 10 matchs
07:57:44 [INFO]   G/NG [07:59]: 10 matchs
07:57:46 [INFO]   G/NG [08:01]: 10 matchs
07:57:48 [INFO]   G/NG [08:03]: 10 matchs
07:57:50 [INFO]   G/NG [08:08]: 10 matchs
07:57:53 [INFO]   G/NG [08:10]: 10 matchs
07:57:55 [INFO]   G/NG [08:12]: 10 matchs
07:57:57 [INFO]   G/NG [08:14]: 10 matchs
07:58:00 [INFO]   G/NG [08:16]: 10 matchs
07:58:02 [INFO]   G/NG [08:18]: 10 matchs
07:58:02 [INFO] G/NG: 100 cotes → data/cbet_odds.json
07:58:02 [INFO] === SCRAPE RÉSULTATS ===
07:58:06 [INFO]   0 clics 'Afficher plus'
07:58:06 [INFO]   0 groupes résultats
07:58:06 [INFO] Résultats: 0 → data/cbet_results.json
07:58:36 [INFO] === FIN 76.4s erreurs=aucune ===
08:17:06 [INFO] === DÉBUT CYCLE mode=results ===
08:17:09 [INFO] === SCRAPE RÉSULTATS ===
08:17:15 [INFO]   0 clics 'Afficher plus'
08:17:15 [INFO]   0 groupes résultats
08:17:15 [INFO] Résultats: 0 → data/cbet_results.json
08:17:15 [INFO] === FIN 8.3s erreurs=aucune ===
08:21:19 [INFO] === DÉBUT CYCLE mode=all ===
08:21:20 [INFO] === SCRAPE 1X2 ===
08:21:26 [WARNING] Impossible de sélectionner 1X2
08:21:26 [INFO] 9 rounds valides / 10 total
08:21:28 [INFO]   1X2 [08:22]: 10 matchs
08:21:29 [INFO]   1X2 [08:24]: 10 matchs
08:21:30 [INFO]   1X2 [08:26]: 10 matchs
08:21:32 [INFO]   1X2 [08:28]: 10 matchs
08:21:33 [INFO]   1X2 [08:30]: 10 matchs
08:21:34 [INFO]   1X2 [08:32]: 10 matchs
08:21:36 [INFO]   1X2 [08:34]: 10 matchs
08:21:37 [INFO]   1X2 [08:36]: 10 matchs
08:21:39 [INFO]   1X2 [08:38]: 10 matchs
08:21:39 [INFO] 1X2: 9 rounds → data/congobet_1x2_rounds.json
08:21:39 [INFO] === SCRAPE G/NG ===
08:21:41 [INFO] 10 rounds valides / 10 total
08:21:43 [INFO]   G/NG [01:08]: 10 matchs
08:21:46 [INFO]   G/NG [08:24]: 10 matchs
08:21:48 [INFO]   G/NG [08:26]: 10 matchs
08:21:50 [INFO]   G/NG [08:28]: 10 matchs
08:21:52 [INFO]   G/NG [08:30]: 10 matchs
08:21:55 [INFO]   G/NG [08:32]: 10 matchs
08:21:57 [INFO]   G/NG [08:34]: 10 matchs
08:21:59 [INFO]   G/NG [08:36]: 10 matchs
08:22:02 [INFO]   G/NG [08:38]: 10 matchs
08:22:10 [INFO]   G/NG [08:40]: 10 matchs
08:22:10 [INFO] G/NG: 100 cotes → data/cbet_odds.json
08:22:10 [INFO] === SCRAPE RÉSULTATS ===
08:22:14 [INFO]   0 clics 'Afficher plus'
08:22:14 [INFO]   0 groupes résultats
08:22:14 [INFO] Résultats: 0 → data/cbet_results.json
08:22:14 [INFO] === FIN 54.8s erreurs=aucune ===
08:24:44 [INFO] === DÉBUT CYCLE mode=all ===
08:24:44 [INFO] === SCRAPE 1X2 ===
08:24:51 [INFO] 9 rounds valides / 10 total
08:24:51 [INFO]   1X2 [08:26]: 10 matchs
08:24:53 [INFO]   1X2 [08:28]: 10 matchs
08:24:54 [INFO]   1X2 [08:30]: 10 matchs
08:24:56 [INFO]   1X2 [08:32]: 10 matchs
08:24:57 [INFO]   1X2 [08:34]: 10 matchs
08:24:58 [INFO]   1X2 [08:36]: 10 matchs
08:25:00 [INFO]   1X2 [08:38]: 10 matchs
08:25:01 [INFO]   1X2 [08:40]: 10 matchs
08:25:03 [INFO]   1X2 [08:42]: 10 matchs
08:25:03 [INFO] 1X2: 9 rounds → data/congobet_1x2_rounds.json
08:25:03 [INFO] === SCRAPE G/NG ===
08:25:05 [INFO] 9 rounds valides / 10 total
08:25:07 [INFO]   G/NG [08:26]: 10 matchs
08:25:10 [INFO]   G/NG [08:28]: 10 matchs
08:25:12 [INFO]   G/NG [08:30]: 10 matchs
08:25:14 [INFO]   G/NG [08:32]: 10 matchs
08:25:16 [INFO]   G/NG [08:34]: 10 matchs
08:25:19 [INFO]   G/NG [08:36]: 10 matchs
08:25:21 [INFO]   G/NG [08:38]: 10 matchs
08:25:23 [INFO]   G/NG [08:40]: 10 matchs
08:25:26 [INFO]   G/NG [08:42]: 10 matchs
08:25:26 [INFO] G/NG: 90 cotes → data/cbet_odds.json
08:25:26 [INFO] === SCRAPE RÉSULTATS ===
08:25:29 [INFO]   0 clics 'Afficher plus'
08:25:29 [INFO]   0 groupes résultats
08:25:29 [INFO] Résultats: 0 → data/cbet_results.json
08:25:29 [INFO] === FIN 45.4s erreurs=aucune ===
08:33:55 [INFO] === DÉBUT CYCLE mode=all ===
08:33:56 [INFO] === SCRAPE 1X2 ===
08:34:02 [INFO] 10 rounds valides / 10 total
08:34:03 [INFO]   1X2 [00:46]: 10 matchs
08:34:04 [INFO]   1X2 [08:36]: 10 matchs
08:34:05 [INFO]   1X2 [08:38]: 10 matchs
08:34:06 [INFO]   1X2 [08:40]: 10 matchs
08:34:08 [INFO]   1X2 [08:42]: 10 matchs
08:34:09 [INFO]   1X2 [08:44]: 10 matchs
08:34:10 [INFO]   1X2 [08:46]: 10 matchs
08:34:11 [INFO]   1X2 [08:48]: 10 matchs
08:34:13 [INFO]   1X2 [08:50]: 10 matchs
08:34:14 [INFO]   1X2 [08:52]: 10 matchs
08:34:14 [INFO] 1X2: 10 rounds → data/congobet_1x2_rounds.json
08:34:14 [INFO] === SCRAPE G/NG ===
08:34:16 [INFO] 10 rounds valides / 10 total
08:34:19 [INFO]   G/NG [00:32]: 10 matchs
08:34:21 [INFO]   G/NG [08:36]: 10 matchs
08:34:23 [INFO]   G/NG [08:38]: 10 matchs
08:34:25 [INFO]   G/NG [08:40]: 10 matchs
08:34:28 [INFO]   G/NG [08:42]: 10 matchs
08:34:30 [INFO]   G/NG [08:44]: 10 matchs
08:34:32 [INFO]   G/NG [08:46]: 10 matchs
08:34:34 [INFO]   G/NG [08:48]: 10 matchs
08:34:37 [INFO]   G/NG [08:50]: 10 matchs
08:34:39 [INFO]   G/NG [08:52]: 10 matchs
08:34:39 [INFO] G/NG: 100 cotes → data/cbet_odds.json
08:34:39 [INFO] === SCRAPE RÉSULTATS ===
08:34:43 [INFO]   0 clics 'Afficher plus'
08:34:43 [INFO]   0 groupes résultats
08:34:43 [INFO] Résultats: 0 → data/cbet_results.json
08:34:43 [INFO] === FIN 47.6s erreurs=aucune ===
08:37:13 [INFO] === DÉBUT CYCLE mode=all ===
08:37:13 [INFO] === SCRAPE 1X2 ===
08:37:20 [WARNING] Impossible de sélectionner 1X2
08:37:20 [INFO] 9 rounds valides / 10 total
08:37:20 [INFO]   1X2 [08:38]: 10 matchs
08:37:21 [INFO]   1X2 [08:40]: 10 matchs
08:37:22 [INFO]   1X2 [08:42]: 10 matchs
08:37:23 [INFO]   1X2 [08:44]: 10 matchs
08:37:25 [INFO]   1X2 [08:46]: 10 matchs
08:37:26 [INFO]   1X2 [08:48]: 10 matchs
08:37:27 [INFO]   1X2 [08:50]: 10 matchs
08:37:29 [INFO]   1X2 [08:52]: 10 matchs
08:37:30 [INFO]   1X2 [08:54]: 10 matchs
08:37:30 [INFO] 1X2: 9 rounds → data/congobet_1x2_rounds.json
08:37:30 [INFO] === SCRAPE G/NG ===
08:37:32 [INFO] 9 rounds valides / 10 total
08:37:35 [INFO]   G/NG [08:38]: 10 matchs
08:37:37 [INFO]   G/NG [08:40]: 10 matchs
08:37:39 [INFO]   G/NG [08:42]: 10 matchs
08:37:42 [INFO]   G/NG [08:44]: 10 matchs
08:37:44 [INFO]   G/NG [08:46]: 10 matchs
08:37:46 [INFO]   G/NG [08:48]: 10 matchs
08:37:48 [INFO]   G/NG [08:50]: 10 matchs
08:37:51 [INFO]   G/NG [08:52]: 10 matchs
08:38:04 [INFO]   G/NG [08:54]: 10 matchs
08:38:04 [INFO] G/NG: 90 cotes → data/cbet_odds.json
08:38:04 [INFO] === SCRAPE RÉSULTATS ===
08:38:08 [INFO]   0 clics 'Afficher plus'
08:38:08 [INFO]   0 groupes résultats
08:38:08 [INFO] Résultats: 0 → data/cbet_results.json
08:38:08 [INFO] === FIN 55.0s erreurs=aucune ===
09:29:58 [INFO] === DÉBUT CYCLE mode=all ===
09:29:58 [INFO] === SCRAPE 1X2 ===
09:30:05 [WARNING] Impossible de sélectionner 1X2
09:30:05 [INFO] 9 rounds valides / 10 total
09:30:06 [INFO]   1X2 [09:31]: 10 matchs
09:30:07 [INFO]   1X2 [09:33]: 10 matchs
09:30:08 [INFO]   1X2 [09:35]: 10 matchs
09:30:10 [INFO]   1X2 [09:37]: 10 matchs
09:30:11 [INFO]   1X2 [09:39]: 10 matchs
09:30:12 [INFO]   1X2 [09:41]: 10 matchs
09:30:14 [INFO]   1X2 [09:43]: 10 matchs
09:30:15 [INFO]   1X2 [09:45]: 10 matchs
09:30:16 [INFO]   1X2 [09:47]: 10 matchs
09:30:16 [INFO] 1X2: 9 rounds → data/congobet_1x2_rounds.json
09:30:16 [INFO] === SCRAPE G/NG ===
09:30:19 [INFO] 9 rounds valides / 10 total
09:30:21 [INFO]   G/NG [09:31]: 10 matchs
09:30:23 [INFO]   G/NG [09:33]: 10 matchs
09:30:26 [INFO]   G/NG [09:35]: 10 matchs
09:30:28 [INFO]   G/NG [09:37]: 10 matchs
09:30:30 [INFO]   G/NG [09:39]: 10 matchs
09:30:32 [INFO]   G/NG [09:41]: 10 matchs
09:30:35 [INFO]   G/NG [09:43]: 10 matchs
09:30:37 [INFO]   G/NG [09:45]: 10 matchs
09:30:39 [INFO]   G/NG [09:47]: 10 matchs
09:30:39 [INFO] G/NG: 90 cotes → data/cbet_odds.json
09:30:39 [INFO] === SCRAPE RÉSULTATS ===
09:30:43 [INFO]   0 clics 'Afficher plus'
09:30:43 [INFO]   0 groupes résultats
09:30:43 [INFO] Résultats: 0 → data/cbet_results.json
09:30:43 [INFO] === FIN 45.4s erreurs=aucune ===
09:33:13 [INFO] === DÉBUT CYCLE mode=all ===
09:33:14 [INFO] === SCRAPE 1X2 ===
09:33:20 [INFO] 10 rounds valides / 10 total
09:33:21 [INFO]   1X2 [00:29]: 10 matchs
09:33:21 [INFO]   1X2 [09:35]: 10 matchs
09:33:23 [INFO]   1X2 [09:37]: 10 matchs
09:33:24 [INFO]   1X2 [09:39]: 10 matchs
09:33:25 [INFO]   1X2 [09:41]: 10 matchs
09:33:27 [INFO]   1X2 [09:43]: 10 matchs
09:33:28 [INFO]   1X2 [09:45]: 10 matchs
09:33:30 [INFO]   1X2 [09:47]: 10 matchs
09:33:31 [INFO]   1X2 [09:49]: 10 matchs
09:33:32 [INFO]   1X2 [09:51]: 10 matchs
09:33:32 [INFO] 1X2: 10 rounds → data/congobet_1x2_rounds.json
09:33:32 [INFO] === SCRAPE G/NG ===
09:33:35 [INFO] 10 rounds valides / 10 total
09:33:37 [INFO]   G/NG [00:15]: 10 matchs
09:33:39 [INFO]   G/NG [09:35]: 10 matchs
09:33:41 [INFO]   G/NG [09:37]: 10 matchs
09:33:44 [INFO]   G/NG [09:39]: 10 matchs
09:33:46 [INFO]   G/NG [09:41]: 10 matchs
09:33:48 [INFO]   G/NG [09:43]: 10 matchs
09:33:50 [INFO]   G/NG [09:45]: 10 matchs
09:33:53 [INFO]   G/NG [09:47]: 10 matchs
09:33:55 [INFO]   G/NG [09:49]: 10 matchs
09:33:57 [INFO]   G/NG [09:51]: 10 matchs
09:33:57 [INFO] G/NG: 100 cotes → data/cbet_odds.json
09:33:57 [INFO] === SCRAPE RÉSULTATS ===
09:34:01 [INFO]   0 clics 'Afficher plus'
09:34:01 [INFO]   0 groupes résultats
09:34:01 [INFO] Résultats: 0 → data/cbet_results.json
09:34:31 [INFO] === FIN 77.7s erreurs=aucune ===
10:10:07 [INFO] === DÉBUT CYCLE mode=all ===
10:10:09 [INFO] === SCRAPE 1X2 ===
10:10:16 [WARNING] Impossible de sélectionner 1X2
10:10:16 [INFO] 9 rounds valides / 10 total
10:10:17 [INFO]   1X2 [10:11]: 10 matchs
10:10:18 [INFO]   1X2 [10:13]: 10 matchs
10:10:20 [INFO]   1X2 [10:15]: 10 matchs
10:10:21 [INFO]   1X2 [10:17]: 10 matchs
10:10:22 [INFO]   1X2 [10:19]: 10 matchs
10:10:24 [INFO]   1X2 [10:21]: 10 matchs
10:10:25 [INFO]   1X2 [10:23]: 10 matchs
10:10:27 [INFO]   1X2 [10:25]: 10 matchs
10:10:28 [INFO]   1X2 [10:27]: 10 matchs
10:10:28 [INFO] 1X2: 9 rounds → data/congobet_1x2_rounds.json
10:10:28 [INFO] === SCRAPE G/NG ===
10:10:30 [INFO] 9 rounds valides / 10 total
10:10:33 [INFO]   G/NG [10:11]: 10 matchs
10:10:35 [INFO]   G/NG [10:13]: 10 matchs
10:10:37 [INFO]   G/NG [10:15]: 10 matchs
10:10:40 [INFO]   G/NG [10:17]: 10 matchs
10:10:42 [INFO]   G/NG [10:19]: 10 matchs
10:10:44 [INFO]   G/NG [10:21]: 10 matchs
10:10:46 [INFO]   G/NG [10:23]: 10 matchs
10:10:49 [INFO]   G/NG [10:25]: 10 matchs
10:11:00 [INFO]   G/NG [10:27]: 10 matchs
10:11:00 [INFO] G/NG: 90 cotes → data/cbet_odds.json
10:11:00 [INFO] === SCRAPE RÉSULTATS ===
10:11:04 [INFO]   0 clics 'Afficher plus'
10:11:04 [INFO]   0 groupes résultats
10:11:04 [INFO] Résultats: 0 → data/cbet_results.json
10:11:35 [INFO] === FIN 86.7s erreurs=aucune ===
10:14:05 [INFO] === DÉBUT CYCLE mode=all ===
10:14:06 [INFO] === SCRAPE 1X2 ===
10:14:12 [WARNING] Impossible de sélectionner 1X2
10:14:12 [INFO] 9 rounds valides / 10 total
10:14:14 [INFO]   1X2 [10:15]: 10 matchs
10:14:15 [INFO]   1X2 [10:17]: 10 matchs
10:14:16 [INFO]   1X2 [10:19]: 10 matchs
10:14:18 [INFO]   1X2 [10:21]: 10 matchs
10:14:19 [INFO]   1X2 [10:23]: 10 matchs
10:14:20 [INFO]   1X2 [10:25]: 10 matchs
10:14:22 [INFO]   1X2 [10:27]: 10 matchs
10:14:23 [INFO]   1X2 [10:29]: 10 matchs
10:14:24 [INFO]   1X2 [10:31]: 10 matchs
10:14:24 [INFO] 1X2: 9 rounds → data/congobet_1x2_rounds.json
10:14:24 [INFO] === SCRAPE G/NG ===
10:14:27 [INFO] 9 rounds valides / 10 total
10:14:29 [INFO]   G/NG [10:15]: 10 matchs
10:14:32 [INFO]   G/NG [10:17]: 10 matchs
10:14:34 [INFO]   G/NG [10:19]: 10 matchs
10:14:36 [INFO]   G/NG [10:21]: 10 matchs
10:14:38 [INFO]   G/NG [10:23]: 10 matchs
10:14:41 [INFO]   G/NG [10:25]: 10 matchs
10:14:43 [INFO]   G/NG [10:27]: 10 matchs
10:14:45 [INFO]   G/NG [10:29]: 10 matchs
10:14:56 [INFO]   G/NG [10:31]: 10 matchs
10:14:56 [INFO] G/NG: 90 cotes → data/cbet_odds.json
10:14:56 [INFO] === SCRAPE RÉSULTATS ===
10:15:00 [INFO]   0 clics 'Afficher plus'
10:15:00 [INFO]   0 groupes résultats
10:15:00 [INFO] Résultats: 0 → data/cbet_results.json
10:15:00 [INFO] === FIN 54.6s erreurs=aucune ===
10:59:50 [INFO] === DÉBUT CYCLE mode=all ===
10:59:51 [INFO] === SCRAPE 1X2 ===
11:00:00 [INFO] 10 rounds valides / 10 total
11:00:00 [INFO]   1X2 [00:50]: 10 matchs
11:00:02 [INFO]   1X2 [11:02]: 10 matchs
11:00:03 [INFO]   1X2 [11:04]: 10 matchs
11:00:04 [INFO]   1X2 [11:06]: 10 matchs
11:00:06 [INFO]   1X2 [11:08]: 10 matchs
11:00:07 [INFO]   1X2 [11:10]: 10 matchs
11:00:08 [INFO]   1X2 [11:12]: 10 matchs
11:00:10 [INFO]   1X2 [11:14]: 10 matchs
11:00:11 [INFO]   1X2 [11:16]: 10 matchs
11:00:12 [INFO]   1X2 [11:18]: 10 matchs
11:00:12 [INFO] 1X2: 10 rounds → data/congobet_1x2_rounds.json
11:00:12 [INFO] === SCRAPE G/NG ===
11:00:15 [INFO] 10 rounds valides / 10 total
11:00:17 [INFO]   G/NG [00:34]: 10 matchs
11:00:19 [INFO]   G/NG [11:02]: 10 matchs
11:00:22 [INFO]   G/NG [11:04]: 10 matchs
11:00:24 [INFO]   G/NG [11:06]: 10 matchs
11:00:26 [INFO]   G/NG [11:08]: 10 matchs
11:00:28 [INFO]   G/NG [11:10]: 10 matchs
11:00:31 [INFO]   G/NG [11:12]: 10 matchs
11:00:33 [INFO]   G/NG [11:14]: 10 matchs
11:00:35 [INFO]   G/NG [11:16]: 10 matchs
11:00:37 [INFO]   G/NG [11:18]: 10 matchs
11:00:37 [INFO] G/NG: 100 cotes → data/cbet_odds.json
11:00:37 [INFO] === SCRAPE RÉSULTATS ===
11:00:42 [INFO]   0 clics 'Afficher plus'
11:00:42 [INFO]   0 groupes résultats
11:00:42 [INFO] Résultats: 0 → data/cbet_results.json
11:01:12 [INFO] === FIN 81.2s erreurs=aucune ===
11:03:42 [INFO] === DÉBUT CYCLE mode=all ===
11:03:42 [INFO] === SCRAPE 1X2 ===
11:03:50 [WARNING] Impossible de sélectionner 1X2
11:03:51 [INFO] 9 rounds valides / 10 total
11:03:52 [INFO]   1X2 [11:04]: 10 matchs
11:03:53 [INFO]   1X2 [11:06]: 10 matchs
11:03:55 [INFO]   1X2 [11:08]: 10 matchs
11:03:56 [INFO]   1X2 [11:10]: 10 matchs
11:03:57 [INFO]   1X2 [11:12]: 10 matchs
11:03:59 [INFO]   1X2 [11:14]: 10 matchs
11:04:00 [INFO]   1X2 [11:16]: 10 matchs
11:04:01 [INFO]   1X2 [11:18]: 10 matchs
11:04:03 [INFO]   1X2 [11:20]: 10 matchs
11:04:03 [INFO] 1X2: 9 rounds → data/congobet_1x2_rounds.json
11:04:03 [INFO] === SCRAPE G/NG ===
11:04:05 [INFO] 10 rounds valides / 10 total
11:04:07 [INFO]   G/NG [00:44]: 10 matchs
11:04:10 [INFO]   G/NG [11:06]: 10 matchs
11:04:13 [INFO]   G/NG [11:08]: 10 matchs
11:04:15 [INFO]   G/NG [11:10]: 10 matchs
11:04:17 [INFO]   G/NG [11:12]: 10 matchs
11:04:19 [INFO]   G/NG [11:14]: 10 matchs
11:04:22 [INFO]   G/NG [11:16]: 10 matchs
11:04:24 [INFO]   G/NG [11:18]: 10 matchs
11:04:26 [INFO]   G/NG [11:20]: 10 matchs
11:04:28 [INFO]   G/NG [11:22]: 10 matchs
11:04:28 [INFO] G/NG: 100 cotes → data/cbet_odds.json
11:04:28 [INFO] === SCRAPE RÉSULTATS ===
11:04:33 [INFO]   0 clics 'Afficher plus'
11:04:33 [INFO]   0 groupes résultats
11:04:33 [INFO] Résultats: 0 → data/cbet_results.json
11:05:03 [INFO] === FIN 81.2s erreurs=aucune ===
11:41:17 [INFO] === DÉBUT CYCLE mode=all ===
11:41:18 [INFO] === SCRAPE 1X2 ===
11:41:24 [WARNING] Impossible de sélectionner 1X2
11:41:24 [INFO] 9 rounds valides / 10 total
11:41:26 [INFO]   1X2 [11:42]: 10 matchs
11:41:27 [INFO]   1X2 [11:44]: 10 matchs
11:41:28 [INFO]   1X2 [11:46]: 10 matchs
11:41:30 [INFO]   1X2 [11:48]: 10 matchs
11:41:31 [INFO]   1X2 [11:50]: 10 matchs
11:41:32 [INFO]   1X2 [11:52]: 10 matchs
11:41:34 [INFO]   1X2 [11:54]: 10 matchs
11:41:35 [INFO]   1X2 [11:56]: 10 matchs
11:41:36 [INFO]   1X2 [11:58]: 10 matchs
11:41:36 [INFO] 1X2: 9 rounds → data/congobet_1x2_rounds.json
11:41:36 [INFO] === SCRAPE G/NG ===
11:41:39 [INFO] 9 rounds valides / 10 total
11:41:41 [INFO]   G/NG [11:42]: 10 matchs
11:41:43 [INFO]   G/NG [11:44]: 10 matchs
11:41:46 [INFO]   G/NG [11:46]: 10 matchs
11:41:48 [INFO]   G/NG [11:48]: 10 matchs
11:41:50 [INFO]   G/NG [11:50]: 10 matchs
11:41:52 [INFO]   G/NG [11:52]: 10 matchs
11:41:55 [INFO]   G/NG [11:54]: 10 matchs
11:41:57 [INFO]   G/NG [11:56]: 10 matchs
11:42:08 [INFO]   G/NG [11:58]: 10 matchs
11:42:08 [INFO] G/NG: 90 cotes → data/cbet_odds.json
11:42:08 [INFO] === SCRAPE RÉSULTATS ===
11:42:12 [INFO]   0 clics 'Afficher plus'
11:42:12 [INFO]   0 groupes résultats
11:42:12 [INFO] Résultats: 0 → data/cbet_results.json
11:42:42 [INFO] === FIN 85.1s erreurs=aucune ===
11:45:12 [INFO] === DÉBUT CYCLE mode=all ===
11:45:13 [INFO] === SCRAPE 1X2 ===
11:45:19 [WARNING] Impossible de sélectionner 1X2
11:45:19 [INFO] 9 rounds valides / 10 total
11:45:20 [INFO]   1X2 [11:46]: 10 matchs
11:45:22 [INFO]   1X2 [11:48]: 10 matchs
11:45:23 [INFO]   1X2 [11:50]: 10 matchs
11:45:24 [INFO]   1X2 [11:52]: 10 matchs
11:45:26 [INFO]   1X2 [11:54]: 10 matchs
11:45:27 [INFO]   1X2 [11:56]: 10 matchs
11:45:29 [INFO]   1X2 [11:58]: 10 matchs
11:45:30 [INFO]   1X2 [12:00]: 10 matchs
11:45:31 [INFO]   1X2 [12:05]: 10 matchs
11:45:31 [INFO] 1X2: 9 rounds → data/congobet_1x2_rounds.json
11:45:31 [INFO] === SCRAPE G/NG ===
11:45:34 [INFO] 9 rounds valides / 10 total
11:45:36 [INFO]   G/NG [11:46]: 10 matchs
11:45:38 [INFO]   G/NG [11:48]: 10 matchs
11:45:41 [INFO]   G/NG [11:50]: 10 matchs
11:45:43 [INFO]   G/NG [11:52]: 10 matchs
11:45:45 [INFO]   G/NG [11:54]: 10 matchs
11:45:47 [INFO]   G/NG [11:56]: 10 matchs
11:45:50 [INFO]   G/NG [11:58]: 10 matchs
11:45:52 [INFO]   G/NG [12:00]: 10 matchs
11:46:03 [INFO]   G/NG [12:05]: 10 matchs
11:46:03 [INFO] G/NG: 90 cotes → data/cbet_odds.json
11:46:03 [INFO] === SCRAPE RÉSULTATS ===
11:46:07 [INFO]   0 clics 'Afficher plus'
11:46:07 [INFO]   0 groupes résultats
11:46:07 [INFO] Résultats: 0 → data/cbet_results.json
11:46:07 [INFO] === FIN 54.8s erreurs=aucune ===
12:04:12 [INFO] === DÉBUT CYCLE mode=all ===
12:04:14 [INFO] === SCRAPE 1X2 ===
12:04:21 [INFO] 10 rounds valides / 10 total
12:04:22 [INFO]   1X2 [01:28]: 10 matchs
12:04:23 [INFO]   1X2 [12:07]: 10 matchs
12:04:25 [INFO]   1X2 [12:09]: 10 matchs
12:04:26 [INFO]   1X2 [12:11]: 10 matchs
12:04:27 [INFO]   1X2 [12:13]: 10 matchs
12:04:29 [INFO]   1X2 [12:15]: 10 matchs
12:04:30 [INFO]   1X2 [12:17]: 10 matchs
12:04:31 [INFO]   1X2 [12:19]: 10 matchs
12:04:33 [INFO]   1X2 [12:21]: 10 matchs
12:04:34 [INFO]   1X2 [12:23]: 10 matchs
12:04:34 [INFO] 1X2: 10 rounds → data/congobet_1x2_rounds.json
12:04:34 [INFO] === SCRAPE G/NG ===
12:04:36 [INFO] 10 rounds valides / 10 total
12:04:39 [INFO]   G/NG [01:13]: 10 matchs
12:04:41 [INFO]   G/NG [12:07]: 10 matchs
12:04:43 [INFO]   G/NG [12:09]: 10 matchs
12:04:45 [INFO]   G/NG [12:11]: 10 matchs
12:04:48 [INFO]   G/NG [12:13]: 10 matchs
12:04:50 [INFO]   G/NG [12:15]: 10 matchs
12:04:52 [INFO]   G/NG [12:17]: 10 matchs
12:04:54 [INFO]   G/NG [12:19]: 10 matchs
12:04:57 [INFO]   G/NG [12:21]: 10 matchs
12:04:59 [INFO]   G/NG [12:23]: 10 matchs
12:04:59 [INFO] G/NG: 100 cotes → data/cbet_odds.json
12:04:59 [INFO] === SCRAPE RÉSULTATS ===
12:05:03 [INFO]   0 clics 'Afficher plus'
12:05:03 [INFO]   0 groupes résultats
12:05:03 [INFO] Résultats: 0 → data/cbet_results.json
12:05:34 [INFO] === FIN 80.9s erreurs=aucune ===
12:08:04 [INFO] === DÉBUT CYCLE mode=all ===
12:08:05 [INFO] === SCRAPE 1X2 ===
12:08:12 [WARNING] Impossible de sélectionner 1X2
12:08:12 [INFO] 9 rounds valides / 10 total
12:08:14 [INFO]   1X2 [12:09]: 10 matchs
12:08:15 [INFO]   1X2 [12:11]: 10 matchs
12:08:16 [INFO]   1X2 [12:13]: 10 matchs
12:08:18 [INFO]   1X2 [12:15]: 10 matchs
12:08:19 [INFO]   1X2 [12:17]: 10 matchs
12:08:20 [INFO]   1X2 [12:19]: 10 matchs
12:08:22 [INFO]   1X2 [12:21]: 10 matchs
12:08:23 [INFO]   1X2 [12:23]: 10 matchs
12:08:25 [INFO]   1X2 [12:25]: 10 matchs
12:08:25 [INFO] 1X2: 9 rounds → data/congobet_1x2_rounds.json
12:08:25 [INFO] === SCRAPE G/NG ===
12:08:27 [INFO] 9 rounds valides / 10 total
12:08:29 [INFO]   G/NG [12:09]: 10 matchs
12:08:32 [INFO]   G/NG [12:11]: 10 matchs
12:08:34 [INFO]   G/NG [12:13]: 10 matchs
12:08:36 [INFO]   G/NG [12:15]: 10 matchs
12:08:39 [INFO]   G/NG [12:17]: 10 matchs
12:08:41 [INFO]   G/NG [12:19]: 10 matchs
12:08:43 [INFO]   G/NG [12:21]: 10 matchs
12:08:45 [INFO]   G/NG [12:23]: 10 matchs
12:08:56 [INFO]   G/NG [12:25]: 10 matchs
12:08:56 [INFO] G/NG: 90 cotes → data/cbet_odds.json
12:08:56 [INFO] === SCRAPE RÉSULTATS ===
12:09:01 [INFO]   0 clics 'Afficher plus'
12:09:01 [INFO]   0 groupes résultats
12:09:01 [INFO] Résultats: 0 → data/cbet_results.json
12:09:01 [INFO] === FIN 56.3s erreurs=aucune ===
13:23:58 [INFO] === DÉBUT CYCLE mode=all ===
13:23:59 [INFO] === SCRAPE 1X2 ===
13:24:06 [INFO] 10 rounds valides / 10 total
13:24:06 [INFO]   1X2 [00:43]: 10 matchs
13:24:07 [INFO]   1X2 [13:26]: 10 matchs
13:24:08 [INFO]   1X2 [13:28]: 10 matchs
13:24:10 [INFO]   1X2 [13:30]: 10 matchs
13:24:11 [INFO]   1X2 [13:32]: 10 matchs
13:24:12 [INFO]   1X2 [13:34]: 10 matchs
13:24:14 [INFO]   1X2 [13:36]: 10 matchs
13:24:15 [INFO]   1X2 [13:38]: 10 matchs
13:24:17 [INFO]   1X2 [13:40]: 10 matchs
13:24:18 [INFO]   1X2 [13:42]: 10 matchs
13:24:18 [INFO] 1X2: 10 rounds → data/congobet_1x2_rounds.json
13:24:18 [INFO] === SCRAPE G/NG ===
13:24:20 [INFO] 10 rounds valides / 10 total
13:24:23 [INFO]   G/NG [00:28]: 10 matchs
13:24:25 [INFO]   G/NG [13:26]: 10 matchs
13:24:27 [INFO]   G/NG [13:28]: 10 matchs
13:24:29 [INFO]   G/NG [13:30]: 10 matchs
13:24:31 [INFO]   G/NG [13:32]: 10 matchs
13:24:34 [INFO]   G/NG [13:34]: 10 matchs
13:24:36 [INFO]   G/NG [13:36]: 10 matchs
13:24:38 [INFO]   G/NG [13:38]: 10 matchs
13:24:40 [INFO]   G/NG [13:40]: 10 matchs
13:24:43 [INFO]   G/NG [13:42]: 10 matchs
13:24:43 [INFO] G/NG: 100 cotes → data/cbet_odds.json
13:24:43 [INFO] === SCRAPE RÉSULTATS ===
13:24:46 [INFO]   0 clics 'Afficher plus'
13:24:46 [INFO]   0 groupes résultats
13:24:46 [INFO] Résultats: 0 → data/cbet_results.json
13:25:17 [INFO] === FIN 79.0s erreurs=aucune ===
13:27:47 [INFO] === DÉBUT CYCLE mode=all ===
13:27:47 [INFO] === SCRAPE 1X2 ===
13:27:53 [INFO] 10 rounds valides / 10 total
13:27:54 [INFO]   1X2 [00:55]: 10 matchs
13:27:55 [INFO]   1X2 [13:30]: 10 matchs
13:27:57 [INFO]   1X2 [13:32]: 10 matchs
13:27:58 [INFO]   1X2 [13:34]: 10 matchs
13:27:59 [INFO]   1X2 [13:36]: 10 matchs
13:28:01 [INFO]   1X2 [13:38]: 10 matchs
13:28:02 [INFO]   1X2 [13:40]: 10 matchs
13:28:03 [INFO]   1X2 [13:42]: 10 matchs
13:28:04 [INFO]   1X2 [13:44]: 10 matchs
13:28:06 [INFO]   1X2 [13:46]: 10 matchs
13:28:06 [INFO] 1X2: 10 rounds → data/congobet_1x2_rounds.json
13:28:06 [INFO] === SCRAPE G/NG ===
13:28:08 [INFO] 10 rounds valides / 10 total
13:28:10 [INFO]   G/NG [00:41]: 10 matchs
13:28:13 [INFO]   G/NG [13:30]: 10 matchs
13:28:15 [INFO]   G/NG [13:32]: 10 matchs
13:28:17 [INFO]   G/NG [13:34]: 10 matchs
13:28:19 [INFO]   G/NG [13:36]: 10 matchs
13:28:22 [INFO]   G/NG [13:38]: 10 matchs
13:28:24 [INFO]   G/NG [13:40]: 10 matchs
13:28:26 [INFO]   G/NG [13:42]: 10 matchs
13:28:28 [INFO]   G/NG [13:44]: 10 matchs
13:28:31 [INFO]   G/NG [13:46]: 10 matchs
13:28:31 [INFO] G/NG: 100 cotes → data/cbet_odds.json
13:28:31 [INFO] === SCRAPE RÉSULTATS ===
13:28:35 [INFO]   0 clics 'Afficher plus'
13:28:35 [INFO]   0 groupes résultats
13:28:35 [INFO] Résultats: 0 → data/cbet_results.json
13:28:35 [INFO] === FIN 47.9s erreurs=aucune ===
14:09:09 [INFO] === DÉBUT CYCLE mode=all ===
14:09:09 [INFO] === SCRAPE 1X2 ===
14:09:17 [WARNING] Impossible de sélectionner 1X2
14:09:18 [INFO] 9 rounds valides / 10 total
14:09:19 [INFO]   1X2 [14:10]: 10 matchs
14:09:20 [INFO]   1X2 [14:12]: 10 matchs
14:09:22 [INFO]   1X2 [14:14]: 10 matchs
14:09:23 [INFO]   1X2 [14:16]: 10 matchs
14:09:25 [INFO]   1X2 [14:18]: 10 matchs
14:09:26 [INFO]   1X2 [14:20]: 10 matchs
14:09:27 [INFO]   1X2 [14:22]: 10 matchs
14:09:29 [INFO]   1X2 [14:24]: 10 matchs
14:09:30 [INFO]   1X2 [14:26]: 10 matchs
14:09:30 [INFO] 1X2: 9 rounds → data/congobet_1x2_rounds.json
14:09:30 [INFO] === SCRAPE G/NG ===
14:09:33 [INFO] 9 rounds valides / 10 total
14:09:35 [INFO]   G/NG [14:10]: 10 matchs
14:09:37 [INFO]   G/NG [14:12]: 10 matchs
14:09:39 [INFO]   G/NG [14:14]: 10 matchs
14:09:42 [INFO]   G/NG [14:16]: 10 matchs
14:09:44 [INFO]   G/NG [14:18]: 10 matchs
14:09:46 [INFO]   G/NG [14:20]: 10 matchs
14:09:48 [INFO]   G/NG [14:22]: 10 matchs
14:09:51 [INFO]   G/NG [14:24]: 10 matchs
14:10:01 [INFO]   G/NG [14:26]: 10 matchs
14:10:01 [INFO] G/NG: 90 cotes → data/cbet_odds.json
14:10:01 [INFO] === SCRAPE RÉSULTATS ===
14:10:05 [INFO]   0 clics 'Afficher plus'
14:10:05 [INFO]   0 groupes résultats
14:10:05 [INFO] Résultats: 0 → data/cbet_results.json
14:10:05 [INFO] === FIN 56.7s erreurs=aucune ===
14:12:35 [INFO] === DÉBUT CYCLE mode=all ===
14:12:36 [INFO] === SCRAPE 1X2 ===
14:12:43 [INFO] 10 rounds valides / 10 total
14:12:44 [INFO]   1X2 [00:06]: 10 matchs
14:12:45 [INFO]   1X2 [14:14]: 10 matchs
14:12:47 [INFO]   1X2 [14:16]: 10 matchs
14:12:48 [INFO]   1X2 [14:18]: 10 matchs
14:12:49 [INFO]   1X2 [14:20]: 10 matchs
14:12:51 [INFO]   1X2 [14:22]: 10 matchs
14:12:52 [INFO]   1X2 [14:24]: 10 matchs
14:12:53 [INFO]   1X2 [14:26]: 10 matchs
14:12:55 [INFO]   1X2 [14:28]: 10 matchs
14:12:56 [INFO]   1X2 [14:30]: 10 matchs
14:12:56 [INFO] 1X2: 10 rounds → data/congobet_1x2_rounds.json
14:12:56 [INFO] === SCRAPE G/NG ===
14:12:59 [INFO] 9 rounds valides / 10 total
14:13:01 [INFO]   G/NG [14:14]: 10 matchs
14:13:03 [INFO]   G/NG [14:16]: 10 matchs
14:13:05 [INFO]   G/NG [14:18]: 10 matchs
14:13:08 [INFO]   G/NG [14:20]: 10 matchs
14:13:10 [INFO]   G/NG [14:22]: 10 matchs
14:13:12 [INFO]   G/NG [14:24]: 10 matchs
14:13:15 [INFO]   G/NG [14:26]: 10 matchs
14:13:17 [INFO]   G/NG [14:28]: 10 matchs
14:13:19 [INFO]   G/NG [14:30]: 10 matchs
14:13:19 [INFO] G/NG: 90 cotes → data/cbet_odds.json
14:13:19 [INFO] === SCRAPE RÉSULTATS ===
14:13:23 [INFO]   0 clics 'Afficher plus'
14:13:23 [INFO]   0 groupes résultats
14:13:23 [INFO] Résultats: 0 → data/cbet_results.json
14:13:53 [INFO] === FIN 77.8s erreurs=aucune ===
14:57:31 [INFO] === DÉBUT CYCLE mode=all ===
14:57:33 [INFO] === SCRAPE 1X2 ===
14:57:39 [INFO] 10 rounds valides / 10 total
14:57:40 [INFO]   1X2 [00:10]: 10 matchs
14:57:40 [INFO]   1X2 [14:59]: 10 matchs
14:57:42 [INFO]   1X2 [15:01]: 10 matchs
14:57:43 [INFO]   1X2 [15:03]: 10 matchs
14:57:44 [INFO]   1X2 [15:05]: 10 matchs
14:57:46 [INFO]   1X2 [15:07]: 10 matchs
14:57:47 [INFO]   1X2 [15:09]: 10 matchs
14:57:49 [INFO]   1X2 [15:11]: 10 matchs
14:57:50 [INFO]   1X2 [15:13]: 10 matchs
14:57:51 [INFO]   1X2 [15:15]: 10 matchs
14:57:51 [INFO] 1X2: 10 rounds → data/congobet_1x2_rounds.json
14:57:51 [INFO] === SCRAPE G/NG ===
14:57:54 [INFO] 9 rounds valides / 10 total
14:57:56 [INFO]   G/NG [14:59]: 10 matchs
14:57:58 [INFO]   G/NG [15:01]: 10 matchs
14:58:01 [INFO]   G/NG [15:03]: 10 matchs
14:58:03 [INFO]   G/NG [15:05]: 10 matchs
14:58:05 [INFO]   G/NG [15:07]: 10 matchs
14:58:07 [INFO]   G/NG [15:09]: 10 matchs
14:58:10 [INFO]   G/NG [15:11]: 10 matchs
14:58:12 [INFO]   G/NG [15:13]: 10 matchs
14:58:14 [INFO]   G/NG [15:15]: 10 matchs
14:58:14 [INFO] G/NG: 90 cotes → data/cbet_odds.json
14:58:14 [INFO] === SCRAPE RÉSULTATS ===
14:58:18 [INFO]   0 clics 'Afficher plus'
14:58:18 [INFO]   0 groupes résultats
14:58:18 [INFO] Résultats: 0 → data/cbet_results.json
14:58:18 [INFO] === FIN 47.1s erreurs=aucune ===
15:00:48 [INFO] === DÉBUT CYCLE mode=all ===
15:00:49 [INFO] === SCRAPE 1X2 ===
15:00:55 [INFO] 10 rounds valides / 10 total
15:00:55 [INFO]   1X2 [00:57]: 10 matchs
15:00:57 [INFO]   1X2 [15:03]: 10 matchs
15:00:58 [INFO]   1X2 [15:05]: 10 matchs
15:00:59 [INFO]   1X2 [15:07]: 10 matchs
15:01:01 [INFO]   1X2 [15:09]: 10 matchs
15:01:02 [INFO]   1X2 [15:11]: 10 matchs
15:01:03 [INFO]   1X2 [15:13]: 10 matchs
15:01:05 [INFO]   1X2 [15:15]: 10 matchs
15:01:06 [INFO]   1X2 [15:17]: 10 matchs
15:01:08 [INFO]   1X2 [15:19]: 10 matchs
15:01:08 [INFO] 1X2: 10 rounds → data/congobet_1x2_rounds.json
15:01:08 [INFO] === SCRAPE G/NG ===
15:01:10 [INFO] 10 rounds valides / 10 total
15:01:12 [INFO]   G/NG [00:39]: 10 matchs
15:01:14 [INFO]   G/NG [15:03]: 10 matchs
15:01:17 [INFO]   G/NG [15:05]: 10 matchs
15:01:19 [INFO]   G/NG [15:07]: 10 matchs
15:01:21 [INFO]   G/NG [15:09]: 10 matchs
15:01:23 [INFO]   G/NG [15:11]: 10 matchs
15:01:26 [INFO]   G/NG [15:13]: 10 matchs
15:01:28 [INFO]   G/NG [15:15]: 10 matchs
15:01:30 [INFO]   G/NG [15:17]: 10 matchs
15:01:32 [INFO]   G/NG [15:19]: 10 matchs
15:01:32 [INFO] G/NG: 100 cotes → data/cbet_odds.json
15:01:32 [INFO] === SCRAPE RÉSULTATS ===
15:01:36 [INFO]   0 clics 'Afficher plus'
15:01:36 [INFO]   0 groupes résultats
15:01:36 [INFO] Résultats: 0 → data/cbet_results.json
15:02:07 [INFO] === FIN 78.1s erreurs=aucune ===
15:38:42 [INFO] === DÉBUT CYCLE mode=all ===
15:38:42 [INFO] === SCRAPE 1X2 ===
15:38:49 [WARNING] Impossible de sélectionner 1X2
15:38:49 [INFO] 9 rounds valides / 10 total
15:38:51 [INFO]   1X2 [15:39]: 10 matchs
15:38:52 [INFO]   1X2 [15:41]: 10 matchs
15:38:53 [INFO]   1X2 [15:43]: 10 matchs
15:38:55 [INFO]   1X2 [15:45]: 10 matchs
15:38:56 [INFO]   1X2 [15:47]: 10 matchs
15:38:58 [INFO]   1X2 [15:49]: 10 matchs
15:38:59 [INFO]   1X2 [15:51]: 10 matchs
15:39:00 [INFO]   1X2 [15:53]: 10 matchs
15:39:02 [INFO]   1X2 [15:55]: 10 matchs
15:39:02 [INFO] 1X2: 9 rounds → data/congobet_1x2_rounds.json
15:39:02 [INFO] === SCRAPE G/NG ===
15:39:04 [INFO] 10 rounds valides / 10 total
15:39:06 [INFO]   G/NG [00:45]: 10 matchs
15:39:09 [INFO]   G/NG [15:41]: 10 matchs
15:39:12 [INFO]   G/NG [15:43]: 10 matchs
15:39:14 [INFO]   G/NG [15:45]: 10 matchs
15:39:16 [INFO]   G/NG [15:47]: 10 matchs
15:39:18 [INFO]   G/NG [15:49]: 10 matchs
15:39:21 [INFO]   G/NG [15:51]: 10 matchs
15:39:23 [INFO]   G/NG [15:53]: 10 matchs
15:39:25 [INFO]   G/NG [15:55]: 10 matchs
15:39:27 [INFO]   G/NG [15:57]: 10 matchs
15:39:27 [INFO] G/NG: 100 cotes → data/cbet_odds.json
15:39:27 [INFO] === SCRAPE RÉSULTATS ===
15:39:31 [INFO]   0 clics 'Afficher plus'
15:39:31 [INFO]   0 groupes résultats
15:39:31 [INFO] Résultats: 0 → data/cbet_results.json
15:39:31 [INFO] === FIN 49.6s erreurs=aucune ===
15:42:01 [INFO] === DÉBUT CYCLE mode=all ===
15:42:02 [INFO] === SCRAPE 1X2 ===
15:42:09 [WARNING] Impossible de sélectionner 1X2
15:42:09 [INFO] 9 rounds valides / 10 total
15:42:10 [INFO]   1X2 [15:43]: 10 matchs
15:42:12 [INFO]   1X2 [15:45]: 10 matchs
15:42:13 [INFO]   1X2 [15:47]: 10 matchs
15:42:14 [INFO]   1X2 [15:49]: 10 matchs
15:42:16 [INFO]   1X2 [15:51]: 10 matchs
15:42:17 [INFO]   1X2 [15:53]: 10 matchs
15:42:18 [INFO]   1X2 [15:55]: 10 matchs
15:42:20 [INFO]   1X2 [15:57]: 10 matchs
15:42:21 [INFO]   1X2 [16:02]: 10 matchs
15:42:21 [INFO] 1X2: 9 rounds → data/congobet_1x2_rounds.json
15:42:21 [INFO] === SCRAPE G/NG ===
15:42:24 [INFO] 9 rounds valides / 10 total
15:42:26 [INFO]   G/NG [15:43]: 10 matchs
15:42:28 [INFO]   G/NG [15:45]: 10 matchs
15:42:31 [INFO]   G/NG [15:47]: 10 matchs
15:42:33 [INFO]   G/NG [15:49]: 10 matchs
15:42:35 [INFO]   G/NG [15:51]: 10 matchs
15:42:37 [INFO]   G/NG [15:53]: 10 matchs
15:42:40 [INFO]   G/NG [15:55]: 10 matchs
15:42:42 [INFO]   G/NG [15:57]: 10 matchs
15:42:45 [INFO]   G/NG [16:02]: 10 matchs
15:42:45 [INFO] G/NG: 90 cotes → data/cbet_odds.json
15:42:45 [INFO] === SCRAPE RÉSULTATS ===
15:42:49 [INFO]   0 clics 'Afficher plus'
15:42:49 [INFO]   0 groupes résultats
15:42:49 [INFO] Résultats: 0 → data/cbet_results.json
15:42:49 [INFO] === FIN 47.5s erreurs=aucune ===
16:07:50 [INFO] === DÉBUT CYCLE mode=all ===
16:07:51 [INFO] === SCRAPE 1X2 ===
16:08:00 [INFO] 10 rounds valides / 10 total
16:08:00 [INFO]   1X2 [00:50]: 10 matchs
16:08:02 [INFO]   1X2 [16:10]: 10 matchs
16:08:03 [INFO]   1X2 [16:12]: 10 matchs
16:08:04 [INFO]   1X2 [16:14]: 10 matchs
16:08:06 [INFO]   1X2 [16:16]: 10 matchs
16:08:07 [INFO]   1X2 [16:18]: 10 matchs
16:08:08 [INFO]   1X2 [16:20]: 10 matchs
16:08:10 [INFO]   1X2 [16:22]: 10 matchs
16:08:11 [INFO]   1X2 [16:24]: 10 matchs
16:08:12 [INFO]   1X2 [16:26]: 10 matchs
16:08:12 [INFO] 1X2: 10 rounds → data/congobet_1x2_rounds.json
16:08:12 [INFO] === SCRAPE G/NG ===
16:08:15 [INFO] 10 rounds valides / 10 total
16:08:17 [INFO]   G/NG [00:35]: 10 matchs
16:08:19 [INFO]   G/NG [16:10]: 10 matchs
16:08:21 [INFO]   G/NG [16:12]: 10 matchs
16:08:24 [INFO]   G/NG [16:14]: 10 matchs
16:08:26 [INFO]   G/NG [16:16]: 10 matchs
16:08:28 [INFO]   G/NG [16:18]: 10 matchs
16:08:30 [INFO]   G/NG [16:20]: 10 matchs
16:08:33 [INFO]   G/NG [16:22]: 10 matchs
16:08:35 [INFO]   G/NG [16:24]: 10 matchs
16:08:37 [INFO]   G/NG [16:26]: 10 matchs
16:08:37 [INFO] G/NG: 100 cotes → data/cbet_odds.json
16:08:37 [INFO] === SCRAPE RÉSULTATS ===
16:08:41 [INFO]   0 clics 'Afficher plus'
16:08:41 [INFO]   0 groupes résultats
16:08:41 [INFO] Résultats: 0 → data/cbet_results.json
16:08:41 [INFO] === FIN 50.9s erreurs=aucune ===
16:11:11 [INFO] === DÉBUT CYCLE mode=all ===
16:11:12 [INFO] === SCRAPE 1X2 ===
16:11:20 [WARNING] Impossible de sélectionner 1X2
16:11:20 [INFO] 9 rounds valides / 10 total
16:11:22 [INFO]   1X2 [16:12]: 10 matchs
16:11:23 [INFO]   1X2 [16:14]: 10 matchs
16:11:24 [INFO]   1X2 [16:16]: 10 matchs
16:11:26 [INFO]   1X2 [16:18]: 10 matchs
16:11:27 [INFO]   1X2 [16:20]: 10 matchs
16:11:29 [INFO]   1X2 [16:22]: 10 matchs
16:11:30 [INFO]   1X2 [16:24]: 10 matchs
16:11:31 [INFO]   1X2 [16:26]: 10 matchs
16:11:33 [INFO]   1X2 [16:28]: 10 matchs
16:11:33 [INFO] 1X2: 9 rounds → data/congobet_1x2_rounds.json
16:11:33 [INFO] === SCRAPE G/NG ===
16:11:35 [INFO] 9 rounds valides / 10 total
16:11:37 [INFO]   G/NG [16:12]: 10 matchs
16:11:40 [INFO]   G/NG [16:14]: 10 matchs
16:11:42 [INFO]   G/NG [16:16]: 10 matchs
16:11:44 [INFO]   G/NG [16:18]: 10 matchs
16:11:46 [INFO]   G/NG [16:20]: 10 matchs
16:11:49 [INFO]   G/NG [16:22]: 10 matchs
16:11:51 [INFO]   G/NG [16:24]: 10 matchs
16:11:53 [INFO]   G/NG [16:26]: 10 matchs
16:11:56 [INFO]   G/NG [16:28]: 10 matchs
16:11:56 [INFO] G/NG: 90 cotes → data/cbet_odds.json
16:11:56 [INFO] === SCRAPE RÉSULTATS ===
16:12:00 [INFO]   0 clics 'Afficher plus'
16:12:00 [INFO]   0 groupes résultats
16:12:00 [INFO] Résultats: 0 → data/cbet_results.json
16:12:31 [INFO] === FIN 79.2s erreurs=aucune ===
16:57:11 [INFO] === DÉBUT CYCLE mode=all ===
16:57:11 [INFO] === SCRAPE 1X2 ===
16:57:18 [WARNING] Impossible de sélectionner 1X2
16:57:18 [INFO] 9 rounds valides / 10 total
16:57:19 [INFO]   1X2 [16:58]: 10 matchs
16:57:20 [INFO]   1X2 [17:00]: 10 matchs
16:57:22 [INFO]   1X2 [17:02]: 10 matchs
16:57:23 [INFO]   1X2 [17:04]: 10 matchs
16:57:25 [INFO]   1X2 [17:06]: 10 matchs
16:57:26 [INFO]   1X2 [17:08]: 10 matchs
16:57:27 [INFO]   1X2 [17:10]: 10 matchs
16:57:29 [INFO]   1X2 [17:12]: 10 matchs
16:57:30 [INFO]   1X2 [17:14]: 10 matchs
16:57:30 [INFO] 1X2: 9 rounds → data/congobet_1x2_rounds.json
16:57:30 [INFO] === SCRAPE G/NG ===
16:57:33 [INFO] 9 rounds valides / 10 total
16:57:35 [INFO]   G/NG [16:58]: 10 matchs
16:57:37 [INFO]   G/NG [17:00]: 10 matchs
16:57:40 [INFO]   G/NG [17:02]: 10 matchs
16:57:42 [INFO]   G/NG [17:04]: 10 matchs
16:57:44 [INFO]   G/NG [17:06]: 10 matchs
16:57:46 [INFO]   G/NG [17:08]: 10 matchs
16:57:49 [INFO]   G/NG [17:10]: 10 matchs
16:57:51 [INFO]   G/NG [17:12]: 10 matchs
16:58:02 [INFO]   G/NG [17:14]: 10 matchs
16:58:02 [INFO] G/NG: 90 cotes → data/cbet_odds.json
16:58:02 [INFO] === SCRAPE RÉSULTATS ===
16:58:06 [INFO]   0 clics 'Afficher plus'
16:58:06 [INFO]   0 groupes résultats
16:58:06 [INFO] Résultats: 0 → data/cbet_results.json
16:58:36 [INFO] === FIN 85.3s erreurs=aucune ===
17:01:06 [INFO] === DÉBUT CYCLE mode=all ===
17:01:07 [INFO] === SCRAPE 1X2 ===
17:01:13 [WARNING] Impossible de sélectionner 1X2
17:01:13 [INFO] 9 rounds valides / 10 total
17:01:14 [INFO]   1X2 [17:02]: 10 matchs
17:01:15 [INFO]   1X2 [17:04]: 10 matchs
17:01:17 [INFO]   1X2 [17:06]: 10 matchs
17:01:18 [INFO]   1X2 [17:08]: 10 matchs
17:01:19 [INFO]   1X2 [17:10]: 10 matchs
17:01:21 [INFO]   1X2 [17:12]: 10 matchs
17:01:22 [INFO]   1X2 [17:14]: 10 matchs
17:01:23 [INFO]   1X2 [17:16]: 10 matchs
17:01:25 [INFO]   1X2 [17:21]: 10 matchs
17:01:25 [INFO] 1X2: 9 rounds → data/congobet_1x2_rounds.json
17:01:25 [INFO] === SCRAPE G/NG ===
17:01:27 [INFO] 9 rounds valides / 10 total
17:01:30 [INFO]   G/NG [17:02]: 10 matchs
17:01:32 [INFO]   G/NG [17:04]: 10 matchs
17:01:34 [INFO]   G/NG [17:06]: 10 matchs
17:01:37 [INFO]   G/NG [17:08]: 10 matchs
17:01:39 [INFO]   G/NG [17:10]: 10 matchs
17:01:41 [INFO]   G/NG [17:12]: 10 matchs
17:01:43 [INFO]   G/NG [17:14]: 10 matchs
17:01:46 [INFO]   G/NG [17:16]: 10 matchs
17:01:57 [INFO]   G/NG [17:21]: 10 matchs
17:01:57 [INFO] G/NG: 90 cotes → data/cbet_odds.json
17:01:57 [INFO] === SCRAPE RÉSULTATS ===
17:02:01 [INFO]   0 clics 'Afficher plus'
17:02:01 [INFO]   0 groupes résultats
17:02:01 [INFO] Résultats: 0 → data/cbet_results.json
17:02:31 [INFO] === FIN 85.2s erreurs=aucune ===
17:37:27 [INFO] === DÉBUT CYCLE mode=all ===
17:37:27 [INFO] === SCRAPE 1X2 ===
17:37:33 [INFO] 10 rounds valides / 10 total
17:37:34 [INFO]   1X2 [00:18]: 10 matchs
17:37:35 [INFO]   1X2 [17:39]: 10 matchs
17:37:36 [INFO]   1X2 [17:41]: 10 matchs
17:37:37 [INFO]   1X2 [17:43]: 10 matchs
17:37:39 [INFO]   1X2 [17:45]: 10 matchs
17:37:40 [INFO]   1X2 [17:47]: 10 matchs
17:37:41 [INFO]   1X2 [17:49]: 10 matchs
17:37:43 [INFO]   1X2 [17:51]: 10 matchs
17:37:44 [INFO]   1X2 [17:53]: 10 matchs
17:37:46 [INFO]   1X2 [17:55]: 10 matchs
17:37:46 [INFO] 1X2: 10 rounds → data/congobet_1x2_rounds.json
17:37:46 [INFO] === SCRAPE G/NG ===
17:37:48 [INFO] 10 rounds valides / 10 total
17:37:50 [INFO]   G/NG [00:01]: 10 matchs
17:37:52 [INFO]   G/NG [17:39]: 10 matchs
17:37:55 [INFO]   G/NG [17:41]: 10 matchs
17:37:57 [INFO]   G/NG [17:43]: 10 matchs
17:37:59 [INFO]   G/NG [17:45]: 10 matchs
17:38:02 [INFO]   G/NG [17:47]: 10 matchs
17:38:04 [INFO]   G/NG [17:49]: 10 matchs
17:38:06 [INFO]   G/NG [17:51]: 10 matchs
17:38:08 [INFO]   G/NG [17:53]: 10 matchs
17:38:11 [INFO]   G/NG [17:55]: 10 matchs
17:38:11 [INFO] G/NG: 100 cotes → data/cbet_odds.json
17:38:11 [INFO] === SCRAPE RÉSULTATS ===
17:38:14 [INFO]   0 clics 'Afficher plus'
17:38:14 [INFO]   0 groupes résultats
17:38:14 [INFO] Résultats: 0 → data/cbet_results.json
17:38:14 [INFO] === FIN 47.6s erreurs=aucune ===
17:40:45 [INFO] === DÉBUT CYCLE mode=all ===
17:40:45 [INFO] === SCRAPE 1X2 ===
17:40:51 [WARNING] Impossible de sélectionner 1X2
17:40:51 [INFO] 9 rounds valides / 10 total
17:40:53 [INFO]   1X2 [17:41]: 10 matchs
17:40:54 [INFO]   1X2 [17:43]: 10 matchs
17:40:55 [INFO]   1X2 [17:45]: 10 matchs
17:40:57 [INFO]   1X2 [17:47]: 10 matchs
17:40:58 [INFO]   1X2 [17:49]: 10 matchs
17:40:59 [INFO]   1X2 [17:51]: 10 matchs
17:41:01 [INFO]   1X2 [17:53]: 10 matchs
17:41:02 [INFO]   1X2 [17:55]: 10 matchs
17:41:04 [INFO]   1X2 [17:57]: 10 matchs
17:41:04 [INFO] 1X2: 9 rounds → data/congobet_1x2_rounds.json
17:41:04 [INFO] === SCRAPE G/NG ===
17:41:06 [INFO] 10 rounds valides / 10 total
17:41:09 [INFO]   G/NG [00:43]: 10 matchs
17:41:12 [INFO]   G/NG [17:43]: 10 matchs
17:41:14 [INFO]   G/NG [17:45]: 10 matchs
17:41:16 [INFO]   G/NG [17:47]: 10 matchs
17:41:18 [INFO]   G/NG [17:49]: 10 matchs
17:41:21 [INFO]   G/NG [17:51]: 10 matchs
17:41:23 [INFO]   G/NG [17:53]: 10 matchs
17:41:25 [INFO]   G/NG [17:55]: 10 matchs
17:41:27 [INFO]   G/NG [17:57]: 10 matchs
17:41:29 [INFO]   G/NG [17:59]: 10 matchs
17:41:29 [INFO] G/NG: 100 cotes → data/cbet_odds.json
17:41:29 [INFO] === SCRAPE RÉSULTATS ===
17:41:33 [INFO]   0 clics 'Afficher plus'
17:41:33 [INFO]   0 groupes résultats
17:41:33 [INFO] Résultats: 0 → data/cbet_results.json
17:41:33 [INFO] === FIN 48.7s erreurs=aucune ===
17:58:17 [INFO] === DÉBUT CYCLE mode=all ===
17:58:18 [INFO] === SCRAPE 1X2 ===
17:58:27 [WARNING] Impossible de sélectionner 1X2
17:58:27 [INFO] 9 rounds valides / 10 total
17:58:28 [INFO]   1X2 [17:59]: 10 matchs
17:58:30 [INFO]   1X2 [18:01]: 10 matchs
17:58:31 [INFO]   1X2 [18:03]: 10 matchs
17:58:32 [INFO]   1X2 [18:05]: 10 matchs
17:58:34 [INFO]   1X2 [18:07]: 10 matchs
17:58:35 [INFO]   1X2 [18:09]: 10 matchs
17:58:36 [INFO]   1X2 [18:11]: 10 matchs
17:58:38 [INFO]   1X2 [18:13]: 10 matchs
17:58:39 [INFO]   1X2 [18:15]: 10 matchs
17:58:39 [INFO] 1X2: 9 rounds → data/congobet_1x2_rounds.json
17:58:39 [INFO] === SCRAPE G/NG ===
17:58:42 [INFO] 10 rounds valides / 10 total
17:58:44 [INFO]   G/NG [01:08]: 10 matchs
17:58:46 [INFO]   G/NG [18:01]: 10 matchs
17:58:48 [INFO]   G/NG [18:03]: 10 matchs
17:58:51 [INFO]   G/NG [18:05]: 10 matchs
17:58:53 [INFO]   G/NG [18:07]: 10 matchs
17:58:55 [INFO]   G/NG [18:09]: 10 matchs
17:58:57 [INFO]   G/NG [18:11]: 10 matchs
17:59:00 [INFO]   G/NG [18:13]: 10 matchs
17:59:02 [INFO]   G/NG [18:15]: 10 matchs
17:59:10 [INFO]   G/NG [18:17]: 10 matchs
17:59:10 [INFO] G/NG: 100 cotes → data/cbet_odds.json
17:59:10 [INFO] === SCRAPE RÉSULTATS (version corrigée) ===
17:59:20 [INFO]   4 clics 'Afficher plus'
17:59:23 [INFO] Résultats: 190 → data/cbet_results.json
17:59:23 [INFO] === FIN 66.3s erreurs=aucune ===
18:01:53 [INFO] === DÉBUT CYCLE mode=all ===
18:01:54 [INFO] === SCRAPE 1X2 ===
18:02:02 [WARNING] Impossible de sélectionner 1X2
18:02:02 [INFO] 9 rounds valides / 10 total
18:02:03 [INFO]   1X2 [18:03]: 10 matchs
18:02:05 [INFO]   1X2 [18:05]: 10 matchs
18:02:06 [INFO]   1X2 [18:07]: 10 matchs
18:02:07 [INFO]   1X2 [18:09]: 10 matchs
18:02:09 [INFO]   1X2 [18:11]: 10 matchs
18:02:10 [INFO]   1X2 [18:13]: 10 matchs
18:02:11 [INFO]   1X2 [18:15]: 10 matchs
18:02:13 [INFO]   1X2 [18:17]: 10 matchs
18:02:14 [INFO]   1X2 [18:19]: 10 matchs
18:02:14 [INFO] 1X2: 9 rounds → data/congobet_1x2_rounds.json
18:02:14 [INFO] === SCRAPE G/NG ===
18:02:17 [INFO] 9 rounds valides / 10 total
18:02:19 [INFO]   G/NG [18:03]: 10 matchs
18:02:21 [INFO]   G/NG [18:05]: 10 matchs
18:02:23 [INFO]   G/NG [18:07]: 10 matchs
18:02:26 [INFO]   G/NG [18:09]: 10 matchs
18:02:28 [INFO]   G/NG [18:11]: 10 matchs
18:02:30 [INFO]   G/NG [18:13]: 10 matchs
18:02:33 [INFO]   G/NG [18:15]: 10 matchs
18:02:35 [INFO]   G/NG [18:17]: 10 matchs
18:02:37 [INFO]   G/NG [18:19]: 10 matchs
18:02:37 [INFO] G/NG: 90 cotes → data/cbet_odds.json
18:02:37 [INFO] === SCRAPE RÉSULTATS (version corrigée) ===
18:02:47 [INFO]   4 clics 'Afficher plus'
18:02:50 [INFO] Résultats: 200 → data/cbet_results.json
18:02:50 [INFO] === FIN 57.3s erreurs=aucune ===
18:06:49 [INFO] === DÉBUT CYCLE mode=all ===
18:06:49 [INFO] === SCRAPE 1X2 ===
18:06:56 [INFO] 10 rounds valides / 10 total
18:06:57 [INFO]   1X2 [00:53]: 10 matchs
18:06:58 [INFO]   1X2 [18:09]: 10 matchs
18:06:59 [INFO]   1X2 [18:11]: 10 matchs
18:07:01 [INFO]   1X2 [18:13]: 10 matchs
18:07:02 [INFO]   1X2 [18:15]: 10 matchs
18:07:03 [INFO]   1X2 [18:17]: 10 matchs
18:07:05 [INFO]   1X2 [18:19]: 10 matchs
18:07:06 [INFO]   1X2 [18:21]: 10 matchs
18:07:08 [INFO]   1X2 [18:23]: 10 matchs
18:07:09 [INFO]   1X2 [18:25]: 10 matchs
18:07:09 [INFO] 1X2: 10 rounds → data/congobet_1x2_rounds.json
18:07:09 [INFO] === SCRAPE G/NG ===
18:07:11 [INFO] 10 rounds valides / 10 total
18:07:14 [INFO]   G/NG [00:38]: 10 matchs
18:07:16 [INFO]   G/NG [18:09]: 10 matchs
18:07:18 [INFO]   G/NG [18:11]: 10 matchs
18:07:20 [INFO]   G/NG [18:13]: 10 matchs
18:07:22 [INFO]   G/NG [18:15]: 10 matchs
18:07:25 [INFO]   G/NG [18:17]: 10 matchs
18:07:27 [INFO]   G/NG [18:19]: 10 matchs
18:07:29 [INFO]   G/NG [18:21]: 10 matchs
18:07:31 [INFO]   G/NG [18:23]: 10 matchs
18:07:34 [INFO]   G/NG [18:25]: 10 matchs
18:07:34 [INFO] G/NG: 100 cotes → data/cbet_odds.json
18:07:34 [INFO] === SCRAPE RÉSULTATS (version corrigée) ===
18:07:44 [INFO]   5 clics 'Afficher plus'
18:07:49 [INFO] Résultats: 230 → data/cbet_results.json
18:07:49 [INFO] === FIN 60.2s erreurs=aucune ===
18:10:19 [INFO] === DÉBUT CYCLE mode=all ===
18:10:19 [INFO] === SCRAPE 1X2 ===
18:10:26 [WARNING] Impossible de sélectionner 1X2
18:10:26 [INFO] 9 rounds valides / 10 total
18:10:28 [INFO]   1X2 [18:11]: 10 matchs
18:10:29 [INFO]   1X2 [18:13]: 10 matchs
18:10:30 [INFO]   1X2 [18:15]: 10 matchs
18:10:32 [INFO]   1X2 [18:17]: 10 matchs
18:10:33 [INFO]   1X2 [18:19]: 10 matchs
18:10:35 [INFO]   1X2 [18:21]: 10 matchs
18:10:36 [INFO]   1X2 [18:23]: 10 matchs
18:10:37 [INFO]   1X2 [18:25]: 10 matchs
18:10:39 [INFO]   1X2 [18:27]: 10 matchs
18:10:39 [INFO] 1X2: 9 rounds → data/congobet_1x2_rounds.json
18:10:39 [INFO] === SCRAPE G/NG ===
18:10:41 [INFO] 10 rounds valides / 10 total
18:10:43 [INFO]   G/NG [01:08]: 10 matchs
18:10:46 [INFO]   G/NG [18:13]: 10 matchs
18:10:48 [INFO]   G/NG [18:15]: 10 matchs
18:10:50 [INFO]   G/NG [18:17]: 10 matchs
18:10:52 [INFO]   G/NG [18:19]: 10 matchs
18:10:55 [INFO]   G/NG [18:21]: 10 matchs
18:10:57 [INFO]   G/NG [18:23]: 10 matchs
18:10:59 [INFO]   G/NG [18:25]: 10 matchs
18:11:01 [INFO]   G/NG [18:27]: 10 matchs
18:11:10 [INFO]   G/NG [18:29]: 10 matchs
18:11:10 [INFO] G/NG: 100 cotes → data/cbet_odds.json
18:11:10 [INFO] === SCRAPE RÉSULTATS (version corrigée) ===
18:11:22 [INFO]   6 clics 'Afficher plus'
18:11:27 [INFO] Résultats: 250 → data/cbet_results.json
18:11:57 [INFO] === FIN 98.0s erreurs=aucune ===
13:30:59 [INFO] === DÉBUT CYCLE mode=1x2 ===
13:31:01 [INFO] === SCRAPE 1X2 ===
13:31:10 [WARNING] Impossible de sélectionner 1X2
13:31:10 [INFO] rounds ignorés (timer courant / hors séquence): ['13:32', '13:34', '13:36', '13:38', '13:40', '13:42', '13:44']
13:31:10 [INFO] 2 rounds retenus / 10 total (9 horodatés)
13:31:11 [INFO]   1X2 [13:49]: 10 matchs
13:31:12 [INFO]   1X2 [13:51]: 10 matchs
13:31:12 [INFO] 1X2: 2 rounds → data/congobet_1x2_rounds.json
13:31:12 [INFO] === FIN 13.6s erreurs=aucune ===
13:31:13 [INFO] === DÉBUT CYCLE mode=gng ===
13:31:13 [INFO] === SCRAPE G/NG ===
13:31:22 [WARNING] Impossible de sélectionner G/NG
13:31:52 [INFO] === FIN 39.1s erreurs=aucune ===
13:33:34 [INFO] === DÉBUT CYCLE mode=results ===
13:33:35 [INFO] === SCRAPE RÉSULTATS (version corrigée) ===
13:33:50 [INFO]   5 clics 'Afficher plus'
13:33:53 [INFO] Résultats: 240 → data/cbet_results.json
13:34:23 [INFO] === FIN 48.8s erreurs=aucune ===
14:07:38 [INFO] === DÉBUT CYCLE mode=1x2 ===
14:07:39 [INFO] === SCRAPE 1X2 ===
14:07:45 [INFO] rounds ignorés (timer courant / hors séquence): ['00:03']
14:07:45 [INFO] 9 rounds retenus / 10 total (10 horodatés)
14:07:47 [INFO]   1X2 [14:09]: 10 matchs
14:07:48 [INFO]   1X2 [14:11]: 10 matchs
14:07:48 [INFO]   1X2 [14:13]: 10 matchs
14:07:50 [INFO]   1X2 [14:15]: 10 matchs
14:07:51 [INFO]   1X2 [14:17]: 10 matchs
14:07:53 [INFO]   1X2 [14:19]: 10 matchs
14:07:54 [INFO]   1X2 [14:21]: 10 matchs
14:07:55 [INFO]   1X2 [14:23]: 10 matchs
14:07:57 [INFO]   1X2 [14:25]: 10 matchs
14:07:57 [INFO] 1X2: 9 rounds → data/congobet_1x2_rounds.json
14:08:27 [INFO] === FIN 48.5s erreurs=aucune ===
14:08:27 [INFO] === DÉBUT CYCLE mode=gng ===
14:08:28 [INFO] === SCRAPE G/NG ===
14:08:34 [WARNING] Impossible de sélectionner G/NG
14:09:04 [INFO] === FIN 36.8s erreurs=aucune ===
14:10:45 [INFO] === DÉBUT CYCLE mode=results ===
14:10:45 [INFO] === SCRAPE RÉSULTATS (version corrigée) ===
14:10:54 [INFO]   2 clics 'Afficher plus'
14:10:56 [INFO] Résultats: 100 → data/cbet_results.json
14:11:26 [INFO] === FIN 40.8s erreurs=aucune ===
15:41:30 [INFO] === DÉBUT CYCLE mode=1x2 ===
15:41:32 [INFO] === SCRAPE 1X2 ===
15:41:39 [WARNING] Impossible de sélectionner 1X2
15:41:39 [INFO] 9 rounds retenus / 10 total (9 horodatés)
15:41:40 [INFO]   1X2 [15:42]: 10 matchs
15:41:42 [INFO]   1X2 [15:44]: 10 matchs
15:41:43 [INFO]   1X2 [15:46]: 10 matchs
15:41:44 [INFO]   1X2 [15:48]: 10 matchs
15:41:46 [INFO]   1X2 [15:50]: 10 matchs
15:41:47 [INFO]   1X2 [15:52]: 10 matchs
15:41:48 [INFO]   1X2 [15:54]: 10 matchs
15:41:49 [INFO]   1X2 [15:56]: 10 matchs
15:41:51 [INFO]   1X2 [15:58]: 10 matchs
15:41:51 [INFO] 1X2: 9 rounds → data/congobet_1x2_rounds.json
15:42:22 [INFO] === FIN 50.6s erreurs=aucune ===
15:42:23 [INFO] === DÉBUT CYCLE mode=gng ===
15:42:24 [INFO] === SCRAPE G/NG ===
15:42:32 [INFO] rounds ignorés (timer courant / hors séquence): ['00:17']
15:42:32 [INFO] 9 rounds retenus / 10 total (10 horodatés)
15:42:36 [INFO]   G/NG [15:44]: 10 matchs
15:42:39 [INFO]   G/NG [15:46]: 10 matchs
15:42:42 [INFO]   G/NG [15:48]: 10 matchs
15:42:45 [INFO]   G/NG [15:50]: 10 matchs
15:42:48 [INFO]   G/NG [15:52]: 10 matchs
15:42:51 [INFO]   G/NG [15:54]: 10 matchs
15:42:54 [INFO]   G/NG [15:56]: 10 matchs
15:42:57 [INFO]   G/NG [15:58]: 10 matchs
15:43:00 [INFO]   G/NG [16:00]: 10 matchs
15:43:00 [INFO] G/NG: 90 cotes → data/cbet_odds.json
15:43:00 [INFO] === FIN 37.2s erreurs=aucune ===
15:44:41 [INFO] === DÉBUT CYCLE mode=results ===
15:44:42 [INFO] === SCRAPE RÉSULTATS (version corrigée) ===
15:44:53 [INFO]   4 clics 'Afficher plus'
15:44:56 [INFO] Résultats: 180 → data/cbet_results.json
15:44:56 [INFO] === FIN 14.8s erreurs=aucune ===
16:40:37 [INFO] === DÉBUT CYCLE mode=1x2 ===
16:40:38 [INFO] === SCRAPE 1X2 ===
16:40:45 [WARNING] Impossible de sélectionner 1X2
16:40:45 [INFO] 9 rounds retenus / 10 total (9 horodatés)
16:40:46 [INFO]   1X2 [16:41]: 10 matchs
16:40:47 [INFO]   1X2 [16:43]: 10 matchs
16:40:49 [INFO]   1X2 [16:45]: 10 matchs
16:40:50 [INFO]   1X2 [16:47]: 10 matchs
16:40:51 [INFO]   1X2 [16:49]: 10 matchs
16:40:53 [INFO]   1X2 [16:51]: 10 matchs
16:40:54 [INFO]   1X2 [16:53]: 10 matchs
16:40:56 [INFO]   1X2 [16:55]: 10 matchs
16:40:57 [INFO]   1X2 [16:57]: 10 matchs
16:40:57 [INFO] 1X2: 9 rounds → data/congobet_1x2_rounds.json
16:41:27 [INFO] === FIN 49.8s erreurs=aucune ===
16:41:27 [INFO] === DÉBUT CYCLE mode=gng ===
16:41:28 [INFO] === SCRAPE G/NG ===
16:41:36 [INFO] rounds ignorés (timer courant / hors séquence): ['00:13']
16:41:36 [INFO] 9 rounds retenus / 10 total (10 horodatés)
16:41:39 [INFO]   G/NG [16:43]: 10 matchs
16:41:43 [INFO]   G/NG [16:45]: 10 matchs
16:41:46 [INFO]   G/NG [16:47]: 10 matchs
16:41:49 [INFO]   G/NG [16:49]: 10 matchs
16:41:52 [INFO]   G/NG [16:51]: 10 matchs
16:41:55 [INFO]   G/NG [16:53]: 10 matchs
16:41:58 [INFO]   G/NG [16:55]: 10 matchs
16:42:01 [INFO]   G/NG [16:57]: 10 matchs
16:42:04 [INFO]   G/NG [16:59]: 10 matchs
16:42:04 [INFO] G/NG: 90 cotes → data/cbet_odds.json
16:42:34 [INFO] === FIN 66.9s erreurs=aucune ===
16:44:16 [INFO] === DÉBUT CYCLE mode=results ===
16:44:16 [INFO] === SCRAPE RÉSULTATS (version corrigée) ===
16:44:23 [INFO]   1 clics 'Afficher plus'
16:44:25 [INFO] Résultats: 80 → data/cbet_results.json
16:44:55 [INFO] === FIN 39.0s erreurs=aucune ===
17:41:50 [INFO] === DÉBUT CYCLE mode=1x2 ===
17:41:51 [INFO] === SCRAPE 1X2 ===
17:41:57 [WARNING] Impossible de sélectionner 1X2
17:41:57 [INFO] 9 rounds retenus / 10 total (9 horodatés)
17:41:58 [INFO]   1X2 [17:46]: 10 matchs
17:42:00 [INFO]   1X2 [17:48]: 10 matchs
17:42:01 [INFO]   1X2 [17:50]: 10 matchs
17:42:03 [INFO]   1X2 [17:52]: 10 matchs
17:42:04 [INFO]   1X2 [17:54]: 10 matchs
17:42:05 [INFO]   1X2 [17:56]: 10 matchs
17:42:07 [INFO]   1X2 [17:58]: 10 matchs
17:42:08 [INFO]   1X2 [18:00]: 10 matchs
17:42:10 [INFO]   1X2 [18:02]: 10 matchs
17:42:10 [INFO] 1X2: 9 rounds → data/congobet_1x2_rounds.json
17:42:40 [INFO] === FIN 49.5s erreurs=aucune ===
17:42:40 [INFO] === DÉBUT CYCLE mode=gng ===
17:42:40 [INFO] === SCRAPE G/NG ===
17:42:47 [WARNING] Impossible de sélectionner G/NG
17:42:47 [INFO] === FIN 6.8s erreurs=aucune ===
17:44:27 [INFO] === DÉBUT CYCLE mode=results ===
17:44:28 [INFO] === SCRAPE RÉSULTATS (version corrigée) ===
17:44:34 [INFO]   0 clics 'Afficher plus'
17:44:49 [WARNING] Aucun conteneur de résultat trouvé
17:44:49 [INFO] === FIN 21.4s erreurs=aucune ===
18:45:45 [INFO] === DÉBUT CYCLE mode=1x2 ===
18:45:46 [INFO] === SCRAPE 1X2 ===
18:45:54 [INFO] rounds ignorés (timer courant / hors séquence): ['00:55', '18:48', '18:50', '18:52', '18:54', '18:56', '18:58', '19:00']
18:45:54 [INFO] 2 rounds retenus / 10 total (10 horodatés)
18:45:55 [INFO]   1X2 [19:05]: 10 matchs
18:45:57 [INFO]   1X2 [19:07]: 10 matchs
18:45:57 [INFO] 1X2: 2 rounds → data/congobet_1x2_rounds.json
18:46:27 [INFO] === FIN 41.9s erreurs=aucune ===
18:46:27 [INFO] === DÉBUT CYCLE mode=gng ===
18:46:27 [INFO] === SCRAPE G/NG ===
18:46:38 [INFO] rounds ignorés (timer courant / hors séquence): ['00:11', '18:48', '18:50', '18:52', '18:54', '18:56', '18:58', '19:00']
18:46:38 [INFO] 2 rounds retenus / 10 total (10 horodatés)
18:46:41 [INFO]   G/NG [19:05]: 10 matchs
18:46:44 [INFO]   G/NG [19:07]: 10 matchs
18:46:44 [INFO] G/NG: 20 cotes → data/cbet_odds.json
18:47:14 [INFO] === FIN 47.3s erreurs=aucune ===
18:48:55 [INFO] === DÉBUT CYCLE mode=results ===
18:48:56 [INFO] === SCRAPE RÉSULTATS (version corrigée) ===
18:49:10 [INFO]   5 clics 'Afficher plus'
18:49:14 [INFO] Résultats: 240 → data/cbet_results.json
18:49:44 [INFO] === FIN 48.9s erreurs=aucune ===
19:53:20 [INFO] === DÉBUT CYCLE mode=1x2 ===
19:53:20 [INFO] === SCRAPE 1X2 ===
19:53:27 [INFO] rounds ignorés (timer courant / hors séquence): ['00:22']
19:53:27 [INFO] 9 rounds retenus / 10 total (10 horodatés)
19:53:28 [INFO]   1X2 [19:55]: 10 matchs
19:53:29 [INFO]   1X2 [19:57]: 10 matchs
19:53:30 [INFO]   1X2 [19:59]: 10 matchs
19:53:32 [INFO]   1X2 [20:01]: 10 matchs
19:53:33 [INFO]   1X2 [20:03]: 10 matchs
19:53:35 [INFO]   1X2 [20:05]: 10 matchs
19:53:36 [INFO]   1X2 [20:07]: 10 matchs
19:53:37 [INFO]   1X2 [20:09]: 10 matchs
19:53:39 [INFO]   1X2 [20:11]: 10 matchs
19:53:39 [INFO] 1X2: 9 rounds → data/congobet_1x2_rounds.json
19:54:09 [INFO] === FIN 48.9s erreurs=aucune ===
19:54:09 [INFO] === DÉBUT CYCLE mode=gng ===
19:54:10 [INFO] === SCRAPE G/NG ===
19:54:16 [WARNING] Impossible de sélectionner G/NG
19:54:16 [INFO] === FIN 6.9s erreurs=aucune ===
19:55:57 [INFO] === DÉBUT CYCLE mode=results ===
19:55:57 [INFO] === SCRAPE RÉSULTATS (version corrigée) ===
19:56:10 [INFO]   5 clics 'Afficher plus'
19:56:14 [INFO] Résultats: 240 → data/cbet_results.json
19:56:14 [INFO] === FIN 17.5s erreurs=aucune ===
20:40:20 [INFO] === DÉBUT CYCLE mode=1x2 ===
20:40:21 [INFO] === SCRAPE 1X2 ===
20:40:29 [INFO] rounds ignorés (timer courant / hors séquence): ['00:20']
20:40:29 [INFO] 9 rounds retenus / 10 total (10 horodatés)
20:40:31 [INFO]   1X2 [20:42]: 10 matchs
20:40:32 [INFO]   1X2 [20:44]: 10 matchs
20:40:33 [INFO]   1X2 [20:46]: 10 matchs
20:40:35 [INFO]   1X2 [20:48]: 10 matchs
20:40:36 [INFO]   1X2 [20:50]: 10 matchs
20:40:37 [INFO]   1X2 [20:52]: 10 matchs
20:40:39 [INFO]   1X2 [20:54]: 10 matchs
20:40:40 [INFO]   1X2 [20:56]: 10 matchs
20:40:42 [INFO]   1X2 [20:58]: 10 matchs
20:40:42 [INFO] 1X2: 9 rounds → data/congobet_1x2_rounds.json
20:41:12 [INFO] === FIN 51.6s erreurs=aucune ===
20:41:12 [INFO] === DÉBUT CYCLE mode=gng ===
20:41:13 [INFO] === SCRAPE G/NG ===
20:41:21 [WARNING] Impossible de sélectionner G/NG
20:41:21 [INFO] === FIN 9.0s erreurs=aucune ===
20:43:03 [INFO] === DÉBUT CYCLE mode=results ===
20:43:04 [INFO] === SCRAPE RÉSULTATS (version corrigée) ===
20:43:14 [INFO]   2 clics 'Afficher plus'
20:43:16 [INFO] Résultats: 90 → data/cbet_results.json
20:43:16 [INFO] === FIN 12.9s erreurs=aucune ===
21:30:17 [INFO] === DÉBUT CYCLE mode=1x2 ===
21:30:17 [INFO] === SCRAPE 1X2 ===
21:30:24 [INFO] rounds ignorés (timer courant / hors séquence): ['00:25', '21:32', '21:34', '21:36', '21:38']
21:30:24 [INFO] 5 rounds retenus / 10 total (10 horodatés)
21:30:26 [INFO]   1X2 [21:43]: 10 matchs
21:30:27 [INFO]   1X2 [21:45]: 10 matchs
21:30:29 [INFO]   1X2 [21:47]: 10 matchs
21:30:30 [INFO]   1X2 [21:49]: 10 matchs
21:30:31 [INFO]   1X2 [21:51]: 10 matchs
21:30:31 [INFO] 1X2: 5 rounds → data/congobet_1x2_rounds.json
21:31:02 [INFO] === FIN 44.7s erreurs=aucune ===
21:31:03 [INFO] === DÉBUT CYCLE mode=gng ===
21:31:03 [INFO] === SCRAPE G/NG ===
21:31:10 [WARNING] Impossible de sélectionner G/NG
21:31:10 [INFO] === FIN 7.4s erreurs=aucune ===
21:32:53 [INFO] === DÉBUT CYCLE mode=results ===
21:32:53 [INFO] === SCRAPE RÉSULTATS (version corrigée) ===
21:33:06 [INFO]   5 clics 'Afficher plus'
21:33:11 [INFO] Résultats: 240 → data/cbet_results.json
21:33:41 [INFO] === FIN 48.1s erreurs=aucune ===
22:11:54 [INFO] === DÉBUT CYCLE mode=1x2 ===
22:11:56 [INFO] === SCRAPE 1X2 ===
22:12:03 [WARNING] Impossible de sélectionner 1X2
22:12:03 [INFO] 9 rounds retenus / 10 total (9 horodatés)
22:12:04 [INFO]   1X2 [22:13]: 10 matchs
22:12:05 [INFO]   1X2 [22:15]: 10 matchs
22:12:06 [INFO]   1X2 [22:17]: 10 matchs
22:12:07 [INFO]   1X2 [22:19]: 10 matchs
22:12:08 [INFO]   1X2 [22:21]: 10 matchs
22:12:09 [INFO]   1X2 [22:23]: 10 matchs
22:12:11 [INFO]   1X2 [22:25]: 10 matchs
22:12:12 [INFO]   1X2 [22:27]: 10 matchs
22:12:13 [INFO]   1X2 [22:29]: 10 matchs
22:12:13 [INFO] 1X2: 9 rounds → data/congobet_1x2_rounds.json
22:12:13 [INFO] === FIN 19.8s erreurs=aucune ===
22:12:14 [INFO] === DÉBUT CYCLE mode=gng ===
22:12:14 [INFO] === SCRAPE G/NG ===
22:12:20 [WARNING] Impossible de sélectionner G/NG
22:12:50 [INFO] === FIN 36.6s erreurs=aucune ===
22:14:31 [INFO] === DÉBUT CYCLE mode=results ===
22:14:31 [INFO] === SCRAPE RÉSULTATS (version corrigée) ===
22:14:41 [INFO]   3 clics 'Afficher plus'
22:14:43 [INFO] Résultats: 150 → data/cbet_results.json
22:15:14 [INFO] === FIN 42.6s erreurs=aucune ===
22:59:39 [INFO] === DÉBUT CYCLE mode=1x2 ===
22:59:41 [INFO] === SCRAPE 1X2 ===
22:59:48 [INFO] rounds ignorés (timer courant / hors séquence): ['03:01']
22:59:48 [INFO] 9 rounds retenus / 10 total (10 horodatés)
22:59:49 [INFO]   1X2 [23:04]: 10 matchs
22:59:51 [INFO]   1X2 [23:06]: 10 matchs
22:59:52 [INFO]   1X2 [23:08]: 10 matchs
22:59:54 [INFO]   1X2 [23:10]: 10 matchs
22:59:55 [INFO]   1X2 [23:12]: 10 matchs
22:59:56 [INFO]   1X2 [23:14]: 10 matchs
22:59:58 [INFO]   1X2 [23:16]: 10 matchs
22:59:59 [INFO]   1X2 [23:18]: 10 matchs
23:00:01 [INFO]   1X2 [23:20]: 10 matchs
23:00:01 [INFO] 1X2: 9 rounds → data/congobet_1x2_rounds.json
23:00:31 [INFO] === FIN 51.2s erreurs=aucune ===
23:00:33 [INFO] === DÉBUT CYCLE mode=gng ===
23:00:34 [INFO] === SCRAPE G/NG ===
23:00:43 [INFO] rounds ignorés (timer courant / hors séquence): ['02:05']
23:00:43 [INFO] 9 rounds retenus / 10 total (10 horodatés)
23:00:46 [INFO]   G/NG [23:04]: 10 matchs
23:00:50 [INFO]   G/NG [23:06]: 10 matchs
23:00:53 [INFO]   G/NG [23:08]: 10 matchs
23:00:56 [INFO]   G/NG [23:10]: 10 matchs
23:00:59 [INFO]   G/NG [23:12]: 10 matchs
23:01:02 [INFO]   G/NG [23:14]: 10 matchs
23:01:05 [INFO]   G/NG [23:16]: 10 matchs
23:01:08 [INFO]   G/NG [23:18]: 10 matchs
23:01:11 [INFO]   G/NG [23:20]: 10 matchs
23:01:11 [INFO] G/NG: 90 cotes → data/cbet_odds.json
23:01:41 [INFO] === FIN 68.1s erreurs=aucune ===
23:03:27 [INFO] === DÉBUT CYCLE mode=results ===
23:03:27 [INFO] === SCRAPE RÉSULTATS (version corrigée) ===
23:03:34 [INFO]   0 clics 'Afficher plus'
23:03:49 [WARNING] Aucun conteneur de résultat trouvé
23:04:19 [INFO] === FIN 52.1s erreurs=aucune ===
23:42:17 [INFO] === DÉBUT CYCLE mode=1x2 ===
23:42:18 [INFO] === SCRAPE 1X2 ===
23:42:26 [INFO] rounds ignorés (timer courant / hors séquence): ['00:24']
23:42:26 [INFO] 9 rounds retenus / 10 total (10 horodatés)
23:42:27 [INFO]   1X2 [23:44]: 10 matchs
23:42:28 [INFO]   1X2 [23:46]: 10 matchs
23:42:30 [INFO]   1X2 [23:48]: 10 matchs
23:42:31 [INFO]   1X2 [23:50]: 10 matchs
23:42:32 [INFO]   1X2 [23:52]: 10 matchs
23:42:34 [INFO]   1X2 [23:54]: 10 matchs
23:42:35 [INFO]   1X2 [23:56]: 10 matchs
23:42:36 [INFO]   1X2 [23:58]: 10 matchs
23:42:38 [INFO]   1X2 [00:00]: 10 matchs
23:42:38 [INFO] 1X2: 9 rounds → data/congobet_1x2_rounds.json
23:43:08 [INFO] === FIN 51.2s erreurs=aucune ===
23:43:09 [INFO] === DÉBUT CYCLE mode=gng ===
23:43:10 [INFO] === SCRAPE G/NG ===
23:43:17 [WARNING] Impossible de sélectionner G/NG
23:43:47 [INFO] === FIN 38.1s erreurs=aucune ===
23:45:28 [INFO] === DÉBUT CYCLE mode=results ===
23:45:29 [INFO] === SCRAPE RÉSULTATS (version corrigée) ===
23:45:42 [INFO]   5 clics 'Afficher plus'
23:45:46 [INFO] Résultats: 210 → data/cbet_results.json
23:46:16 [INFO] === FIN 47.5s erreurs=aucune ===
01:06:19 [INFO] === DÉBUT CYCLE mode=1x2 ===
01:06:20 [INFO] === SCRAPE 1X2 ===
01:06:28 [WARNING] Impossible de sélectionner 1X2
01:06:28 [INFO] 9 rounds retenus / 10 total (9 horodatés)
01:06:29 [INFO]   1X2 [01:07]: 10 matchs
01:06:31 [INFO]   1X2 [01:09]: 10 matchs
01:06:32 [INFO]   1X2 [01:11]: 10 matchs
01:06:33 [INFO]   1X2 [01:13]: 10 matchs
01:06:35 [INFO]   1X2 [01:15]: 10 matchs
01:06:36 [INFO]   1X2 [01:17]: 10 matchs
01:06:38 [INFO]   1X2 [01:19]: 10 matchs
01:06:39 [INFO]   1X2 [01:21]: 10 matchs
01:06:40 [INFO]   1X2 [01:23]: 10 matchs
01:06:40 [INFO] 1X2: 9 rounds → data/congobet_1x2_rounds.json
01:06:40 [INFO] === FIN 21.4s erreurs=aucune ===
01:06:41 [INFO] === DÉBUT CYCLE mode=gng ===
01:06:41 [INFO] === SCRAPE G/NG ===
01:06:48 [WARNING] Impossible de sélectionner G/NG
01:07:18 [INFO] === FIN 37.6s erreurs=aucune ===
01:08:59 [INFO] === DÉBUT CYCLE mode=results ===
01:09:00 [INFO] === SCRAPE RÉSULTATS (version corrigée) ===
01:09:13 [INFO]   5 clics 'Afficher plus'
01:09:18 [INFO] Résultats: 240 → data/cbet_results.json
01:09:48 [INFO] === FIN 48.4s erreurs=aucune ===
01:23:55 [INFO] === DÉBUT CYCLE mode=1x2 ===
01:23:56 [INFO] === SCRAPE 1X2 ===
01:24:04 [WARNING] Impossible de sélectionner 1X2
01:24:04 [INFO] rounds ignorés (timer courant / hors séquence): ['01:25', '01:27', '01:29', '01:31', '01:33', '01:35']
01:24:04 [INFO] 3 rounds retenus / 10 total (9 horodatés)
01:24:05 [INFO]   1X2 [01:40]: 10 matchs
01:24:07 [INFO]   1X2 [01:42]: 10 matchs
01:24:08 [INFO]   1X2 [01:44]: 10 matchs
01:24:08 [INFO] 1X2: 3 rounds → data/congobet_1x2_rounds.json
01:24:08 [INFO] === FIN 13.2s erreurs=aucune ===
01:24:08 [INFO] === DÉBUT CYCLE mode=gng ===
01:24:09 [INFO] === SCRAPE G/NG ===
01:24:17 [WARNING] Impossible de sélectionner G/NG
01:24:17 [INFO] === FIN 8.5s erreurs=aucune ===
01:25:58 [INFO] === DÉBUT CYCLE mode=results ===
01:25:58 [INFO] === SCRAPE RÉSULTATS (version corrigée) ===
01:26:12 [INFO]   5 clics 'Afficher plus'
01:26:16 [INFO] Résultats: 240 → data/cbet_results.json
01:26:16 [INFO] === FIN 18.5s erreurs=aucune ===
04:15:11 [INFO] === DÉBUT CYCLE mode=1x2 ===
04:15:14 [INFO] === SCRAPE 1X2 ===
04:15:21 [INFO] rounds ignorés (timer courant / hors séquence): ['03:28']
04:15:21 [INFO] 9 rounds retenus / 10 total (10 horodatés)
04:15:22 [INFO]   1X2 [04:20]: 10 matchs
04:15:23 [INFO]   1X2 [04:22]: 10 matchs
04:15:25 [INFO]   1X2 [04:24]: 10 matchs
04:15:26 [INFO]   1X2 [04:26]: 10 matchs
04:15:27 [INFO]   1X2 [04:28]: 10 matchs
04:15:29 [INFO]   1X2 [04:30]: 10 matchs
04:15:30 [INFO]   1X2 [04:32]: 10 matchs
04:15:32 [INFO]   1X2 [04:34]: 10 matchs
04:15:33 [INFO]   1X2 [04:36]: 10 matchs
04:15:33 [INFO] 1X2: 9 rounds → data/congobet_1x2_rounds.json
04:15:33 [INFO] === FIN 22.2s erreurs=aucune ===
04:15:33 [INFO] === DÉBUT CYCLE mode=gng ===
04:15:34 [INFO] === SCRAPE G/NG ===
04:15:42 [INFO] rounds ignorés (timer courant / hors séquence): ['03:07']
04:15:42 [INFO] 9 rounds retenus / 10 total (10 horodatés)
04:15:45 [INFO]   G/NG [04:20]: 10 matchs
04:15:48 [INFO]   G/NG [04:22]: 10 matchs
04:15:51 [INFO]   G/NG [04:24]: 10 matchs
04:15:53 [INFO]   G/NG [04:26]: 10 matchs
04:15:56 [INFO]   G/NG [04:28]: 10 matchs
04:15:59 [INFO]   G/NG [04:30]: 10 matchs
04:16:02 [INFO]   G/NG [04:32]: 10 matchs
04:16:05 [INFO]   G/NG [04:34]: 10 matchs
04:16:08 [INFO]   G/NG [04:36]: 10 matchs
04:16:08 [INFO] G/NG: 90 cotes → data/cbet_odds.json
04:16:08 [INFO] === FIN 34.8s erreurs=aucune ===
04:17:49 [INFO] === DÉBUT CYCLE mode=results ===
04:17:49 [INFO] === SCRAPE RÉSULTATS (version corrigée) ===
04:17:55 [INFO]   0 clics 'Afficher plus'
04:18:10 [WARNING] Aucun conteneur de résultat trouvé
04:18:10 [INFO] === FIN 21.3s erreurs=aucune ===
06:13:08 [INFO] === DÉBUT CYCLE mode=1x2 ===
06:13:09 [INFO] === SCRAPE 1X2 ===
06:13:16 [INFO] rounds ignorés (timer courant / hors séquence): ['00:33']
06:13:16 [INFO] 9 rounds retenus / 10 total (10 horodatés)
06:13:18 [INFO]   1X2 [06:15]: 10 matchs
06:13:19 [INFO]   1X2 [06:17]: 10 matchs
06:13:21 [INFO]   1X2 [06:19]: 10 matchs
06:13:22 [INFO]   1X2 [06:21]: 10 matchs
06:13:23 [INFO]   1X2 [06:23]: 10 matchs
06:13:25 [INFO]   1X2 [06:25]: 10 matchs
06:13:26 [INFO]   1X2 [06:27]: 10 matchs
06:13:27 [INFO]   1X2 [06:29]: 10 matchs
06:13:29 [INFO]   1X2 [06:31]: 10 matchs
06:13:29 [INFO] 1X2: 9 rounds → data/congobet_1x2_rounds.json
06:13:29 [INFO] === FIN 21.2s erreurs=aucune ===
06:13:29 [INFO] === DÉBUT CYCLE mode=gng ===
06:13:29 [INFO] === SCRAPE G/NG ===
06:13:39 [INFO] rounds ignorés (timer courant / hors séquence): ['00:11']
06:13:39 [INFO] 9 rounds retenus / 10 total (10 horodatés)
06:13:42 [INFO]   G/NG [06:15]: 10 matchs
06:13:45 [INFO]   G/NG [06:17]: 10 matchs
06:13:48 [INFO]   G/NG [06:19]: 10 matchs
06:13:51 [INFO]   G/NG [06:21]: 10 matchs
06:13:54 [INFO]   G/NG [06:23]: 10 matchs
06:13:57 [INFO]   G/NG [06:25]: 10 matchs
06:14:00 [INFO]   G/NG [06:27]: 10 matchs
06:14:03 [INFO]   G/NG [06:29]: 10 matchs
06:14:06 [INFO]   G/NG [06:31]: 10 matchs
06:14:06 [INFO] G/NG: 90 cotes → data/cbet_odds.json
06:14:37 [INFO] === FIN 67.5s erreurs=aucune ===
06:16:18 [INFO] === DÉBUT CYCLE mode=results ===
06:16:18 [INFO] === SCRAPE RÉSULTATS (version corrigée) ===
06:16:30 [INFO]   4 clics 'Afficher plus'
06:16:33 [INFO] Résultats: 190 → data/cbet_results.json
06:16:33 [INFO] === FIN 15.6s erreurs=aucune ===
08:06:41 [INFO] === DÉBUT CYCLE mode=1x2 ===
08:06:41 [INFO] === SCRAPE 1X2 ===
08:06:50 [INFO] rounds ignorés (timer courant / hors séquence): ['00:00', '08:08', '08:10']
08:06:50 [INFO] 7 rounds retenus / 10 total (10 horodatés)
08:06:51 [INFO]   1X2 [08:15]: 10 matchs
08:06:53 [INFO]   1X2 [08:17]: 10 matchs
08:06:54 [INFO]   1X2 [08:19]: 10 matchs
08:06:56 [INFO]   1X2 [08:21]: 10 matchs
08:06:57 [INFO]   1X2 [08:23]: 10 matchs
08:06:58 [INFO]   1X2 [08:25]: 10 matchs
08:07:00 [INFO]   1X2 [08:27]: 10 matchs
08:07:00 [INFO] 1X2: 7 rounds → data/congobet_1x2_rounds.json
08:07:00 [INFO] === FIN 19.1s erreurs=aucune ===
08:07:00 [INFO] === DÉBUT CYCLE mode=gng ===
08:07:00 [INFO] === SCRAPE G/NG ===
08:07:09 [WARNING] Impossible de sélectionner G/NG
08:07:09 [INFO] === FIN 8.8s erreurs=aucune ===
08:08:50 [INFO] === DÉBUT CYCLE mode=results ===
08:08:51 [INFO] === SCRAPE RÉSULTATS (version corrigée) ===
08:09:05 [INFO]   5 clics 'Afficher plus'
08:09:10 [INFO] Résultats: 240 → data/cbet_results.json
08:09:40 [INFO] === FIN 49.8s erreurs=aucune ===
09:48:31 [INFO] === DÉBUT CYCLE mode=1x2 ===
09:48:32 [INFO] === SCRAPE 1X2 ===
09:48:39 [INFO] rounds ignorés (timer courant / hors séquence): ['00:10']
09:48:39 [INFO] 9 rounds retenus / 10 total (10 horodatés)
09:48:40 [INFO]   1X2 [09:50]: 10 matchs
09:48:42 [INFO]   1X2 [09:52]: 10 matchs
09:48:43 [INFO]   1X2 [09:54]: 10 matchs
09:48:45 [INFO]   1X2 [09:56]: 10 matchs
09:48:46 [INFO]   1X2 [09:58]: 10 matchs
09:48:47 [INFO]   1X2 [10:00]: 10 matchs
09:48:49 [INFO]   1X2 [10:02]: 10 matchs
09:48:50 [INFO]   1X2 [10:04]: 10 matchs
09:48:51 [INFO]   1X2 [10:06]: 10 matchs
09:48:51 [INFO] 1X2: 9 rounds → data/congobet_1x2_rounds.json
09:48:52 [INFO] === FIN 20.1s erreurs=aucune ===
09:48:52 [INFO] === DÉBUT CYCLE mode=gng ===
09:48:52 [INFO] === SCRAPE G/NG ===
09:48:59 [WARNING] Impossible de sélectionner G/NG
09:48:59 [INFO] === FIN 7.5s erreurs=aucune ===
09:50:40 [INFO] === DÉBUT CYCLE mode=results ===
09:50:41 [INFO] === SCRAPE RÉSULTATS (version corrigée) ===
09:50:48 [INFO]   1 clics 'Afficher plus'
09:50:50 [INFO] Résultats: 80 → data/cbet_results.json
09:50:50 [INFO] === FIN 9.7s erreurs=aucune ===
10:53:56 [INFO] === DÉBUT CYCLE mode=1x2 ===
10:53:58 [INFO] === SCRAPE 1X2 ===
10:54:07 [WARNING] Impossible de sélectionner 1X2
10:54:07 [INFO] 9 rounds retenus / 10 total (9 horodatés)
10:54:08 [INFO]   1X2 [10:55]: 10 matchs
10:54:10 [INFO]   1X2 [10:57]: 10 matchs
10:54:11 [INFO]   1X2 [10:59]: 10 matchs
10:54:12 [INFO]   1X2 [11:01]: 10 matchs
10:54:14 [INFO]   1X2 [11:03]: 10 matchs
10:54:15 [INFO]   1X2 [11:05]: 10 matchs
10:54:17 [INFO]   1X2 [11:07]: 10 matchs
10:54:18 [INFO]   1X2 [11:09]: 10 matchs
10:54:20 [INFO]   1X2 [11:11]: 10 matchs
10:54:20 [INFO] 1X2: 9 rounds → data/congobet_1x2_rounds.json
10:54:20 [INFO] === FIN 23.7s erreurs=aucune ===
10:54:20 [INFO] === DÉBUT CYCLE mode=gng ===
10:54:20 [INFO] === SCRAPE G/NG ===
10:54:29 [WARNING] Impossible de sélectionner G/NG
10:54:29 [INFO] === FIN 9.4s erreurs=aucune ===
10:56:10 [INFO] === DÉBUT CYCLE mode=results ===
10:56:11 [INFO] === SCRAPE RÉSULTATS (version corrigée) ===
10:56:19 [INFO]   0 clics 'Afficher plus'
10:56:20 [INFO] Résultats: 10 → data/cbet_results.json
10:56:20 [INFO] === FIN 9.3s erreurs=aucune ===
11:53:44 [INFO] === DÉBUT CYCLE mode=1x2 ===
11:53:44 [INFO] === SCRAPE 1X2 ===
11:53:52 [INFO] rounds ignorés (timer courant / hors séquence): ['11:55', '11:57', '11:59', '12:01', '12:03', '12:05', '12:07']
11:53:52 [INFO] 2 rounds retenus / 10 total (9 horodatés)
11:53:53 [INFO]   1X2 [12:12]: 10 matchs
11:53:54 [INFO]   1X2 [12:14]: 10 matchs
11:53:54 [INFO] 1X2: 2 rounds → data/congobet_1x2_rounds.json
11:54:25 [INFO] === FIN 40.7s erreurs=aucune ===
11:54:27 [INFO] === DÉBUT CYCLE mode=gng ===
11:54:27 [INFO] === SCRAPE G/NG ===
11:54:34 [WARNING] Impossible de sélectionner G/NG
11:55:05 [INFO] === FIN 37.9s erreurs=aucune ===
11:56:52 [INFO] === DÉBUT CYCLE mode=results ===
11:56:53 [INFO] === SCRAPE RÉSULTATS (version corrigée) ===
11:57:06 [INFO]   5 clics 'Afficher plus'
11:57:10 [INFO] Résultats: 240 → data/cbet_results.json
11:57:10 [INFO] === FIN 18.0s erreurs=aucune ===
13:02:26 [INFO] === DÉBUT CYCLE mode=1x2 ===
13:02:27 [INFO] === SCRAPE 1X2 ===
13:02:35 [INFO] rounds ignorés (timer courant / hors séquence): ['00:14']
13:02:35 [INFO] 9 rounds retenus / 10 total (10 horodatés)
13:02:37 [INFO]   1X2 [13:04]: 10 matchs
13:02:38 [INFO]   1X2 [13:06]: 10 matchs
13:02:39 [INFO]   1X2 [13:08]: 10 matchs
13:02:41 [INFO]   1X2 [13:10]: 10 matchs
13:02:42 [INFO]   1X2 [13:12]: 10 matchs
13:02:43 [INFO]   1X2 [13:14]: 10 matchs
13:02:45 [INFO]   1X2 [13:16]: 10 matchs
13:02:46 [INFO]   1X2 [13:18]: 10 matchs
13:02:48 [INFO]   1X2 [13:20]: 10 matchs
13:02:48 [INFO] 1X2: 9 rounds → data/congobet_1x2_rounds.json
13:02:48 [INFO] === FIN 21.7s erreurs=aucune ===
13:02:48 [INFO] === DÉBUT CYCLE mode=gng ===
13:02:48 [INFO] === SCRAPE G/NG ===
13:02:57 [WARNING] Impossible de sélectionner G/NG
13:03:27 [INFO] === FIN 39.1s erreurs=aucune ===
13:05:08 [INFO] === DÉBUT CYCLE mode=results ===
13:05:09 [INFO] === SCRAPE RÉSULTATS (version corrigée) ===
13:05:24 [INFO]   5 clics 'Afficher plus'
13:05:29 [INFO] Résultats: 240 → data/cbet_results.json
13:05:59 [INFO] === FIN 50.3s erreurs=aucune ===
14:53:24 [INFO] === DÉBUT CYCLE mode=1x2 ===
14:53:28 [INFO] === SCRAPE 1X2 ===
14:53:34 [WARNING] Impossible de sélectionner 1X2
14:53:34 [INFO] 9 rounds retenus / 10 total (9 horodatés)
14:53:36 [INFO]   1X2 [14:54]: 10 matchs
14:53:37 [INFO]   1X2 [14:56]: 10 matchs
14:53:38 [INFO]   1X2 [14:58]: 10 matchs
14:53:40 [INFO]   1X2 [15:00]: 10 matchs
14:53:41 [INFO]   1X2 [15:02]: 10 matchs
14:53:43 [INFO]   1X2 [15:04]: 10 matchs
14:53:44 [INFO]   1X2 [15:06]: 10 matchs
14:53:45 [INFO]   1X2 [15:08]: 10 matchs
14:53:47 [INFO]   1X2 [15:10]: 10 matchs
14:53:47 [INFO] 1X2: 9 rounds → data/congobet_1x2_rounds.json
14:53:47 [INFO] === FIN 22.9s erreurs=aucune ===
14:53:47 [INFO] === DÉBUT CYCLE mode=gng ===
14:53:47 [INFO] === SCRAPE G/NG ===
14:53:56 [INFO] rounds ignorés (timer courant / hors séquence): ['00:53']
14:53:56 [INFO] 9 rounds retenus / 10 total (10 horodatés)
14:53:59 [INFO]   G/NG [14:56]: 10 matchs
14:54:02 [INFO]   G/NG [14:58]: 10 matchs
14:54:05 [INFO]   G/NG [15:00]: 10 matchs
14:54:08 [INFO]   G/NG [15:02]: 10 matchs
14:54:11 [INFO]   G/NG [15:04]: 10 matchs
14:54:14 [INFO]   G/NG [15:06]: 10 matchs
14:54:17 [INFO]   G/NG [15:08]: 10 matchs
14:54:20 [INFO]   G/NG [15:10]: 10 matchs
14:54:23 [INFO]   G/NG [15:12]: 10 matchs
14:54:23 [INFO] G/NG: 90 cotes → data/cbet_odds.json
14:54:23 [INFO] === FIN 36.1s erreurs=aucune ===
14:56:05 [INFO] === DÉBUT CYCLE mode=results ===
14:56:05 [INFO] === SCRAPE RÉSULTATS (version corrigée) ===
14:56:11 [INFO]   0 clics 'Afficher plus'
14:56:12 [INFO] Résultats: 30 → data/cbet_results.json
14:56:12 [INFO] === FIN 7.1s erreurs=aucune ===
16:00:51 [INFO] === DÉBUT CYCLE mode=1x2 ===
16:00:52 [INFO] === SCRAPE 1X2 ===
16:00:59 [WARNING] Impossible de sélectionner 1X2
16:00:59 [INFO] rounds ignorés (timer courant / hors séquence): ['16:02', '16:04']
16:00:59 [INFO] 7 rounds retenus / 10 total (9 horodatés)
16:01:00 [INFO]   1X2 [16:09]: 10 matchs
16:01:02 [INFO]   1X2 [16:11]: 10 matchs
16:01:03 [INFO]   1X2 [16:13]: 10 matchs
16:01:04 [INFO]   1X2 [16:15]: 10 matchs
16:01:06 [INFO]   1X2 [16:17]: 10 matchs
16:01:07 [INFO]   1X2 [16:19]: 10 matchs
16:01:09 [INFO]   1X2 [16:21]: 10 matchs
16:01:09 [INFO] 1X2: 7 rounds → data/congobet_1x2_rounds.json
16:01:09 [INFO] === FIN 17.7s erreurs=aucune ===
16:01:09 [INFO] === DÉBUT CYCLE mode=gng ===
16:01:09 [INFO] === SCRAPE G/NG ===
16:01:16 [WARNING] Impossible de sélectionner G/NG
16:01:16 [INFO] === FIN 7.3s erreurs=aucune ===
16:02:57 [INFO] === DÉBUT CYCLE mode=results ===
16:02:58 [INFO] === SCRAPE RÉSULTATS (version corrigée) ===
16:03:11 [INFO]   5 clics 'Afficher plus'
16:03:15 [INFO] Résultats: 240 → data/cbet_results.json
16:03:15 [INFO] === FIN 18.2s erreurs=aucune ===
17:12:23 [INFO] === DÉBUT CYCLE mode=1x2 ===
17:12:24 [INFO] === SCRAPE 1X2 ===
17:12:31 [WARNING] Impossible de sélectionner 1X2
17:12:31 [INFO] rounds ignorés (timer courant / hors séquence): ['17:13', '17:15', '17:17', '17:19', '17:21', '17:23']
17:12:31 [INFO] 3 rounds retenus / 10 total (9 horodatés)
17:12:32 [INFO]   1X2 [17:28]: 10 matchs
17:12:34 [INFO]   1X2 [17:30]: 10 matchs
17:12:35 [INFO]   1X2 [17:32]: 10 matchs
17:12:35 [INFO] 1X2: 3 rounds → data/congobet_1x2_rounds.json
17:12:35 [INFO] === FIN 12.2s erreurs=aucune ===
17:12:35 [INFO] === DÉBUT CYCLE mode=gng ===
17:12:36 [INFO] === SCRAPE G/NG ===
17:12:43 [WARNING] Impossible de sélectionner G/NG
17:12:43 [INFO] === FIN 7.4s erreurs=aucune ===
17:14:24 [INFO] === DÉBUT CYCLE mode=results ===
17:14:24 [INFO] === SCRAPE RÉSULTATS (version corrigée) ===
17:14:38 [INFO]   5 clics 'Afficher plus'
17:14:42 [INFO] Résultats: 240 → data/cbet_results.json
17:15:13 [INFO] === FIN 48.4s erreurs=aucune ===
18:13:46 [INFO] === DÉBUT CYCLE mode=1x2 ===
18:13:48 [INFO] === SCRAPE 1X2 ===
18:13:54 [INFO] rounds ignorés (timer courant / hors séquence): ['00:54']
18:13:54 [INFO] 9 rounds retenus / 10 total (10 horodatés)
18:13:56 [INFO]   1X2 [18:16]: 10 matchs
18:13:57 [INFO]   1X2 [18:18]: 10 matchs
18:13:58 [INFO]   1X2 [18:20]: 10 matchs
18:14:00 [INFO]   1X2 [18:22]: 10 matchs
18:14:01 [INFO]   1X2 [18:24]: 10 matchs
18:14:02 [INFO]   1X2 [18:26]: 10 matchs
18:14:04 [INFO]   1X2 [18:28]: 10 matchs
18:14:05 [INFO]   1X2 [18:30]: 10 matchs
18:14:06 [INFO]   1X2 [18:32]: 10 matchs
18:14:06 [INFO] 1X2: 9 rounds → data/congobet_1x2_rounds.json
18:14:06 [INFO] === FIN 20.6s erreurs=aucune ===
18:14:07 [INFO] === DÉBUT CYCLE mode=gng ===
18:14:07 [INFO] === SCRAPE G/NG ===
18:14:15 [INFO] rounds ignorés (timer courant / hors séquence): ['00:34']
18:14:15 [INFO] 9 rounds retenus / 10 total (10 horodatés)
18:14:18 [INFO]   G/NG [18:16]: 10 matchs
18:14:21 [INFO]   G/NG [18:18]: 10 matchs
18:14:24 [INFO]   G/NG [18:20]: 10 matchs
18:14:27 [INFO]   G/NG [18:22]: 10 matchs
18:14:30 [INFO]   G/NG [18:24]: 10 matchs
18:14:33 [INFO]   G/NG [18:26]: 10 matchs
18:14:36 [INFO]   G/NG [18:28]: 10 matchs
18:14:39 [INFO]   G/NG [18:30]: 10 matchs
18:14:42 [INFO]   G/NG [18:32]: 10 matchs
18:14:42 [INFO] G/NG: 90 cotes → data/cbet_odds.json
18:14:42 [INFO] === FIN 35.9s erreurs=aucune ===
18:16:24 [INFO] === DÉBUT CYCLE mode=results ===
18:16:24 [INFO] === SCRAPE RÉSULTATS (version corrigée) ===
18:16:36 [INFO]   5 clics 'Afficher plus'
18:16:42 [INFO] Résultats: 240 → data/cbet_results.json
18:16:43 [INFO] === FIN 19.0s erreurs=aucune ===
19:40:25 [INFO] === DÉBUT CYCLE mode=1x2 ===
19:40:26 [INFO] === SCRAPE 1X2 ===
19:40:32 [WARNING] Impossible de sélectionner 1X2
19:40:32 [INFO] 9 rounds retenus / 10 total (9 horodatés)
19:40:33 [INFO]   1X2 [19:41]: 10 matchs
19:40:34 [INFO]   1X2 [19:43]: 10 matchs
19:40:36 [INFO]   1X2 [19:45]: 10 matchs
19:40:37 [INFO]   1X2 [19:47]: 10 matchs
19:40:39 [INFO]   1X2 [19:49]: 10 matchs
19:40:40 [INFO]   1X2 [19:51]: 10 matchs
19:40:42 [INFO]   1X2 [19:53]: 10 matchs
19:40:43 [INFO]   1X2 [19:55]: 10 matchs
19:40:44 [INFO]   1X2 [19:57]: 10 matchs
19:40:44 [INFO] 1X2: 9 rounds → data/congobet_1x2_rounds.json
19:41:15 [INFO] === FIN 49.6s erreurs=aucune ===
19:41:15 [INFO] === DÉBUT CYCLE mode=gng ===
19:41:17 [INFO] === SCRAPE G/NG ===
19:41:26 [INFO] rounds ignorés (timer courant / hors séquence): ['00:23']
19:41:26 [INFO] 9 rounds retenus / 10 total (10 horodatés)
19:41:29 [INFO]   G/NG [19:43]: 10 matchs
19:41:32 [INFO]   G/NG [19:45]: 10 matchs
19:41:35 [INFO]   G/NG [19:47]: 10 matchs
19:41:39 [INFO]   G/NG [19:49]: 10 matchs
19:41:42 [INFO]   G/NG [19:51]: 10 matchs
19:41:44 [INFO]   G/NG [19:53]: 10 matchs
19:41:47 [INFO]   G/NG [19:55]: 10 matchs
19:41:50 [INFO]   G/NG [19:57]: 10 matchs
19:41:53 [INFO]   G/NG [19:59]: 10 matchs
19:41:53 [INFO] G/NG: 90 cotes → data/cbet_odds.json
19:41:53 [INFO] === FIN 37.6s erreurs=aucune ===
19:43:34 [INFO] === DÉBUT CYCLE mode=results ===
19:43:35 [INFO] === SCRAPE RÉSULTATS (version corrigée) ===
19:43:47 [INFO]   5 clics 'Afficher plus'
19:43:52 [INFO] Résultats: 240 → data/cbet_results.json
19:44:22 [INFO] === FIN 47.7s erreurs=aucune ===
20:40:09 [INFO] === DÉBUT CYCLE mode=1x2 ===
20:40:09 [INFO] === SCRAPE 1X2 ===
20:40:16 [INFO] rounds ignorés (timer courant / hors séquence): ['00:33']
20:40:16 [INFO] 9 rounds retenus / 10 total (10 horodatés)
20:40:17 [INFO]   1X2 [20:42]: 10 matchs
20:40:18 [INFO]   1X2 [20:44]: 10 matchs
20:40:19 [INFO]   1X2 [20:46]: 10 matchs
20:40:21 [INFO]   1X2 [20:48]: 10 matchs
20:40:22 [INFO]   1X2 [20:50]: 10 matchs
20:40:24 [INFO]   1X2 [20:52]: 10 matchs
20:40:25 [INFO]   1X2 [20:54]: 10 matchs
20:40:26 [INFO]   1X2 [20:56]: 10 matchs
20:40:28 [INFO]   1X2 [20:58]: 10 matchs
20:40:28 [INFO] 1X2: 9 rounds → data/congobet_1x2_rounds.json
20:40:28 [INFO] === FIN 18.9s erreurs=aucune ===
20:40:28 [INFO] === DÉBUT CYCLE mode=gng ===
20:40:28 [INFO] === SCRAPE G/NG ===
20:40:37 [INFO] rounds ignorés (timer courant / hors séquence): ['00:12']
20:40:37 [INFO] 9 rounds retenus / 10 total (10 horodatés)
20:40:40 [INFO]   G/NG [20:42]: 10 matchs
20:40:43 [INFO]   G/NG [20:44]: 10 matchs
20:40:45 [INFO]   G/NG [20:46]: 10 matchs
20:40:49 [INFO]   G/NG [20:48]: 10 matchs
20:40:52 [INFO]   G/NG [20:50]: 10 matchs
20:40:55 [INFO]   G/NG [20:52]: 10 matchs
20:40:58 [INFO]   G/NG [20:54]: 10 matchs
20:41:01 [INFO]   G/NG [20:56]: 10 matchs
20:41:04 [INFO]   G/NG [20:58]: 10 matchs
20:41:04 [INFO] G/NG: 90 cotes → data/cbet_odds.json
20:41:35 [INFO] === FIN 66.1s erreurs=aucune ===
20:43:20 [INFO] === DÉBUT CYCLE mode=results ===
20:43:21 [INFO] === SCRAPE RÉSULTATS (version corrigée) ===
20:43:32 [INFO]   4 clics 'Afficher plus'
20:43:35 [INFO] Résultats: 180 → data/cbet_results.json
20:43:35 [INFO] === FIN 14.7s erreurs=aucune ===
21:31:41 [INFO] === DÉBUT CYCLE mode=1x2 ===
21:31:42 [INFO] === SCRAPE 1X2 ===
21:31:49 [INFO] rounds ignorés (timer courant / hors séquence): ['00:00']
21:31:49 [INFO] 9 rounds retenus / 10 total (10 horodatés)
21:31:51 [INFO]   1X2 [21:33]: 10 matchs
21:31:52 [INFO]   1X2 [21:35]: 10 matchs
21:31:53 [INFO]   1X2 [21:37]: 10 matchs
21:31:55 [INFO]   1X2 [21:39]: 10 matchs
21:31:56 [INFO]   1X2 [21:41]: 10 matchs
21:31:58 [INFO]   1X2 [21:43]: 10 matchs
21:31:59 [INFO]   1X2 [21:45]: 10 matchs
21:32:00 [INFO]   1X2 [21:47]: 10 matchs
21:32:02 [INFO]   1X2 [21:49]: 10 matchs
21:32:02 [INFO] 1X2: 9 rounds → data/congobet_1x2_rounds.json
21:32:02 [INFO] === FIN 20.5s erreurs=aucune ===
21:32:02 [INFO] === DÉBUT CYCLE mode=gng ===
21:32:03 [INFO] === SCRAPE G/NG ===
21:32:09 [WARNING] Impossible de sélectionner G/NG
21:32:10 [INFO] === FIN 7.4s erreurs=aucune ===
21:33:51 [INFO] === DÉBUT CYCLE mode=results ===
21:33:51 [INFO] === SCRAPE RÉSULTATS (version corrigée) ===
21:33:58 [INFO]   0 clics 'Afficher plus'
21:33:58 [INFO] Résultats: 40 → data/cbet_results.json
21:33:58 [INFO] === FIN 7.7s erreurs=aucune ===
22:25:47 [INFO] === DÉBUT CYCLE mode=1x2 ===
22:25:48 [INFO] === SCRAPE 1X2 ===
22:25:56 [WARNING] Impossible de sélectionner 1X2
22:25:56 [INFO] rounds ignorés (timer courant / hors séquence): ['22:27', '22:29', '22:31', '22:33', '22:35', '22:37', '22:39']
22:25:56 [INFO] 2 rounds retenus / 10 total (9 horodatés)
22:25:57 [INFO]   1X2 [22:44]: 10 matchs
22:25:59 [INFO]   1X2 [22:46]: 10 matchs
22:25:59 [INFO] 1X2: 2 rounds → data/congobet_1x2_rounds.json
22:25:59 [INFO] === FIN 11.8s erreurs=aucune ===
22:25:59 [INFO] === DÉBUT CYCLE mode=gng ===
22:25:59 [INFO] === SCRAPE G/NG ===
22:26:06 [WARNING] Impossible de sélectionner G/NG
22:26:36 [INFO] === FIN 37.5s erreurs=aucune ===
22:28:18 [INFO] === DÉBUT CYCLE mode=results ===
22:28:18 [INFO] === SCRAPE RÉSULTATS (version corrigée) ===
22:28:31 [INFO]   5 clics 'Afficher plus'
22:28:36 [INFO] Résultats: 240 → data/cbet_results.json
22:28:36 [INFO] === FIN 18.2s erreurs=aucune ===
23:13:29 [INFO] === DÉBUT CYCLE mode=1x2 ===
23:13:29 [INFO] === SCRAPE 1X2 ===
23:13:37 [WARNING] Impossible de sélectionner 1X2
23:13:37 [INFO] 9 rounds retenus / 10 total (9 horodatés)
23:13:38 [INFO]   1X2 [23:14]: 10 matchs
23:13:40 [INFO]   1X2 [23:16]: 10 matchs
23:13:41 [INFO]   1X2 [23:18]: 10 matchs
23:13:42 [INFO]   1X2 [23:20]: 10 matchs
23:13:44 [INFO]   1X2 [23:22]: 10 matchs
23:13:45 [INFO]   1X2 [23:24]: 10 matchs
23:13:46 [INFO]   1X2 [23:26]: 10 matchs
23:13:48 [INFO]   1X2 [23:28]: 10 matchs
23:13:49 [INFO]   1X2 [23:30]: 10 matchs
23:13:49 [INFO] 1X2: 9 rounds → data/congobet_1x2_rounds.json
23:14:19 [INFO] === FIN 50.4s erreurs=aucune ===
23:14:19 [INFO] === DÉBUT CYCLE mode=gng ===
23:14:20 [INFO] === SCRAPE G/NG ===
23:14:29 [INFO] rounds ignorés (timer courant / hors séquence): ['00:19']
23:14:29 [INFO] 9 rounds retenus / 10 total (10 horodatés)
23:14:32 [INFO]   G/NG [23:16]: 10 matchs
23:14:35 [INFO]   G/NG [23:18]: 10 matchs
23:14:38 [INFO]   G/NG [23:20]: 10 matchs
23:14:41 [INFO]   G/NG [23:22]: 10 matchs
23:14:45 [INFO]   G/NG [23:24]: 10 matchs
23:14:48 [INFO]   G/NG [23:26]: 10 matchs
23:14:51 [INFO]   G/NG [23:28]: 10 matchs
23:14:54 [INFO]   G/NG [23:30]: 10 matchs
23:14:57 [INFO]   G/NG [23:32]: 10 matchs
23:14:57 [INFO] G/NG: 90 cotes → data/cbet_odds.json
23:14:57 [INFO] === FIN 37.5s erreurs=aucune ===
23:16:38 [INFO] === DÉBUT CYCLE mode=results ===
23:16:39 [INFO] === SCRAPE RÉSULTATS (version corrigée) ===
23:16:49 [INFO]   3 clics 'Afficher plus'
23:16:52 [INFO] Résultats: 160 → data/cbet_results.json
23:17:22 [INFO] === FIN 43.8s erreurs=aucune ===
00:04:15 [INFO] === DÉBUT CYCLE mode=1x2 ===
00:04:17 [INFO] === SCRAPE 1X2 ===
00:04:25 [WARNING] Impossible de sélectionner 1X2
00:04:25 [INFO] 9 rounds retenus / 10 total (9 horodatés)
00:04:27 [INFO]   1X2 [00:05]: 10 matchs
00:04:28 [INFO]   1X2 [00:07]: 10 matchs
00:04:30 [INFO]   1X2 [00:09]: 10 matchs
00:04:31 [INFO]   1X2 [00:11]: 10 matchs
00:04:32 [INFO]   1X2 [00:13]: 10 matchs
00:04:34 [INFO]   1X2 [00:15]: 10 matchs
00:04:35 [INFO]   1X2 [00:17]: 10 matchs
00:04:36 [INFO]   1X2 [00:19]: 10 matchs
00:04:38 [INFO]   1X2 [00:21]: 10 matchs
00:04:38 [INFO] 1X2: 9 rounds → data/congobet_1x2_rounds.json
00:04:38 [INFO] === FIN 22.7s erreurs=aucune ===
00:04:38 [INFO] === DÉBUT CYCLE mode=gng ===
00:04:39 [INFO] === SCRAPE G/NG ===
00:04:47 [WARNING] Impossible de sélectionner G/NG
00:05:18 [INFO] === FIN 39.3s erreurs=aucune ===
00:06:59 [INFO] === DÉBUT CYCLE mode=results ===
00:07:00 [INFO] === SCRAPE RÉSULTATS (version corrigée) ===
00:07:08 [INFO]   0 clics 'Afficher plus'
00:07:08 [INFO] Résultats: 20 → data/cbet_results.json
00:07:39 [INFO] === FIN 39.3s erreurs=aucune ===
03:41:09 [INFO] === DÉBUT CYCLE mode=1x2 ===
03:41:11 [INFO] === SCRAPE 1X2 ===
03:41:20 [INFO] rounds ignorés (timer courant / hors séquence): ['00:30', '03:43', '03:45', '03:47', '03:49', '03:51', '03:53', '03:55']
03:41:20 [INFO] 2 rounds retenus / 10 total (10 horodatés)
03:41:21 [INFO]   1X2 [04:00]: 10 matchs
03:41:23 [INFO]   1X2 [04:02]: 10 matchs
03:41:23 [INFO] 1X2: 2 rounds → data/congobet_1x2_rounds.json
03:41:23 [INFO] === FIN 13.7s erreurs=aucune ===
03:41:23 [INFO] === DÉBUT CYCLE mode=gng ===
03:41:23 [INFO] === SCRAPE G/NG ===
03:41:34 [INFO] rounds ignorés (timer courant / hors séquence): ['00:15', '03:43', '03:45', '03:47', '03:49', '03:51', '03:53', '03:55']
03:41:34 [INFO] 2 rounds retenus / 10 total (10 horodatés)
03:41:37 [INFO]   G/NG [04:00]: 10 matchs
03:41:40 [INFO]   G/NG [04:02]: 10 matchs
03:41:40 [INFO] G/NG: 20 cotes → data/cbet_odds.json
03:42:10 [INFO] === FIN 47.4s erreurs=aucune ===
03:43:52 [INFO] === DÉBUT CYCLE mode=results ===
03:43:52 [INFO] === SCRAPE RÉSULTATS (version corrigée) ===
03:44:07 [INFO]   5 clics 'Afficher plus'
03:44:12 [INFO] Résultats: 240 → data/cbet_results.json
03:44:43 [INFO] === FIN 50.1s erreurs=aucune ===
05:54:11 [INFO] === DÉBUT CYCLE mode=1x2 ===
05:54:13 [INFO] === SCRAPE 1X2 ===
05:54:20 [WARNING] Impossible de sélectionner 1X2
05:54:20 [INFO] 9 rounds retenus / 10 total (9 horodatés)
05:54:21 [INFO]   1X2 [05:55]: 10 matchs
05:54:23 [INFO]   1X2 [05:57]: 10 matchs
05:54:24 [INFO]   1X2 [05:59]: 10 matchs
05:54:25 [INFO]   1X2 [06:01]: 10 matchs
05:54:27 [INFO]   1X2 [06:03]: 10 matchs
05:54:28 [INFO]   1X2 [06:05]: 10 matchs
05:54:30 [INFO]   1X2 [06:07]: 10 matchs
05:54:31 [INFO]   1X2 [06:09]: 10 matchs
05:54:32 [INFO]   1X2 [06:11]: 10 matchs
05:54:32 [INFO] 1X2: 9 rounds → data/congobet_1x2_rounds.json
05:55:02 [INFO] === FIN 51.5s erreurs=aucune ===
05:55:03 [INFO] === DÉBUT CYCLE mode=gng ===
05:55:03 [INFO] === SCRAPE G/NG ===
05:55:11 [INFO] rounds ignorés (timer courant / hors séquence): ['00:38']
05:55:11 [INFO] 9 rounds retenus / 10 total (10 horodatés)
05:55:14 [INFO]   G/NG [05:57]: 10 matchs
05:55:17 [INFO]   G/NG [05:59]: 10 matchs
05:55:20 [INFO]   G/NG [06:01]: 10 matchs
05:55:22 [INFO]   G/NG [06:03]: 10 matchs
05:55:25 [INFO]   G/NG [06:05]: 10 matchs
05:55:28 [INFO]   G/NG [06:07]: 10 matchs
05:55:31 [INFO]   G/NG [06:09]: 10 matchs
05:55:34 [INFO]   G/NG [06:11]: 10 matchs
05:55:37 [INFO]   G/NG [06:13]: 10 matchs
05:55:37 [INFO] G/NG: 90 cotes → data/cbet_odds.json
05:55:37 [INFO] === FIN 34.4s erreurs=aucune ===
05:57:18 [INFO] === DÉBUT CYCLE mode=results ===
05:57:19 [INFO] === SCRAPE RÉSULTATS (version corrigée) ===
05:57:30 [INFO]   4 clics 'Afficher plus'
05:57:33 [INFO] Résultats: 190 → data/cbet_results.json
05:58:04 [INFO] === FIN 45.2s erreurs=aucune ===
07:25:00 [INFO] === DÉBUT CYCLE mode=1x2 ===
07:25:00 [INFO] === SCRAPE 1X2 ===
07:25:07 [WARNING] Impossible de sélectionner 1X2
07:25:07 [INFO] 9 rounds retenus / 10 total (9 horodatés)
07:25:09 [INFO]   1X2 [07:26]: 10 matchs
07:25:10 [INFO]   1X2 [07:28]: 10 matchs
07:25:12 [INFO]   1X2 [07:30]: 10 matchs
07:25:13 [INFO]   1X2 [07:32]: 10 matchs
07:25:15 [INFO]   1X2 [07:34]: 10 matchs
07:25:16 [INFO]   1X2 [07:36]: 10 matchs
07:25:17 [INFO]   1X2 [07:38]: 10 matchs
07:25:19 [INFO]   1X2 [07:40]: 10 matchs
07:25:20 [INFO]   1X2 [07:42]: 10 matchs
07:25:20 [INFO] 1X2: 9 rounds → data/congobet_1x2_rounds.json
07:25:50 [INFO] === FIN 50.8s erreurs=aucune ===
07:25:50 [INFO] === DÉBUT CYCLE mode=gng ===
07:25:51 [INFO] === SCRAPE G/NG ===
07:26:00 [INFO] rounds ignorés (timer courant / hors séquence): ['00:48']
07:26:00 [INFO] 9 rounds retenus / 10 total (10 horodatés)
07:26:03 [INFO]   G/NG [07:28]: 10 matchs
07:26:06 [INFO]   G/NG [07:30]: 10 matchs
07:26:09 [INFO]   G/NG [07:32]: 10 matchs
07:26:12 [INFO]   G/NG [07:34]: 10 matchs
07:26:15 [INFO]   G/NG [07:36]: 10 matchs
07:26:18 [INFO]   G/NG [07:38]: 10 matchs
07:26:21 [INFO]   G/NG [07:40]: 10 matchs
07:26:24 [INFO]   G/NG [07:42]: 10 matchs
07:26:28 [INFO]   G/NG [07:44]: 10 matchs
07:26:28 [INFO] G/NG: 90 cotes → data/cbet_odds.json
07:26:58 [INFO] === FIN 67.2s erreurs=aucune ===
07:28:39 [INFO] === DÉBUT CYCLE mode=results ===
07:28:39 [INFO] === SCRAPE RÉSULTATS (version corrigée) ===
07:28:52 [INFO]   5 clics 'Afficher plus'
07:28:57 [INFO] Résultats: 240 → data/cbet_results.json
07:29:28 [INFO] === FIN 48.2s erreurs=aucune ===
09:11:13 [INFO] === DÉBUT CYCLE mode=1x2 ===
09:11:14 [INFO] === SCRAPE 1X2 ===
09:11:21 [INFO] rounds ignorés (timer courant / hors séquence): ['00:29']
09:11:21 [INFO] 9 rounds retenus / 10 total (10 horodatés)
09:11:22 [INFO]   1X2 [09:16]: 10 matchs
09:11:24 [INFO]   1X2 [09:18]: 10 matchs
09:11:25 [INFO]   1X2 [09:20]: 10 matchs
09:11:26 [INFO]   1X2 [09:22]: 10 matchs
09:11:28 [INFO]   1X2 [09:24]: 10 matchs
09:11:29 [INFO]   1X2 [09:26]: 10 matchs
09:11:30 [INFO]   1X2 [09:28]: 10 matchs
09:11:32 [INFO]   1X2 [09:30]: 10 matchs
09:11:33 [INFO]   1X2 [09:32]: 10 matchs
09:11:33 [INFO] 1X2: 9 rounds → data/congobet_1x2_rounds.json
09:11:33 [INFO] === FIN 20.1s erreurs=aucune ===
09:11:33 [INFO] === DÉBUT CYCLE mode=gng ===
09:11:34 [INFO] === SCRAPE G/NG ===
09:11:43 [INFO] rounds ignorés (timer courant / hors séquence): ['00:06']
09:11:43 [INFO] 9 rounds retenus / 10 total (10 horodatés)
09:11:46 [INFO]   G/NG [09:16]: 10 matchs
09:11:49 [INFO]   G/NG [09:18]: 10 matchs
09:11:52 [INFO]   G/NG [09:20]: 10 matchs
09:11:55 [INFO]   G/NG [09:22]: 10 matchs
09:11:58 [INFO]   G/NG [09:24]: 10 matchs
09:12:01 [INFO]   G/NG [09:26]: 10 matchs
09:12:04 [INFO]   G/NG [09:28]: 10 matchs
09:12:08 [INFO]   G/NG [09:30]: 10 matchs
09:12:11 [INFO]   G/NG [09:32]: 10 matchs
09:12:11 [INFO] G/NG: 90 cotes → data/cbet_odds.json
09:12:41 [INFO] === FIN 67.3s erreurs=aucune ===
09:14:22 [INFO] === DÉBUT CYCLE mode=results ===
09:14:22 [INFO] === SCRAPE RÉSULTATS (version corrigée) ===
09:14:29 [INFO]   0 clics 'Afficher plus'
09:14:44 [WARNING] Aucun conteneur de résultat trouvé
09:14:44 [INFO] === FIN 22.0s erreurs=aucune ===
10:47:46 [INFO] === DÉBUT CYCLE mode=1x2 ===
10:47:47 [INFO] === SCRAPE 1X2 ===
10:47:55 [WARNING] Impossible de sélectionner 1X2
10:47:55 [INFO] 9 rounds retenus / 10 total (9 horodatés)
10:47:56 [INFO]   1X2 [10:49]: 10 matchs
10:47:58 [INFO]   1X2 [10:51]: 10 matchs
10:47:59 [INFO]   1X2 [10:53]: 10 matchs
10:48:01 [INFO]   1X2 [10:55]: 10 matchs
10:48:02 [INFO]   1X2 [10:57]: 10 matchs
10:48:04 [INFO]   1X2 [10:59]: 10 matchs
10:48:05 [INFO]   1X2 [11:01]: 10 matchs
10:48:06 [INFO]   1X2 [11:03]: 10 matchs
10:48:08 [INFO]   1X2 [11:05]: 10 matchs
10:48:08 [INFO] 1X2: 9 rounds → data/congobet_1x2_rounds.json
10:48:38 [INFO] === FIN 51.5s erreurs=aucune ===
10:48:38 [INFO] === DÉBUT CYCLE mode=gng ===
10:48:39 [INFO] === SCRAPE G/NG ===
10:48:48 [WARNING] Impossible de sélectionner G/NG
10:48:48 [INFO] === FIN 9.4s erreurs=aucune ===
10:50:29 [INFO] === DÉBUT CYCLE mode=results ===
10:50:29 [INFO] === SCRAPE RÉSULTATS (version corrigée) ===
10:50:37 [INFO]   1 clics 'Afficher plus'
10:50:38 [INFO] Résultats: 70 → data/cbet_results.json
10:51:09 [INFO] === FIN 39.5s erreurs=aucune ===
11:48:05 [INFO] === DÉBUT CYCLE mode=1x2 ===
11:48:05 [INFO] === SCRAPE 1X2 ===
11:48:13 [WARNING] Impossible de sélectionner 1X2
11:48:13 [INFO] rounds ignorés (timer courant / hors séquence): ['11:49']
11:48:13 [INFO] 8 rounds retenus / 10 total (9 horodatés)
11:48:14 [INFO]   1X2 [11:54]: 10 matchs
11:48:15 [INFO]   1X2 [11:56]: 10 matchs
11:48:17 [INFO]   1X2 [11:58]: 10 matchs
11:48:18 [INFO]   1X2 [12:00]: 10 matchs
11:48:20 [INFO]   1X2 [12:02]: 10 matchs
11:48:21 [INFO]   1X2 [12:04]: 10 matchs
11:48:23 [INFO]   1X2 [12:06]: 10 matchs
11:48:24 [INFO]   1X2 [12:08]: 10 matchs
11:48:24 [INFO] 1X2: 8 rounds → data/congobet_1x2_rounds.json
11:48:54 [INFO] === FIN 49.2s erreurs=aucune ===
11:48:54 [INFO] === DÉBUT CYCLE mode=gng ===
11:48:55 [INFO] === SCRAPE G/NG ===
11:49:04 [INFO] rounds ignorés (timer courant / hors séquence): ['00:46']
11:49:04 [INFO] 9 rounds retenus / 10 total (10 horodatés)
11:49:07 [INFO]   G/NG [11:54]: 10 matchs
11:49:10 [INFO]   G/NG [11:56]: 10 matchs
11:49:13 [INFO]   G/NG [11:58]: 10 matchs
11:49:16 [INFO]   G/NG [12:00]: 10 matchs
11:49:19 [INFO]   G/NG [12:02]: 10 matchs
11:49:22 [INFO]   G/NG [12:04]: 10 matchs
11:49:25 [INFO]   G/NG [12:06]: 10 matchs
11:49:28 [INFO]   G/NG [12:08]: 10 matchs
11:49:31 [INFO]   G/NG [12:10]: 10 matchs
11:49:31 [INFO] G/NG: 90 cotes → data/cbet_odds.json
11:50:01 [INFO] === FIN 67.1s erreurs=aucune ===
11:51:43 [INFO] === DÉBUT CYCLE mode=results ===
11:51:44 [INFO] === SCRAPE RÉSULTATS (version corrigée) ===
11:51:50 [INFO]   0 clics 'Afficher plus'
11:52:05 [WARNING] Aucun conteneur de résultat trouvé
11:52:35 [INFO] === FIN 51.9s erreurs=aucune ===
12:48:32 [INFO] === DÉBUT CYCLE mode=1x2 ===
12:48:33 [INFO] === SCRAPE 1X2 ===
12:48:41 [INFO] rounds ignorés (timer courant / hors séquence): ['00:08']
12:48:41 [INFO] 9 rounds retenus / 10 total (10 horodatés)
12:48:43 [INFO]   1X2 [12:50]: 10 matchs
12:48:44 [INFO]   1X2 [12:52]: 10 matchs
12:48:46 [INFO]   1X2 [12:54]: 10 matchs
12:48:47 [INFO]   1X2 [12:56]: 10 matchs
12:48:48 [INFO]   1X2 [12:58]: 10 matchs
12:48:50 [INFO]   1X2 [13:00]: 10 matchs
12:48:51 [INFO]   1X2 [13:02]: 10 matchs
12:48:53 [INFO]   1X2 [13:04]: 10 matchs
12:48:54 [INFO]   1X2 [13:06]: 10 matchs
12:48:54 [INFO] 1X2: 9 rounds → data/congobet_1x2_rounds.json
12:48:54 [INFO] === FIN 21.8s erreurs=aucune ===
12:48:54 [INFO] === DÉBUT CYCLE mode=gng ===
12:48:55 [INFO] === SCRAPE G/NG ===
12:49:03 [WARNING] Impossible de sélectionner G/NG
12:49:33 [INFO] === FIN 38.8s erreurs=aucune ===
12:51:15 [INFO] === DÉBUT CYCLE mode=results ===
12:51:15 [INFO] === SCRAPE RÉSULTATS (version corrigée) ===
12:51:29 [INFO]   5 clics 'Afficher plus'
12:51:34 [INFO] Résultats: 240 → data/cbet_results.json
12:52:04 [INFO] === FIN 49.1s erreurs=aucune ===
15:02:30 [INFO] === DÉBUT CYCLE mode=1x2 ===
15:02:31 [INFO] === SCRAPE 1X2 ===
15:02:37 [INFO] rounds ignorés (timer courant / hors séquence): ['00:12']
15:02:37 [INFO] 9 rounds retenus / 10 total (10 horodatés)
15:02:38 [INFO]   1X2 [15:04]: 10 matchs
15:02:40 [INFO]   1X2 [15:06]: 10 matchs
15:02:40 [INFO]   1X2 [15:08]: 10 matchs
15:02:42 [INFO]   1X2 [15:10]: 10 matchs
15:02:43 [INFO]   1X2 [15:12]: 10 matchs
15:02:45 [INFO]   1X2 [15:14]: 10 matchs
15:02:46 [INFO]   1X2 [15:16]: 10 matchs
15:02:47 [INFO]   1X2 [15:18]: 10 matchs
15:02:49 [INFO]   1X2 [15:20]: 10 matchs
15:02:49 [INFO] 1X2: 9 rounds → data/congobet_1x2_rounds.json
15:03:19 [INFO] === FIN 49.2s erreurs=aucune ===
15:03:20 [INFO] === DÉBUT CYCLE mode=gng ===
15:03:21 [INFO] === SCRAPE G/NG ===
15:03:27 [WARNING] Impossible de sélectionner G/NG
15:03:57 [INFO] === FIN 36.8s erreurs=aucune ===
15:05:39 [INFO] === DÉBUT CYCLE mode=results ===
15:05:39 [INFO] === SCRAPE RÉSULTATS (version corrigée) ===
15:05:49 [INFO]   3 clics 'Afficher plus'
15:05:52 [INFO] Résultats: 160 → data/cbet_results.json
15:06:22 [INFO] === FIN 43.4s erreurs=aucune ===
16:50:20 [INFO] === DÉBUT CYCLE mode=1x2 ===
16:50:21 [INFO] === SCRAPE 1X2 ===
16:50:28 [WARNING] Impossible de sélectionner 1X2
16:50:28 [INFO] 9 rounds retenus / 10 total (9 horodatés)
16:50:29 [INFO]   1X2 [16:51]: 10 matchs
16:50:29 [INFO]   1X2 [16:53]: 10 matchs
16:50:30 [INFO]   1X2 [16:55]: 10 matchs
16:50:32 [INFO]   1X2 [16:57]: 10 matchs
16:50:33 [INFO]   1X2 [16:59]: 10 matchs
16:50:35 [INFO]   1X2 [17:01]: 10 matchs
16:50:36 [INFO]   1X2 [17:03]: 10 matchs
16:50:37 [INFO]   1X2 [17:05]: 10 matchs
16:50:39 [INFO]   1X2 [17:10]: 10 matchs
16:50:39 [INFO] 1X2: 9 rounds → data/congobet_1x2_rounds.json
16:51:09 [INFO] === FIN 48.6s erreurs=aucune ===
16:51:09 [INFO] === DÉBUT CYCLE mode=gng ===
16:51:10 [INFO] === SCRAPE G/NG ===
16:51:18 [INFO] rounds ignorés (timer courant / hors séquence): ['00:31', '16:53', '16:55', '16:57', '16:59', '17:01', '17:03', '17:05']
16:51:18 [INFO] 2 rounds retenus / 10 total (10 horodatés)
16:51:21 [INFO]   G/NG [17:10]: 10 matchs
16:51:24 [INFO]   G/NG [17:12]: 10 matchs
16:51:24 [INFO] G/NG: 20 cotes → data/cbet_odds.json
16:51:24 [INFO] === FIN 15.2s erreurs=aucune ===
16:53:05 [INFO] === DÉBUT CYCLE mode=results ===
16:53:06 [INFO] === SCRAPE RÉSULTATS (version corrigée) ===
16:53:18 [INFO]   5 clics 'Afficher plus'
16:53:23 [INFO] Résultats: 240 → data/cbet_results.json
16:53:23 [INFO] === FIN 17.9s erreurs=aucune ===
18:01:00 [INFO] === DÉBUT CYCLE mode=1x2 ===
18:01:02 [INFO] === SCRAPE 1X2 ===
18:01:12 [WARNING] Impossible de sélectionner 1X2
18:01:12 [INFO] 9 rounds retenus / 10 total (9 horodatés)
18:01:15 [INFO]   1X2 [18:02]: 10 matchs
18:01:17 [INFO]   1X2 [18:04]: 10 matchs
18:01:19 [INFO]   1X2 [18:06]: 10 matchs
18:01:20 [INFO]   1X2 [18:08]: 10 matchs
18:01:22 [INFO]   1X2 [18:10]: 10 matchs
18:01:23 [INFO]   1X2 [18:12]: 10 matchs
18:01:24 [INFO]   1X2 [18:14]: 10 matchs
18:01:26 [INFO]   1X2 [18:16]: 10 matchs
18:01:27 [INFO]   1X2 [18:18]: 10 matchs
18:01:27 [INFO] 1X2: 9 rounds → data/congobet_1x2_rounds.json
18:01:57 [INFO] === FIN 56.9s erreurs=aucune ===
18:01:57 [INFO] === DÉBUT CYCLE mode=gng ===
18:01:58 [INFO] === SCRAPE G/NG ===
18:02:09 [INFO] rounds ignorés (timer courant / hors séquence): ['00:40']
18:02:09 [INFO] 9 rounds retenus / 10 total (10 horodatés)
18:02:12 [INFO]   G/NG [18:04]: 10 matchs
18:02:15 [INFO]   G/NG [18:06]: 10 matchs
18:02:18 [INFO]   G/NG [18:08]: 10 matchs
18:02:21 [INFO]   G/NG [18:10]: 10 matchs
18:02:24 [INFO]   G/NG [18:12]: 10 matchs
18:02:27 [INFO]   G/NG [18:14]: 10 matchs
18:02:30 [INFO]   G/NG [18:16]: 10 matchs
18:02:33 [INFO]   G/NG [18:18]: 10 matchs
18:02:36 [INFO]   G/NG [18:20]: 10 matchs
18:02:36 [INFO] G/NG: 90 cotes → data/cbet_odds.json
18:02:36 [INFO] === FIN 38.5s erreurs=aucune ===
18:04:17 [INFO] === DÉBUT CYCLE mode=results ===
18:04:18 [INFO] === SCRAPE RÉSULTATS (version corrigée) ===
18:04:32 [INFO]   5 clics 'Afficher plus'
18:04:37 [INFO] Résultats: 240 → data/cbet_results.json
18:05:07 [INFO] === FIN 49.8s erreurs=aucune ===
19:26:53 [INFO] === DÉBUT CYCLE mode=1x2 ===
19:26:55 [INFO] === SCRAPE 1X2 ===
19:27:03 [INFO] 10 rounds retenus / 10 total (10 horodatés)
19:27:04 [INFO]   1X2 [00:46]: 10 matchs
19:27:05 [INFO]   1X2 [19:29]: 10 matchs
19:27:07 [INFO]   1X2 [19:31]: 10 matchs
19:27:08 [INFO]   1X2 [19:33]: 10 matchs
19:27:09 [INFO]   1X2 [19:35]: 10 matchs
19:27:11 [INFO]   1X2 [19:37]: 10 matchs
19:27:12 [INFO]   1X2 [19:39]: 10 matchs
19:27:14 [INFO]   1X2 [19:41]: 10 matchs
19:27:15 [INFO]   1X2 [19:43]: 10 matchs
19:27:16 [INFO]   1X2 [19:48]: 10 matchs
19:27:16 [INFO] 1X2: 10 rounds → data/congobet_1x2_rounds.json
19:27:16 [INFO] === FIN 23.7s erreurs=aucune ===
19:27:16 [INFO] === DÉBUT CYCLE mode=gng ===
19:27:17 [INFO] === SCRAPE G/NG ===
19:27:28 [INFO] 10 rounds retenus / 10 total (10 horodatés)
19:27:30 [INFO]   G/NG [00:21]: 10 matchs
19:27:33 [INFO]   G/NG [19:29]: 10 matchs
19:27:36 [INFO]   G/NG [19:31]: 10 matchs
19:27:39 [INFO]   G/NG [19:33]: 10 matchs
19:27:42 [INFO]   G/NG [19:35]: 10 matchs
19:27:45 [INFO]   G/NG [19:37]: 10 matchs
19:27:48 [INFO]   G/NG [19:39]: 10 matchs
19:27:51 [INFO]   G/NG [19:41]: 10 matchs
19:27:55 [INFO]   G/NG [19:43]: 10 matchs
19:27:58 [INFO]   G/NG [19:48]: 10 matchs
19:27:58 [INFO] G/NG: 100 cotes → data/cbet_odds.json
19:28:28 [INFO] === FIN 71.3s erreurs=aucune ===
19:30:09 [INFO] === DÉBUT CYCLE mode=results ===
19:30:10 [INFO] === SCRAPE RÉSULTATS (version corrigée) ===
19:30:25 [INFO]   5 clics 'Afficher plus'
19:30:29 [INFO] Résultats: 240 → data/cbet_results.json
19:30:59 [INFO] === FIN 50.2s erreurs=aucune ===
20:31:45 [INFO] === DÉBUT CYCLE mode=1x2 ===
20:31:46 [INFO] === SCRAPE 1X2 ===
20:31:55 [INFO] rounds ignorés (timer courant / hors séquence): ['00:55']
20:31:55 [INFO] 9 rounds retenus / 10 total (10 horodatés)
20:31:56 [INFO]   1X2 [20:34]: 10 matchs
20:31:58 [INFO]   1X2 [20:36]: 10 matchs
20:31:59 [INFO]   1X2 [20:38]: 10 matchs
20:32:00 [INFO]   1X2 [20:40]: 10 matchs
20:32:02 [INFO]   1X2 [20:42]: 10 matchs
20:32:03 [INFO]   1X2 [20:44]: 10 matchs
20:32:04 [INFO]   1X2 [20:46]: 10 matchs
20:32:06 [INFO]   1X2 [20:48]: 10 matchs
20:32:07 [INFO]   1X2 [20:50]: 10 matchs
20:32:07 [INFO] 1X2: 9 rounds → data/congobet_1x2_rounds.json
20:32:37 [INFO] === FIN 52.1s erreurs=aucune ===
20:32:39 [INFO] === DÉBUT CYCLE mode=gng ===
20:32:41 [INFO] === SCRAPE G/NG ===
20:32:51 [INFO] 9 rounds retenus / 10 total (9 horodatés)
20:32:54 [INFO]   G/NG [20:34]: 10 matchs
20:32:58 [INFO]   G/NG [20:36]: 10 matchs
20:33:01 [INFO]   G/NG [20:38]: 10 matchs
20:33:04 [INFO]   G/NG [20:40]: 10 matchs
20:33:07 [INFO]   G/NG [20:42]: 10 matchs
20:33:10 [INFO]   G/NG [20:44]: 10 matchs
20:33:13 [INFO]   G/NG [20:46]: 10 matchs
20:33:16 [INFO]   G/NG [20:48]: 10 matchs
20:33:19 [INFO]   G/NG [20:50]: 10 matchs
20:33:19 [INFO] G/NG: 90 cotes → data/cbet_odds.json
20:33:19 [INFO] === FIN 39.9s erreurs=aucune ===
20:35:01 [INFO] === DÉBUT CYCLE mode=results ===
20:35:02 [INFO] === SCRAPE RÉSULTATS (version corrigée) ===
20:35:16 [INFO]   5 clics 'Afficher plus'
20:35:20 [INFO] Résultats: 230 → data/cbet_results.json
20:35:50 [INFO] === FIN 49.4s erreurs=aucune ===
21:25:48 [INFO] === DÉBUT CYCLE mode=1x2 ===
21:25:48 [INFO] === SCRAPE 1X2 ===
21:25:55 [WARNING] Impossible de sélectionner 1X2
21:25:55 [INFO] 9 rounds retenus / 10 total (9 horodatés)
21:25:57 [INFO]   1X2 [21:27]: 10 matchs
21:25:58 [INFO]   1X2 [21:29]: 10 matchs
21:26:00 [INFO]   1X2 [21:31]: 10 matchs
21:26:01 [INFO]   1X2 [21:33]: 10 matchs
21:26:02 [INFO]   1X2 [21:35]: 10 matchs
21:26:04 [INFO]   1X2 [21:37]: 10 matchs
21:26:05 [INFO]   1X2 [21:39]: 10 matchs
21:26:07 [INFO]   1X2 [21:41]: 10 matchs
21:26:08 [INFO]   1X2 [21:43]: 10 matchs
21:26:08 [INFO] 1X2: 9 rounds → data/congobet_1x2_rounds.json
21:26:08 [INFO] === FIN 20.7s erreurs=aucune ===
21:26:08 [INFO] === DÉBUT CYCLE mode=gng ===
21:26:09 [INFO] === SCRAPE G/NG ===
21:26:16 [WARNING] Impossible de sélectionner G/NG
21:26:16 [INFO] === FIN 7.5s erreurs=aucune ===
21:27:57 [INFO] === DÉBUT CYCLE mode=results ===
21:27:58 [INFO] === SCRAPE RÉSULTATS (version corrigée) ===
21:28:07 [INFO]   2 clics 'Afficher plus'
21:28:09 [INFO] Résultats: 100 → data/cbet_results.json
21:28:40 [INFO] === FIN 41.7s erreurs=aucune ===
22:07:15 [INFO] === DÉBUT CYCLE mode=1x2 ===
22:07:16 [INFO] === SCRAPE 1X2 ===
22:07:24 [INFO] rounds ignorés (timer courant / hors séquence): ['00:26', '22:09', '22:11', '22:13', '22:15', '22:17', '22:19', '22:21']
22:07:24 [INFO] 2 rounds retenus / 10 total (10 horodatés)
22:07:25 [INFO]   1X2 [22:26]: 10 matchs
22:07:26 [INFO]   1X2 [22:28]: 10 matchs
22:07:26 [INFO] 1X2: 2 rounds → data/congobet_1x2_rounds.json
22:07:56 [INFO] === FIN 41.0s erreurs=aucune ===
22:07:57 [INFO] === DÉBUT CYCLE mode=gng ===
22:07:57 [INFO] === SCRAPE G/NG ===
22:08:04 [WARNING] Impossible de sélectionner G/NG
22:08:04 [INFO] === FIN 7.4s erreurs=aucune ===
22:09:45 [INFO] === DÉBUT CYCLE mode=results ===
22:09:46 [INFO] === SCRAPE RÉSULTATS (version corrigée) ===
22:09:59 [INFO]   5 clics 'Afficher plus'
22:10:04 [INFO] Résultats: 240 → data/cbet_results.json
22:10:34 [INFO] === FIN 48.6s erreurs=aucune ===
23:04:07 [INFO] === DÉBUT CYCLE mode=1x2 ===
23:04:08 [INFO] === SCRAPE 1X2 ===
23:04:15 [INFO] rounds ignorés (timer courant / hors séquence): ['00:34']
23:04:15 [INFO] 9 rounds retenus / 10 total (10 horodatés)
23:04:16 [INFO]   1X2 [23:06]: 10 matchs
23:04:17 [INFO]   1X2 [23:08]: 10 matchs
23:04:18 [INFO]   1X2 [23:10]: 10 matchs
23:04:20 [INFO]   1X2 [23:12]: 10 matchs
23:04:21 [INFO]   1X2 [23:14]: 10 matchs
23:04:22 [INFO]   1X2 [23:16]: 10 matchs
23:04:24 [INFO]   1X2 [23:18]: 10 matchs
23:04:25 [INFO]   1X2 [23:20]: 10 matchs
23:04:27 [INFO]   1X2 [23:22]: 10 matchs
23:04:27 [INFO] 1X2: 9 rounds → data/congobet_1x2_rounds.json
23:04:58 [INFO] === FIN 49.7s erreurs=aucune ===
23:04:59 [INFO] === DÉBUT CYCLE mode=gng ===
23:05:00 [INFO] === SCRAPE G/NG ===
23:05:06 [WARNING] Impossible de sélectionner G/NG
23:05:06 [INFO] === FIN 7.0s erreurs=aucune ===
23:06:52 [INFO] === DÉBUT CYCLE mode=results ===
23:06:52 [INFO] === SCRAPE RÉSULTATS (version corrigée) ===
23:07:03 [INFO]   4 clics 'Afficher plus'
23:07:07 [INFO] Résultats: 200 → data/cbet_results.json
23:07:07 [INFO] === FIN 15.0s erreurs=aucune ===
23:58:36 [INFO] === DÉBUT CYCLE mode=1x2 ===
23:58:37 [INFO] === SCRAPE 1X2 ===
23:58:44 [WARNING] Impossible de sélectionner 1X2
23:58:44 [INFO] 9 rounds retenus / 10 total (9 horodatés)
23:58:46 [INFO]   1X2 [23:59]: 10 matchs
23:58:47 [INFO]   1X2 [00:01]: 10 matchs
23:58:49 [INFO]   1X2 [00:03]: 10 matchs
23:58:50 [INFO]   1X2 [00:05]: 10 matchs
23:58:51 [INFO]   1X2 [00:07]: 10 matchs
23:58:53 [INFO]   1X2 [00:09]: 10 matchs
23:58:54 [INFO]   1X2 [00:11]: 10 matchs
23:58:56 [INFO]   1X2 [00:13]: 10 matchs
23:58:57 [INFO]   1X2 [00:15]: 10 matchs
23:58:57 [INFO] 1X2: 9 rounds → data/congobet_1x2_rounds.json
23:58:57 [INFO] === FIN 20.7s erreurs=aucune ===
23:58:57 [INFO] === DÉBUT CYCLE mode=gng ===
23:58:58 [INFO] === SCRAPE G/NG ===
23:59:07 [INFO] rounds ignorés (timer courant / hors séquence): ['00:42']
23:59:07 [INFO] 9 rounds retenus / 10 total (10 horodatés)
23:59:10 [INFO]   G/NG [00:01]: 10 matchs
23:59:13 [INFO]   G/NG [00:03]: 10 matchs
23:59:16 [INFO]   G/NG [00:05]: 10 matchs
23:59:19 [INFO]   G/NG [00:07]: 10 matchs
23:59:22 [INFO]   G/NG [00:09]: 10 matchs
23:59:25 [INFO]   G/NG [00:11]: 10 matchs
23:59:28 [INFO]   G/NG [00:13]: 10 matchs
23:59:31 [INFO]   G/NG [00:15]: 10 matchs
23:59:34 [INFO]   G/NG [00:17]: 10 matchs
23:59:34 [INFO] G/NG: 90 cotes → data/cbet_odds.json
23:59:34 [INFO] === FIN 37.0s erreurs=aucune ===
00:01:16 [INFO] === DÉBUT CYCLE mode=results ===
00:01:16 [INFO] === SCRAPE RÉSULTATS (version corrigée) ===
00:01:24 [INFO]   1 clics 'Afficher plus'
00:01:25 [INFO] Résultats: 80 → data/cbet_results.json
00:01:56 [INFO] === FIN 39.9s erreurs=aucune ===
02:57:22 [INFO] === DÉBUT CYCLE mode=1x2 ===
02:57:23 [INFO] === SCRAPE 1X2 ===
02:57:31 [INFO] rounds ignorés (timer courant / hors séquence): ['00:18']
02:57:31 [INFO] 9 rounds retenus / 10 total (10 horodatés)
02:57:32 [INFO]   1X2 [02:59]: 10 matchs
02:57:34 [INFO]   1X2 [03:01]: 10 matchs
02:57:35 [INFO]   1X2 [03:03]: 10 matchs
02:57:36 [INFO]   1X2 [03:05]: 10 matchs
02:57:38 [INFO]   1X2 [03:07]: 10 matchs
02:57:39 [INFO]   1X2 [03:09]: 10 matchs
02:57:41 [INFO]   1X2 [03:11]: 10 matchs
02:57:42 [INFO]   1X2 [03:13]: 10 matchs
02:57:43 [INFO]   1X2 [03:15]: 10 matchs
02:57:43 [INFO] 1X2: 9 rounds → data/congobet_1x2_rounds.json
02:58:13 [INFO] === FIN 51.5s erreurs=aucune ===
02:58:14 [INFO] === DÉBUT CYCLE mode=gng ===
02:58:14 [INFO] === SCRAPE G/NG ===
02:58:22 [WARNING] Impossible de sélectionner G/NG
02:58:22 [INFO] === FIN 8.9s erreurs=aucune ===
03:00:04 [INFO] === DÉBUT CYCLE mode=results ===
03:00:05 [INFO] === SCRAPE RÉSULTATS (version corrigée) ===
03:00:17 [INFO]   4 clics 'Afficher plus'
03:00:20 [INFO] Résultats: 180 → data/cbet_results.json
03:00:20 [INFO] === FIN 16.2s erreurs=aucune ===
05:36:26 [INFO] === DÉBUT CYCLE mode=1x2 ===
05:36:28 [INFO] === SCRAPE 1X2 ===
05:36:35 [WARNING] Impossible de sélectionner 1X2
05:36:35 [INFO] 9 rounds retenus / 10 total (9 horodatés)
05:36:36 [INFO]   1X2 [05:37]: 10 matchs
05:36:38 [INFO]   1X2 [05:39]: 10 matchs
05:36:38 [INFO]   1X2 [05:41]: 10 matchs
05:36:40 [INFO]   1X2 [05:43]: 10 matchs
05:36:41 [INFO]   1X2 [05:45]: 10 matchs
05:36:42 [INFO]   1X2 [05:47]: 10 matchs
05:36:43 [INFO]   1X2 [05:49]: 10 matchs
05:36:45 [INFO]   1X2 [05:51]: 10 matchs
05:36:46 [INFO]   1X2 [05:53]: 10 matchs
05:36:46 [INFO] 1X2: 9 rounds → data/congobet_1x2_rounds.json
05:37:17 [INFO] === FIN 50.6s erreurs=aucune ===
05:37:19 [INFO] === DÉBUT CYCLE mode=gng ===
05:37:20 [INFO] === SCRAPE G/NG ===
05:37:28 [INFO] rounds ignorés (timer courant / hors séquence): ['00:21']
05:37:28 [INFO] 9 rounds retenus / 10 total (10 horodatés)
05:37:31 [INFO]   G/NG [05:39]: 10 matchs
05:37:35 [INFO]   G/NG [05:41]: 10 matchs
05:37:38 [INFO]   G/NG [05:43]: 10 matchs
05:37:41 [INFO]   G/NG [05:45]: 10 matchs
05:37:44 [INFO]   G/NG [05:47]: 10 matchs
05:37:47 [INFO]   G/NG [05:49]: 10 matchs
05:37:50 [INFO]   G/NG [05:51]: 10 matchs
05:37:53 [INFO]   G/NG [05:53]: 10 matchs
05:37:56 [INFO]   G/NG [05:55]: 10 matchs
05:37:56 [INFO] G/NG: 90 cotes → data/cbet_odds.json
05:37:56 [INFO] === FIN 37.2s erreurs=aucune ===
05:39:38 [INFO] === DÉBUT CYCLE mode=results ===
05:39:38 [INFO] === SCRAPE RÉSULTATS (version corrigée) ===
05:39:49 [INFO]   4 clics 'Afficher plus'
05:39:53 [INFO] Résultats: 190 → data/cbet_results.json
05:39:53 [INFO] === FIN 15.2s erreurs=aucune ===
07:21:26 [INFO] === DÉBUT CYCLE mode=1x2 ===
07:21:27 [INFO] === SCRAPE 1X2 ===
07:21:34 [WARNING] Impossible de sélectionner 1X2
07:21:34 [INFO] rounds ignorés (timer courant / hors séquence): ['07:22', '07:24', '07:26', '07:28', '07:30', '07:32', '07:34']
07:21:34 [INFO] 2 rounds retenus / 10 total (9 horodatés)
07:21:36 [INFO]   1X2 [07:39]: 10 matchs
07:21:37 [INFO]   1X2 [07:41]: 10 matchs
07:21:37 [INFO] 1X2: 2 rounds → data/congobet_1x2_rounds.json
07:22:07 [INFO] === FIN 40.8s erreurs=aucune ===
07:22:07 [INFO] === DÉBUT CYCLE mode=gng ===
07:22:08 [INFO] === SCRAPE G/NG ===
07:22:17 [INFO] rounds ignorés (timer courant / hors séquence): ['00:33', '07:24', '07:26', '07:28', '07:30', '07:32', '07:34']
07:22:17 [INFO] 3 rounds retenus / 10 total (10 horodatés)
07:22:20 [INFO]   G/NG [07:39]: 10 matchs
07:22:23 [INFO]   G/NG [07:41]: 10 matchs
07:22:26 [INFO]   G/NG [07:43]: 10 matchs
07:22:26 [INFO] G/NG: 30 cotes → data/cbet_odds.json
07:22:57 [INFO] === FIN 49.1s erreurs=aucune ===
07:24:42 [INFO] === DÉBUT CYCLE mode=results ===
07:24:43 [INFO] === SCRAPE RÉSULTATS (version corrigée) ===
07:24:56 [INFO]   5 clics 'Afficher plus'
07:25:01 [INFO] Résultats: 240 → data/cbet_results.json
07:25:02 [INFO] === FIN 19.4s erreurs=aucune ===
09:14:25 [INFO] === DÉBUT CYCLE mode=1x2 ===
09:14:25 [INFO] === SCRAPE 1X2 ===
09:14:32 [INFO] rounds ignorés (timer courant / hors séquence): ['00:17']
09:14:32 [INFO] 9 rounds retenus / 10 total (10 horodatés)
09:14:33 [INFO]   1X2 [09:16]: 10 matchs
09:14:34 [INFO]   1X2 [09:18]: 10 matchs
09:14:35 [INFO]   1X2 [09:20]: 10 matchs
09:14:37 [INFO]   1X2 [09:22]: 10 matchs
09:14:38 [INFO]   1X2 [09:24]: 10 matchs
09:14:40 [INFO]   1X2 [09:26]: 10 matchs
09:14:41 [INFO]   1X2 [09:28]: 10 matchs
09:14:42 [INFO]   1X2 [09:30]: 10 matchs
09:14:44 [INFO]   1X2 [09:32]: 10 matchs
09:14:44 [INFO] 1X2: 9 rounds → data/congobet_1x2_rounds.json
09:15:15 [INFO] === FIN 49.2s erreurs=aucune ===
09:15:16 [INFO] === DÉBUT CYCLE mode=gng ===
09:15:17 [INFO] === SCRAPE G/NG ===
09:15:23 [WARNING] Impossible de sélectionner G/NG
09:15:53 [INFO] === FIN 37.1s erreurs=aucune ===
09:17:41 [INFO] === DÉBUT CYCLE mode=results ===
09:17:41 [INFO] === SCRAPE RÉSULTATS (version corrigée) ===
09:17:50 [INFO]   2 clics 'Afficher plus'
09:17:51 [INFO] Résultats: 90 → data/cbet_results.json
09:17:51 [INFO] === FIN 10.4s erreurs=aucune ===
10:46:46 [INFO] === DÉBUT CYCLE mode=1x2 ===
10:46:46 [INFO] === SCRAPE 1X2 ===
10:46:55 [INFO] rounds ignorés (timer courant / hors séquence): ['00:55']
10:46:55 [INFO] 9 rounds retenus / 10 total (10 horodatés)
10:46:56 [INFO]   1X2 [10:49]: 10 matchs
10:46:57 [INFO]   1X2 [10:51]: 10 matchs
10:46:59 [INFO]   1X2 [10:53]: 10 matchs
10:47:00 [INFO]   1X2 [10:55]: 10 matchs
10:47:01 [INFO]   1X2 [10:57]: 10 matchs
10:47:03 [INFO]   1X2 [10:59]: 10 matchs
10:47:04 [INFO]   1X2 [11:01]: 10 matchs
10:47:06 [INFO]   1X2 [11:03]: 10 matchs
10:47:07 [INFO]   1X2 [11:05]: 10 matchs
10:47:07 [INFO] 1X2: 9 rounds → data/congobet_1x2_rounds.json
10:47:38 [INFO] === FIN 51.3s erreurs=aucune ===
10:47:41 [INFO] === DÉBUT CYCLE mode=gng ===
10:47:43 [INFO] === SCRAPE G/NG ===
10:47:53 [WARNING] Impossible de sélectionner G/NG
10:47:53 [INFO] === FIN 11.5s erreurs=aucune ===
10:49:35 [INFO] === DÉBUT CYCLE mode=results ===
10:49:36 [INFO] === SCRAPE RÉSULTATS (version corrigée) ===
10:49:46 [INFO]   3 clics 'Afficher plus'
10:49:49 [INFO] Résultats: 160 → data/cbet_results.json
10:50:19 [INFO] === FIN 44.0s erreurs=aucune ===
11:47:50 [INFO] === DÉBUT CYCLE mode=1x2 ===
11:47:52 [INFO] === SCRAPE 1X2 ===
11:48:00 [INFO] rounds ignorés (timer courant / hors séquence): ['00:49']
11:48:00 [INFO] 9 rounds retenus / 10 total (10 horodatés)
11:48:02 [INFO]   1X2 [11:50]: 10 matchs
11:48:03 [INFO]   1X2 [11:52]: 10 matchs
11:48:05 [INFO]   1X2 [11:54]: 10 matchs
11:48:06 [INFO]   1X2 [11:56]: 10 matchs
11:48:07 [INFO]   1X2 [11:58]: 10 matchs
11:48:09 [INFO]   1X2 [12:00]: 10 matchs
11:48:10 [INFO]   1X2 [12:02]: 10 matchs
11:48:11 [INFO]   1X2 [12:04]: 10 matchs
11:48:13 [INFO]   1X2 [12:06]: 10 matchs
11:48:13 [INFO] 1X2: 9 rounds → data/congobet_1x2_rounds.json
11:48:43 [INFO] === FIN 52.9s erreurs=aucune ===
11:48:44 [INFO] === DÉBUT CYCLE mode=gng ===
11:48:45 [INFO] === SCRAPE G/NG ===
11:48:53 [WARNING] Impossible de sélectionner G/NG
11:48:53 [INFO] === FIN 9.2s erreurs=aucune ===
11:50:36 [INFO] === DÉBUT CYCLE mode=results ===
11:50:36 [INFO] === SCRAPE RÉSULTATS (version corrigée) ===
11:50:46 [INFO]   1 clics 'Afficher plus'
11:50:47 [INFO] Résultats: 70 → data/cbet_results.json
11:50:47 [INFO] === FIN 11.4s erreurs=aucune ===
12:47:53 [INFO] === DÉBUT CYCLE mode=1x2 ===
12:47:53 [INFO] === SCRAPE 1X2 ===
12:48:01 [INFO] rounds ignorés (timer courant / hors séquence): ['00:48', '12:50']
12:48:01 [INFO] 8 rounds retenus / 10 total (10 horodatés)
12:48:02 [INFO]   1X2 [12:55]: 10 matchs
12:48:04 [INFO]   1X2 [12:57]: 10 matchs
12:48:05 [INFO]   1X2 [12:59]: 10 matchs
12:48:06 [INFO]   1X2 [13:01]: 10 matchs
12:48:08 [INFO]   1X2 [13:03]: 10 matchs
12:48:09 [INFO]   1X2 [13:05]: 10 matchs
12:48:11 [INFO]   1X2 [13:07]: 10 matchs
12:48:12 [INFO]   1X2 [13:09]: 10 matchs
12:48:12 [INFO] 1X2: 8 rounds → data/congobet_1x2_rounds.json
12:48:12 [INFO] === FIN 19.4s erreurs=aucune ===
12:48:12 [INFO] === DÉBUT CYCLE mode=gng ===
12:48:13 [INFO] === SCRAPE G/NG ===
12:48:22 [INFO] rounds ignorés (timer courant / hors séquence): ['00:27', '12:50']
12:48:22 [INFO] 8 rounds retenus / 10 total (10 horodatés)
12:48:25 [INFO]   G/NG [12:55]: 10 matchs
12:48:28 [INFO]   G/NG [12:57]: 10 matchs
12:48:31 [INFO]   G/NG [12:59]: 10 matchs
12:48:34 [INFO]   G/NG [13:01]: 10 matchs
12:48:37 [INFO]   G/NG [13:03]: 10 matchs
12:48:40 [INFO]   G/NG [13:05]: 10 matchs
12:48:43 [INFO]   G/NG [13:07]: 10 matchs
12:48:46 [INFO]   G/NG [13:09]: 10 matchs
12:48:46 [INFO] G/NG: 80 cotes → data/cbet_odds.json
12:49:16 [INFO] === FIN 64.2s erreurs=aucune ===
12:50:58 [INFO] === DÉBUT CYCLE mode=results ===
12:50:59 [INFO] === SCRAPE RÉSULTATS (version corrigée) ===
12:51:12 [INFO]   5 clics 'Afficher plus'
12:51:16 [INFO] Résultats: 240 → data/cbet_results.json
12:51:17 [INFO] === FIN 18.5s erreurs=aucune ===
14:24:10 [INFO] === DÉBUT CYCLE mode=1x2 ===
14:24:10 [INFO] === SCRAPE 1X2 ===
14:24:19 [INFO] rounds ignorés (timer courant / hors séquence): ['00:30']
14:24:19 [INFO] 9 rounds retenus / 10 total (10 horodatés)
14:24:20 [INFO]   1X2 [14:26]: 10 matchs
14:24:22 [INFO]   1X2 [14:28]: 10 matchs
14:24:23 [INFO]   1X2 [14:30]: 10 matchs
14:24:24 [INFO]   1X2 [14:32]: 10 matchs
14:24:26 [INFO]   1X2 [14:34]: 10 matchs
14:24:27 [INFO]   1X2 [14:36]: 10 matchs
14:24:29 [INFO]   1X2 [14:38]: 10 matchs
14:24:30 [INFO]   1X2 [14:40]: 10 matchs
14:24:31 [INFO]   1X2 [14:42]: 10 matchs
14:24:31 [INFO] 1X2: 9 rounds → data/congobet_1x2_rounds.json
14:25:01 [INFO] === FIN 51.9s erreurs=aucune ===
14:25:02 [INFO] === DÉBUT CYCLE mode=gng ===
14:25:02 [INFO] === SCRAPE G/NG ===
14:25:11 [WARNING] Impossible de sélectionner G/NG
14:25:41 [INFO] === FIN 39.2s erreurs=aucune ===
14:27:23 [INFO] === DÉBUT CYCLE mode=results ===
14:27:23 [INFO] === SCRAPE RÉSULTATS (version corrigée) ===
14:27:33 [INFO]   1 clics 'Afficher plus'
14:27:34 [INFO] Résultats: 60 → data/cbet_results.json
14:27:34 [INFO] === FIN 11.1s erreurs=aucune ===
15:45:06 [INFO] === DÉBUT CYCLE mode=1x2 ===
15:45:07 [INFO] === SCRAPE 1X2 ===
15:45:15 [INFO] rounds ignorés (timer courant / hors séquence): ['00:34']
15:45:15 [INFO] 9 rounds retenus / 10 total (10 horodatés)
15:45:16 [INFO]   1X2 [15:47]: 10 matchs
15:45:18 [INFO]   1X2 [15:49]: 10 matchs
15:45:19 [INFO]   1X2 [15:51]: 10 matchs
15:45:20 [INFO]   1X2 [15:53]: 10 matchs
15:45:22 [INFO]   1X2 [15:55]: 10 matchs
15:45:23 [INFO]   1X2 [15:57]: 10 matchs
15:45:24 [INFO]   1X2 [15:59]: 10 matchs
15:45:26 [INFO]   1X2 [16:01]: 10 matchs
15:45:27 [INFO]   1X2 [16:03]: 10 matchs
15:45:27 [INFO] 1X2: 9 rounds → data/congobet_1x2_rounds.json
15:45:59 [INFO] === FIN 51.2s erreurs=aucune ===
15:46:01 [INFO] === DÉBUT CYCLE mode=gng ===
15:46:03 [INFO] === SCRAPE G/NG ===
15:46:10 [WARNING] Impossible de sélectionner G/NG
15:46:40 [INFO] === FIN 39.1s erreurs=aucune ===
15:48:23 [INFO] === DÉBUT CYCLE mode=results ===
15:48:24 [INFO] === SCRAPE RÉSULTATS (version corrigée) ===
15:48:32 [INFO]   1 clics 'Afficher plus'
15:48:33 [INFO] Résultats: 70 → data/cbet_results.json
15:49:03 [INFO] === FIN 40.1s erreurs=aucune ===
16:41:18 [INFO] === DÉBUT CYCLE mode=1x2 ===
16:41:21 [INFO] === SCRAPE 1X2 ===
16:41:28 [INFO] rounds ignorés (timer courant / hors séquence): ['00:21', '16:43', '16:45', '16:47']
16:41:28 [INFO] 6 rounds retenus / 10 total (10 horodatés)
16:41:29 [INFO]   1X2 [16:52]: 10 matchs
16:41:31 [INFO]   1X2 [16:54]: 10 matchs
16:41:32 [INFO]   1X2 [16:56]: 10 matchs
16:41:33 [INFO]   1X2 [16:58]: 10 matchs
16:41:35 [INFO]   1X2 [17:00]: 10 matchs
16:41:36 [INFO]   1X2 [17:02]: 10 matchs
16:41:36 [INFO] 1X2: 6 rounds → data/congobet_1x2_rounds.json
16:42:08 [INFO] === FIN 47.9s erreurs=aucune ===
16:42:09 [INFO] === DÉBUT CYCLE mode=gng ===
16:42:11 [INFO] === SCRAPE G/NG ===
16:42:18 [WARNING] Impossible de sélectionner G/NG
16:42:48 [INFO] === FIN 38.8s erreurs=aucune ===
16:44:35 [INFO] === DÉBUT CYCLE mode=results ===
16:44:36 [INFO] === SCRAPE RÉSULTATS (version corrigée) ===
16:44:49 [INFO]   5 clics 'Afficher plus'
16:44:53 [INFO] Résultats: 240 → data/cbet_results.json
16:45:23 [INFO] === FIN 48.2s erreurs=aucune ===
17:38:07 [INFO] === DÉBUT CYCLE mode=1x2 ===
17:38:09 [INFO] === SCRAPE 1X2 ===
17:38:17 [INFO] rounds ignorés (timer courant / hors séquence): ['00:32']
17:38:17 [INFO] 9 rounds retenus / 10 total (10 horodatés)
17:38:19 [INFO]   1X2 [17:40]: 10 matchs
17:38:20 [INFO]   1X2 [17:42]: 10 matchs
17:38:21 [INFO]   1X2 [17:44]: 10 matchs
17:38:23 [INFO]   1X2 [17:46]: 10 matchs
17:38:24 [INFO]   1X2 [17:48]: 10 matchs
17:38:26 [INFO]   1X2 [17:50]: 10 matchs
17:38:27 [INFO]   1X2 [17:52]: 10 matchs
17:38:29 [INFO]   1X2 [17:54]: 10 matchs
17:38:30 [INFO]   1X2 [17:56]: 10 matchs
17:38:30 [INFO] 1X2: 9 rounds → data/congobet_1x2_rounds.json
17:39:00 [INFO] === FIN 53.3s erreurs=aucune ===
17:39:00 [INFO] === DÉBUT CYCLE mode=gng ===
17:39:01 [INFO] === SCRAPE G/NG ===
17:39:09 [WARNING] Impossible de sélectionner G/NG
17:39:40 [INFO] === FIN 39.1s erreurs=aucune ===
17:41:25 [INFO] === DÉBUT CYCLE mode=results ===
17:41:26 [INFO] === SCRAPE RÉSULTATS (version corrigée) ===
17:41:41 [INFO]   5 clics 'Afficher plus'
17:41:47 [INFO] Résultats: 240 → data/cbet_results.json
17:41:47 [INFO] === FIN 21.7s erreurs=aucune ===
18:28:02 [INFO] === DÉBUT CYCLE mode=1x2 ===
18:28:03 [INFO] === SCRAPE 1X2 ===
18:28:12 [WARNING] Impossible de sélectionner 1X2
18:28:12 [INFO] 9 rounds retenus / 10 total (9 horodatés)
18:28:13 [INFO]   1X2 [18:29]: 10 matchs
18:28:15 [INFO]   1X2 [18:31]: 10 matchs
18:28:16 [INFO]   1X2 [18:33]: 10 matchs
18:28:18 [INFO]   1X2 [18:35]: 10 matchs
18:28:19 [INFO]   1X2 [18:37]: 10 matchs
18:28:20 [INFO]   1X2 [18:39]: 10 matchs
18:28:22 [INFO]   1X2 [18:41]: 10 matchs
18:28:23 [INFO]   1X2 [18:43]: 10 matchs
18:28:25 [INFO]   1X2 [18:45]: 10 matchs
18:28:25 [INFO] 1X2: 9 rounds → data/congobet_1x2_rounds.json
18:28:56 [INFO] === FIN 53.3s erreurs=aucune ===
18:28:58 [INFO] === DÉBUT CYCLE mode=gng ===
18:28:58 [INFO] === SCRAPE G/NG ===
18:29:10 [INFO] rounds ignorés (timer courant / hors séquence): ['00:39']
18:29:10 [INFO] 9 rounds retenus / 10 total (10 horodatés)
18:29:13 [INFO]   G/NG [18:31]: 10 matchs
18:29:16 [INFO]   G/NG [18:33]: 10 matchs
18:29:19 [INFO]   G/NG [18:35]: 10 matchs
18:29:22 [INFO]   G/NG [18:37]: 10 matchs
18:29:25 [INFO]   G/NG [18:39]: 10 matchs
18:29:28 [INFO]   G/NG [18:41]: 10 matchs
18:29:31 [INFO]   G/NG [18:43]: 10 matchs
18:29:34 [INFO]   G/NG [18:45]: 10 matchs
18:29:37 [INFO]   G/NG [18:47]: 10 matchs
18:29:37 [INFO] G/NG: 90 cotes → data/cbet_odds.json
18:29:37 [INFO] === FIN 39.6s erreurs=aucune ===
18:31:19 [INFO] === DÉBUT CYCLE mode=results ===
18:31:20 [INFO] === SCRAPE RÉSULTATS (version corrigée) ===
18:31:31 [INFO]   2 clics 'Afficher plus'
18:31:32 [INFO] Résultats: 100 → data/cbet_results.json
18:31:32 [INFO] === FIN 13.1s erreurs=aucune ===
19:30:45 [INFO] === DÉBUT CYCLE mode=1x2 ===
19:30:45 [INFO] === SCRAPE 1X2 ===
19:30:52 [INFO] 9 rounds retenus / 10 total (9 horodatés)
19:30:54 [INFO]   1X2 [19:32]: 10 matchs
19:30:55 [INFO]   1X2 [19:34]: 10 matchs
19:30:56 [INFO]   1X2 [19:36]: 10 matchs
19:30:58 [INFO]   1X2 [19:38]: 10 matchs
19:30:59 [INFO]   1X2 [19:40]: 10 matchs
19:31:01 [INFO]   1X2 [19:42]: 10 matchs
19:31:02 [INFO]   1X2 [19:44]: 10 matchs
19:31:03 [INFO]   1X2 [19:46]: 10 matchs
19:31:05 [INFO]   1X2 [19:48]: 10 matchs
19:31:05 [INFO] 1X2: 9 rounds → data/congobet_1x2_rounds.json
19:31:05 [INFO] === FIN 20.1s erreurs=aucune ===
19:31:05 [INFO] === DÉBUT CYCLE mode=gng ===
19:31:05 [INFO] === SCRAPE G/NG ===
19:31:12 [WARNING] Impossible de sélectionner G/NG
19:31:12 [INFO] === FIN 7.3s erreurs=aucune ===
19:32:54 [INFO] === DÉBUT CYCLE mode=results ===
19:32:54 [INFO] === SCRAPE RÉSULTATS (version corrigée) ===
19:33:01 [INFO]   0 clics 'Afficher plus'
19:33:01 [INFO] Résultats: 10 → data/cbet_results.json
19:33:01 [INFO] === FIN 7.3s erreurs=aucune ===
20:10:42 [INFO] === DÉBUT CYCLE mode=1x2 ===
20:10:42 [INFO] === SCRAPE 1X2 ===
20:10:49 [INFO] rounds ignorés (timer courant / hors séquence): ['00:00']
20:10:49 [INFO] 9 rounds retenus / 10 total (10 horodatés)
20:10:50 [INFO]   1X2 [20:12]: 10 matchs
20:10:51 [INFO]   1X2 [20:14]: 10 matchs
20:10:53 [INFO]   1X2 [20:16]: 10 matchs
20:10:54 [INFO]   1X2 [20:18]: 10 matchs
20:10:56 [INFO]   1X2 [20:20]: 10 matchs
20:10:57 [INFO]   1X2 [20:22]: 10 matchs
20:10:58 [INFO]   1X2 [20:24]: 10 matchs
20:11:00 [INFO]   1X2 [20:26]: 10 matchs
20:11:01 [INFO]   1X2 [20:28]: 10 matchs
20:11:01 [INFO] 1X2: 9 rounds → data/congobet_1x2_rounds.json
20:11:31 [INFO] === FIN 49.7s erreurs=aucune ===
20:11:33 [INFO] === DÉBUT CYCLE mode=gng ===
20:11:34 [INFO] === SCRAPE G/NG ===
20:11:40 [WARNING] Impossible de sélectionner G/NG
20:12:10 [INFO] === FIN 37.1s erreurs=aucune ===
20:13:59 [INFO] === DÉBUT CYCLE mode=results ===
20:13:59 [INFO] === SCRAPE RÉSULTATS (version corrigée) ===
20:14:12 [INFO]   5 clics 'Afficher plus'
20:14:16 [INFO] Résultats: 220 → data/cbet_results.json
20:14:16 [INFO] === FIN 17.2s erreurs=aucune ===
21:06:35 [INFO] === DÉBUT CYCLE mode=1x2 ===
21:06:35 [INFO] === SCRAPE 1X2 ===
21:06:42 [WARNING] Impossible de sélectionner 1X2
21:06:42 [INFO] 9 rounds retenus / 10 total (9 horodatés)
21:06:43 [INFO]   1X2 [21:07]: 10 matchs
21:06:44 [INFO]   1X2 [21:09]: 10 matchs
21:06:46 [INFO]   1X2 [21:11]: 10 matchs
21:06:47 [INFO]   1X2 [21:13]: 10 matchs
21:06:48 [INFO]   1X2 [21:15]: 10 matchs
21:06:50 [INFO]   1X2 [21:17]: 10 matchs
21:06:51 [INFO]   1X2 [21:19]: 10 matchs
21:06:52 [INFO]   1X2 [21:21]: 10 matchs
21:06:54 [INFO]   1X2 [21:23]: 10 matchs
21:06:54 [INFO] 1X2: 9 rounds → data/congobet_1x2_rounds.json
21:06:54 [INFO] === FIN 19.1s erreurs=aucune ===
21:06:54 [INFO] === DÉBUT CYCLE mode=gng ===
21:06:54 [INFO] === SCRAPE G/NG ===
21:07:03 [INFO] rounds ignorés (timer courant / hors séquence): ['00:46']
21:07:03 [INFO] 9 rounds retenus / 10 total (10 horodatés)
21:07:06 [INFO]   G/NG [21:09]: 10 matchs
21:07:09 [INFO]   G/NG [21:11]: 10 matchs
21:07:12 [INFO]   G/NG [21:13]: 10 matchs
21:07:15 [INFO]   G/NG [21:15]: 10 matchs
21:07:18 [INFO]   G/NG [21:17]: 10 matchs
21:07:21 [INFO]   G/NG [21:19]: 10 matchs
21:07:24 [INFO]   G/NG [21:21]: 10 matchs
21:07:27 [INFO]   G/NG [21:23]: 10 matchs
21:07:30 [INFO]   G/NG [21:25]: 10 matchs
21:07:30 [INFO] G/NG: 90 cotes → data/cbet_odds.json
21:07:30 [INFO] === FIN 35.8s erreurs=aucune ===
21:09:12 [INFO] === DÉBUT CYCLE mode=results ===
21:09:12 [INFO] === SCRAPE RÉSULTATS (version corrigée) ===
21:09:20 [INFO]   2 clics 'Afficher plus'
21:09:22 [INFO] Résultats: 100 → data/cbet_results.json
21:09:22 [INFO] === FIN 10.5s erreurs=aucune ===
21:59:46 [INFO] === DÉBUT CYCLE mode=1x2 ===
21:59:47 [INFO] === SCRAPE 1X2 ===
21:59:54 [WARNING] Impossible de sélectionner 1X2
21:59:54 [INFO] rounds ignorés (timer courant / hors séquence): ['22:01', '22:03']
21:59:54 [INFO] 7 rounds retenus / 10 total (9 horodatés)
21:59:56 [INFO]   1X2 [22:08]: 10 matchs
21:59:57 [INFO]   1X2 [22:10]: 10 matchs
21:59:58 [INFO]   1X2 [22:12]: 10 matchs
22:00:00 [INFO]   1X2 [22:14]: 10 matchs
22:00:01 [INFO]   1X2 [22:16]: 10 matchs
22:00:03 [INFO]   1X2 [22:18]: 10 matchs
22:00:04 [INFO]   1X2 [22:20]: 10 matchs
22:00:04 [INFO] 1X2: 7 rounds → data/congobet_1x2_rounds.json
22:00:34 [INFO] === FIN 47.7s erreurs=aucune ===
22:00:34 [INFO] === DÉBUT CYCLE mode=gng ===
22:00:35 [INFO] === SCRAPE G/NG ===
22:00:42 [WARNING] Impossible de sélectionner G/NG
22:01:12 [INFO] === FIN 37.4s erreurs=aucune ===
22:02:53 [INFO] === DÉBUT CYCLE mode=results ===
22:02:54 [INFO] === SCRAPE RÉSULTATS (version corrigée) ===
22:03:07 [INFO]   5 clics 'Afficher plus'
22:03:12 [INFO] Résultats: 240 → data/cbet_results.json
22:03:42 [INFO] === FIN 48.3s erreurs=aucune ===
22:49:44 [INFO] === DÉBUT CYCLE mode=1x2 ===
22:49:45 [INFO] === SCRAPE 1X2 ===
22:49:53 [INFO] rounds ignorés (timer courant / hors séquence): ['00:57']
22:49:53 [INFO] 9 rounds retenus / 10 total (10 horodatés)
22:49:54 [INFO]   1X2 [22:52]: 10 matchs
22:49:56 [INFO]   1X2 [22:54]: 10 matchs
22:49:57 [INFO]   1X2 [22:56]: 10 matchs
22:49:58 [INFO]   1X2 [22:58]: 10 matchs
22:50:00 [INFO]   1X2 [23:00]: 10 matchs
22:50:01 [INFO]   1X2 [23:02]: 10 matchs
22:50:03 [INFO]   1X2 [23:04]: 10 matchs
22:50:04 [INFO]   1X2 [23:06]: 10 matchs
22:50:05 [INFO]   1X2 [23:08]: 10 matchs
22:50:05 [INFO] 1X2: 9 rounds → data/congobet_1x2_rounds.json
22:50:05 [INFO] === FIN 21.9s erreurs=aucune ===
22:50:06 [INFO] === DÉBUT CYCLE mode=gng ===
22:50:06 [INFO] === SCRAPE G/NG ===
22:50:15 [INFO] rounds ignorés (timer courant / hors séquence): ['00:33']
22:50:15 [INFO] 9 rounds retenus / 10 total (10 horodatés)
22:50:19 [INFO]   G/NG [22:52]: 10 matchs
22:50:22 [INFO]   G/NG [22:54]: 10 matchs
22:50:25 [INFO]   G/NG [22:56]: 10 matchs
22:50:28 [INFO]   G/NG [22:58]: 10 matchs
22:50:31 [INFO]   G/NG [23:00]: 10 matchs
22:50:34 [INFO]   G/NG [23:02]: 10 matchs
22:50:37 [INFO]   G/NG [23:04]: 10 matchs
22:50:40 [INFO]   G/NG [23:06]: 10 matchs
22:50:43 [INFO]   G/NG [23:08]: 10 matchs
22:50:43 [INFO] G/NG: 90 cotes → data/cbet_odds.json
22:50:43 [INFO] === FIN 37.3s erreurs=aucune ===
22:52:25 [INFO] === DÉBUT CYCLE mode=results ===
22:52:25 [INFO] === SCRAPE RÉSULTATS (version corrigée) ===
22:52:39 [INFO]   5 clics 'Afficher plus'
22:52:43 [INFO] Résultats: 220 → data/cbet_results.json
22:53:14 [INFO] === FIN 48.2s erreurs=aucune ===
23:28:57 [INFO] === DÉBUT CYCLE mode=1x2 ===
23:28:58 [INFO] === SCRAPE 1X2 ===
23:29:07 [INFO] rounds ignorés (timer courant / hors séquence): ['00:43']
23:29:07 [INFO] 9 rounds retenus / 10 total (10 horodatés)
23:29:08 [INFO]   1X2 [23:31]: 10 matchs
23:29:09 [INFO]   1X2 [23:33]: 10 matchs
23:29:11 [INFO]   1X2 [23:35]: 10 matchs
23:29:12 [INFO]   1X2 [23:37]: 10 matchs
23:29:14 [INFO]   1X2 [23:39]: 10 matchs
23:29:15 [INFO]   1X2 [23:41]: 10 matchs
23:29:16 [INFO]   1X2 [23:43]: 10 matchs
23:29:18 [INFO]   1X2 [23:45]: 10 matchs
23:29:19 [INFO]   1X2 [23:47]: 10 matchs
23:29:19 [INFO] 1X2: 9 rounds → data/congobet_1x2_rounds.json
23:29:19 [INFO] === FIN 21.8s erreurs=aucune ===
23:29:19 [INFO] === DÉBUT CYCLE mode=gng ===
23:29:20 [INFO] === SCRAPE G/NG ===
23:29:31 [INFO] rounds ignorés (timer courant / hors séquence): ['00:18']
23:29:31 [INFO] 9 rounds retenus / 10 total (10 horodatés)
23:29:34 [INFO]   G/NG [23:31]: 10 matchs
23:29:37 [INFO]   G/NG [23:33]: 10 matchs
23:29:40 [INFO]   G/NG [23:35]: 10 matchs
23:29:43 [INFO]   G/NG [23:37]: 10 matchs
23:29:46 [INFO]   G/NG [23:39]: 10 matchs
23:29:49 [INFO]   G/NG [23:41]: 10 matchs
23:29:52 [INFO]   G/NG [23:43]: 10 matchs
23:29:55 [INFO]   G/NG [23:45]: 10 matchs
23:29:58 [INFO]   G/NG [23:47]: 10 matchs
23:29:58 [INFO] G/NG: 90 cotes → data/cbet_odds.json
23:29:58 [INFO] === FIN 38.8s erreurs=aucune ===
23:31:40 [INFO] === DÉBUT CYCLE mode=results ===
23:31:40 [INFO] === SCRAPE RÉSULTATS (version corrigée) ===
23:31:49 [INFO]   0 clics 'Afficher plus'
23:31:49 [INFO] Résultats: 20 → data/cbet_results.json
23:32:19 [INFO] === FIN 39.3s erreurs=aucune ===
00:06:56 [INFO] === DÉBUT CYCLE mode=1x2 ===
00:06:57 [INFO] === SCRAPE 1X2 ===
00:07:03 [INFO] rounds ignorés (timer courant / hors séquence): ['00:45']
00:07:03 [INFO] 9 rounds retenus / 10 total (10 horodatés)
00:07:04 [INFO]   1X2 [00:09]: 10 matchs
00:07:05 [INFO]   1X2 [00:11]: 10 matchs
00:07:06 [INFO]   1X2 [00:13]: 10 matchs
00:07:07 [INFO]   1X2 [00:15]: 10 matchs
00:07:09 [INFO]   1X2 [00:17]: 10 matchs
00:07:10 [INFO]   1X2 [00:19]: 10 matchs
00:07:11 [INFO]   1X2 [00:21]: 10 matchs
00:07:13 [INFO]   1X2 [00:23]: 10 matchs
00:07:14 [INFO]   1X2 [00:25]: 10 matchs
00:07:14 [INFO] 1X2: 9 rounds → data/congobet_1x2_rounds.json
00:07:44 [INFO] === FIN 48.0s erreurs=aucune ===
00:07:46 [INFO] === DÉBUT CYCLE mode=gng ===
00:07:47 [INFO] === SCRAPE G/NG ===
00:07:53 [WARNING] Impossible de sélectionner G/NG
00:07:53 [INFO] === FIN 6.7s erreurs=aucune ===
00:09:37 [INFO] === DÉBUT CYCLE mode=results ===
00:09:38 [INFO] === SCRAPE RÉSULTATS (version corrigée) ===
00:09:50 [INFO]   5 clics 'Afficher plus'
00:09:54 [INFO] Résultats: 210 → data/cbet_results.json
00:09:54 [INFO] === FIN 16.7s erreurs=aucune ===
03:30:28 [INFO] === DÉBUT CYCLE mode=1x2 ===
03:30:29 [INFO] === SCRAPE 1X2 ===
03:30:37 [INFO] rounds ignorés (timer courant / hors séquence): ['00:12']
03:30:37 [INFO] 9 rounds retenus / 10 total (10 horodatés)
03:30:39 [INFO]   1X2 [03:32]: 10 matchs
03:30:40 [INFO]   1X2 [03:34]: 10 matchs
03:30:41 [INFO]   1X2 [03:36]: 10 matchs
03:30:43 [INFO]   1X2 [03:38]: 10 matchs
03:30:44 [INFO]   1X2 [03:40]: 10 matchs
03:30:45 [INFO]   1X2 [03:42]: 10 matchs
03:30:47 [INFO]   1X2 [03:44]: 10 matchs
03:30:48 [INFO]   1X2 [03:46]: 10 matchs
03:30:50 [INFO]   1X2 [03:48]: 10 matchs
03:30:50 [INFO] 1X2: 9 rounds → data/congobet_1x2_rounds.json
03:31:20 [INFO] === FIN 51.8s erreurs=aucune ===
03:31:21 [INFO] === DÉBUT CYCLE mode=gng ===
03:31:21 [INFO] === SCRAPE G/NG ===
03:31:30 [WARNING] Impossible de sélectionner G/NG
03:31:30 [INFO] === FIN 9.4s erreurs=aucune ===
03:33:13 [INFO] === DÉBUT CYCLE mode=results ===
03:33:13 [INFO] === SCRAPE RÉSULTATS (version corrigée) ===
03:33:22 [INFO]   0 clics 'Afficher plus'
03:33:22 [INFO] Résultats: 40 → data/cbet_results.json
03:33:22 [INFO] === FIN 9.6s erreurs=aucune ===
05:29:58 [INFO] === DÉBUT CYCLE mode=1x2 ===
05:30:00 [INFO] === SCRAPE 1X2 ===
05:30:08 [WARNING] Impossible de sélectionner 1X2
05:30:08 [INFO] 9 rounds retenus / 10 total (9 horodatés)
05:30:10 [INFO]   1X2 [05:31]: 10 matchs
05:30:11 [INFO]   1X2 [05:33]: 10 matchs
05:30:13 [INFO]   1X2 [05:35]: 10 matchs
05:30:14 [INFO]   1X2 [05:37]: 10 matchs
05:30:15 [INFO]   1X2 [05:39]: 10 matchs
05:30:17 [INFO]   1X2 [05:41]: 10 matchs
05:30:18 [INFO]   1X2 [05:43]: 10 matchs
05:30:20 [INFO]   1X2 [05:45]: 10 matchs
05:30:21 [INFO]   1X2 [05:47]: 10 matchs
05:30:21 [INFO] 1X2: 9 rounds → data/congobet_1x2_rounds.json
05:30:21 [INFO] === FIN 23.1s erreurs=aucune ===
05:30:21 [INFO] === DÉBUT CYCLE mode=gng ===
05:30:22 [INFO] === SCRAPE G/NG ===
05:30:29 [WARNING] Impossible de sélectionner G/NG
05:30:59 [INFO] === FIN 37.8s erreurs=aucune ===
05:32:42 [INFO] === DÉBUT CYCLE mode=results ===
05:32:43 [INFO] === SCRAPE RÉSULTATS (version corrigée) ===
05:32:56 [INFO]   5 clics 'Afficher plus'
05:33:00 [INFO] Résultats: 230 → data/cbet_results.json
05:33:00 [INFO] === FIN 18.3s erreurs=aucune ===
06:52:52 [INFO] === DÉBUT CYCLE mode=1x2 ===
06:52:53 [INFO] === SCRAPE 1X2 ===
06:53:02 [WARNING] Impossible de sélectionner 1X2
06:53:02 [INFO] 9 rounds retenus / 10 total (9 horodatés)
06:53:04 [INFO]   1X2 [06:54]: 10 matchs
06:53:05 [INFO]   1X2 [06:56]: 10 matchs
06:53:07 [INFO]   1X2 [06:58]: 10 matchs
06:53:08 [INFO]   1X2 [07:00]: 10 matchs
06:53:09 [INFO]   1X2 [07:02]: 10 matchs
06:53:11 [INFO]   1X2 [07:04]: 10 matchs
06:53:12 [INFO]   1X2 [07:06]: 10 matchs
06:53:14 [INFO]   1X2 [07:08]: 10 matchs
06:53:15 [INFO]   1X2 [07:10]: 10 matchs
06:53:15 [INFO] 1X2: 9 rounds → data/congobet_1x2_rounds.json
06:53:45 [INFO] === FIN 52.8s erreurs=aucune ===
06:53:45 [INFO] === DÉBUT CYCLE mode=gng ===
06:53:46 [INFO] === SCRAPE G/NG ===
06:53:56 [INFO] rounds ignorés (timer courant / hors séquence): ['00:52']
06:53:56 [INFO] 9 rounds retenus / 10 total (10 horodatés)
06:54:00 [INFO]   G/NG [06:56]: 10 matchs
06:54:03 [INFO]   G/NG [06:58]: 10 matchs
06:54:06 [INFO]   G/NG [07:00]: 10 matchs
06:54:09 [INFO]   G/NG [07:02]: 10 matchs
06:54:12 [INFO]   G/NG [07:04]: 10 matchs
06:54:15 [INFO]   G/NG [07:06]: 10 matchs
06:54:18 [INFO]   G/NG [07:08]: 10 matchs
06:54:21 [INFO]   G/NG [07:10]: 10 matchs
06:54:24 [INFO]   G/NG [07:12]: 10 matchs
06:54:24 [INFO] G/NG: 90 cotes → data/cbet_odds.json
06:54:24 [INFO] === FIN 38.6s erreurs=aucune ===
06:56:06 [INFO] === DÉBUT CYCLE mode=results ===
06:56:06 [INFO] === SCRAPE RÉSULTATS (version corrigée) ===
06:56:21 [INFO]   5 clics 'Afficher plus'
06:56:25 [INFO] Résultats: 240 → data/cbet_results.json
06:56:56 [INFO] === FIN 50.0s erreurs=aucune ===
07:58:50 [INFO] === DÉBUT CYCLE mode=1x2 ===
07:58:51 [INFO] === SCRAPE 1X2 ===
07:59:00 [INFO] rounds ignorés (timer courant / hors séquence): ['00:49']
07:59:00 [INFO] 9 rounds retenus / 10 total (10 horodatés)
07:59:01 [INFO]   1X2 [08:01]: 10 matchs
07:59:03 [INFO]   1X2 [08:03]: 10 matchs
07:59:04 [INFO]   1X2 [08:05]: 10 matchs
07:59:05 [INFO]   1X2 [08:07]: 10 matchs
07:59:07 [INFO]   1X2 [08:09]: 10 matchs
07:59:08 [INFO]   1X2 [08:11]: 10 matchs
07:59:10 [INFO]   1X2 [08:13]: 10 matchs
07:59:11 [INFO]   1X2 [08:15]: 10 matchs
07:59:12 [INFO]   1X2 [08:17]: 10 matchs
07:59:12 [INFO] 1X2: 9 rounds → data/congobet_1x2_rounds.json
07:59:42 [INFO] === FIN 52.8s erreurs=aucune ===
07:59:42 [INFO] === DÉBUT CYCLE mode=gng ===
07:59:43 [INFO] === SCRAPE G/NG ===
07:59:52 [WARNING] Impossible de sélectionner G/NG
07:59:52 [INFO] === FIN 9.4s erreurs=aucune ===
08:01:34 [INFO] === DÉBUT CYCLE mode=results ===
08:01:34 [INFO] === SCRAPE RÉSULTATS (version corrigée) ===
08:01:48 [INFO]   4 clics 'Afficher plus'
08:01:51 [INFO] Résultats: 200 → data/cbet_results.json
08:01:51 [INFO] === FIN 17.7s erreurs=aucune ===
08:59:32 [INFO] === DÉBUT CYCLE mode=1x2 ===
08:59:34 [INFO] === SCRAPE 1X2 ===
08:59:40 [WARNING] Impossible de sélectionner 1X2
08:59:41 [INFO] 9 rounds retenus / 10 total (9 horodatés)
08:59:41 [INFO]   1X2 [09:00]: 10 matchs
08:59:42 [INFO]   1X2 [09:02]: 10 matchs
08:59:44 [INFO]   1X2 [09:04]: 10 matchs
08:59:45 [INFO]   1X2 [09:06]: 10 matchs
08:59:47 [INFO]   1X2 [09:08]: 10 matchs
08:59:48 [INFO]   1X2 [09:10]: 10 matchs
08:59:49 [INFO]   1X2 [09:12]: 10 matchs
08:59:51 [INFO]   1X2 [09:14]: 10 matchs
08:59:52 [INFO]   1X2 [09:16]: 10 matchs
08:59:52 [INFO] 1X2: 9 rounds → data/congobet_1x2_rounds.json
09:00:23 [INFO] === FIN 50.2s erreurs=aucune ===
09:00:26 [INFO] === DÉBUT CYCLE mode=gng ===
09:00:27 [INFO] === SCRAPE G/NG ===
09:00:38 [INFO] rounds ignorés (timer courant / hors séquence): ['00:11']
09:00:38 [INFO] 9 rounds retenus / 10 total (10 horodatés)
09:00:41 [INFO]   G/NG [09:02]: 10 matchs
09:00:44 [INFO]   G/NG [09:04]: 10 matchs
09:00:47 [INFO]   G/NG [09:06]: 10 matchs
09:00:50 [INFO]   G/NG [09:08]: 10 matchs
09:00:53 [INFO]   G/NG [09:10]: 10 matchs
09:00:56 [INFO]   G/NG [09:12]: 10 matchs
09:00:59 [INFO]   G/NG [09:14]: 10 matchs
09:01:02 [INFO]   G/NG [09:16]: 10 matchs
09:01:05 [INFO]   G/NG [09:18]: 10 matchs
09:01:05 [INFO] G/NG: 90 cotes → data/cbet_odds.json
09:01:05 [INFO] === FIN 39.3s erreurs=aucune ===
09:02:47 [INFO] === DÉBUT CYCLE mode=results ===
09:02:48 [INFO] === SCRAPE RÉSULTATS (version corrigée) ===
09:02:56 [INFO]   2 clics 'Afficher plus'
09:02:58 [INFO] Résultats: 110 → data/cbet_results.json
09:02:58 [INFO] === FIN 10.8s erreurs=aucune ===
09:57:42 [INFO] === DÉBUT CYCLE mode=1x2 ===
09:57:44 [INFO] === SCRAPE 1X2 ===
09:57:50 [INFO] rounds ignorés (timer courant / hors séquence): ['01:58']
09:57:50 [INFO] 9 rounds retenus / 10 total (10 horodatés)
09:57:52 [INFO]   1X2 [10:01]: 10 matchs
09:57:53 [INFO]   1X2 [10:03]: 10 matchs
09:57:55 [INFO]   1X2 [10:05]: 10 matchs
09:57:56 [INFO]   1X2 [10:07]: 10 matchs
09:57:57 [INFO]   1X2 [10:09]: 10 matchs
09:57:59 [INFO]   1X2 [10:11]: 10 matchs
09:58:00 [INFO]   1X2 [10:13]: 10 matchs
09:58:01 [INFO]   1X2 [10:15]: 10 matchs
09:58:03 [INFO]   1X2 [10:17]: 10 matchs
09:58:03 [INFO] 1X2: 9 rounds → data/congobet_1x2_rounds.json
09:58:03 [INFO] === FIN 20.6s erreurs=aucune ===
09:58:03 [INFO] === DÉBUT CYCLE mode=gng ===
09:58:03 [INFO] === SCRAPE G/NG ===
09:58:12 [INFO] rounds ignorés (timer courant / hors séquence): ['01:37']
09:58:12 [INFO] 9 rounds retenus / 10 total (10 horodatés)
09:58:15 [INFO]   G/NG [10:01]: 10 matchs
09:58:17 [INFO]   G/NG [10:03]: 10 matchs
09:58:20 [INFO]   G/NG [10:05]: 10 matchs
09:58:23 [INFO]   G/NG [10:07]: 10 matchs
09:58:26 [INFO]   G/NG [10:09]: 10 matchs
09:58:29 [INFO]   G/NG [10:11]: 10 matchs
09:58:33 [INFO]   G/NG [10:13]: 10 matchs
09:58:36 [INFO]   G/NG [10:15]: 10 matchs
09:58:39 [INFO]   G/NG [10:17]: 10 matchs
09:58:39 [INFO] G/NG: 90 cotes → data/cbet_odds.json
09:59:09 [INFO] === FIN 65.7s erreurs=aucune ===
10:00:55 [INFO] === DÉBUT CYCLE mode=results ===
10:00:55 [INFO] === SCRAPE RÉSULTATS (version corrigée) ===
10:01:01 [INFO]   0 clics 'Afficher plus'
10:01:02 [INFO] Résultats: 10 → data/cbet_results.json
10:01:02 [INFO] === FIN 6.8s erreurs=aucune ===
10:46:37 [INFO] === DÉBUT CYCLE mode=1x2 ===
10:46:38 [INFO] === SCRAPE 1X2 ===
10:46:45 [WARNING] Impossible de sélectionner 1X2
10:46:45 [INFO] 9 rounds retenus / 10 total (9 horodatés)
10:46:47 [INFO]   1X2 [10:47]: 10 matchs
10:46:48 [INFO]   1X2 [10:49]: 10 matchs
10:46:49 [INFO]   1X2 [10:51]: 10 matchs
10:46:51 [INFO]   1X2 [10:53]: 10 matchs
10:46:52 [INFO]   1X2 [10:55]: 10 matchs
10:46:54 [INFO]   1X2 [10:57]: 10 matchs
10:46:55 [INFO]   1X2 [10:59]: 10 matchs
10:46:56 [INFO]   1X2 [11:01]: 10 matchs
10:46:58 [INFO]   1X2 [11:03]: 10 matchs
10:46:58 [INFO] 1X2: 9 rounds → data/congobet_1x2_rounds.json
10:47:28 [INFO] === FIN 50.3s erreurs=aucune ===
10:47:28 [INFO] === DÉBUT CYCLE mode=gng ===
10:47:29 [INFO] === SCRAPE G/NG ===
10:47:38 [INFO] rounds ignorés (timer courant / hors séquence): ['00:12']
10:47:38 [INFO] 9 rounds retenus / 10 total (10 horodatés)
10:47:41 [INFO]   G/NG [10:49]: 10 matchs
10:47:44 [INFO]   G/NG [10:51]: 10 matchs
10:47:47 [INFO]   G/NG [10:53]: 10 matchs
10:47:50 [INFO]   G/NG [10:55]: 10 matchs
10:47:53 [INFO]   G/NG [10:57]: 10 matchs
10:47:56 [INFO]   G/NG [10:59]: 10 matchs
10:47:59 [INFO]   G/NG [11:01]: 10 matchs
10:48:02 [INFO]   G/NG [11:03]: 10 matchs
10:48:05 [INFO]   G/NG [11:05]: 10 matchs
10:48:05 [INFO] G/NG: 90 cotes → data/cbet_odds.json
10:48:35 [INFO] === FIN 67.4s erreurs=aucune ===
10:50:17 [INFO] === DÉBUT CYCLE mode=results ===
10:50:18 [INFO] === SCRAPE RÉSULTATS (version corrigée) ===
10:50:31 [INFO]   5 clics 'Afficher plus'
10:50:35 [INFO] Résultats: 240 → data/cbet_results.json
10:51:06 [INFO] === FIN 48.3s erreurs=aucune ===
11:27:29 [INFO] === DÉBUT CYCLE mode=1x2 ===
11:27:30 [INFO] === SCRAPE 1X2 ===
11:27:38 [WARNING] Impossible de sélectionner 1X2
11:27:38 [INFO] 9 rounds retenus / 10 total (9 horodatés)
11:27:39 [INFO]   1X2 [11:28]: 10 matchs
11:27:41 [INFO]   1X2 [11:30]: 10 matchs
11:27:42 [INFO]   1X2 [11:32]: 10 matchs
11:27:43 [INFO]   1X2 [11:34]: 10 matchs
11:27:45 [INFO]   1X2 [11:36]: 10 matchs
11:27:46 [INFO]   1X2 [11:38]: 10 matchs
11:27:48 [INFO]   1X2 [11:40]: 10 matchs
11:27:49 [INFO]   1X2 [11:42]: 10 matchs
11:27:50 [INFO]   1X2 [11:44]: 10 matchs
11:27:50 [INFO] 1X2: 9 rounds → data/congobet_1x2_rounds.json
11:27:50 [INFO] === FIN 21.2s erreurs=aucune ===
11:27:50 [INFO] === DÉBUT CYCLE mode=gng ===
11:27:51 [INFO] === SCRAPE G/NG ===
11:28:00 [INFO] rounds ignorés (timer courant / hors séquence): ['00:48']
11:28:00 [INFO] 9 rounds retenus / 10 total (10 horodatés)
11:28:03 [INFO]   G/NG [11:30]: 10 matchs
11:28:06 [INFO]   G/NG [11:32]: 10 matchs
11:28:09 [INFO]   G/NG [11:34]: 10 matchs
11:28:12 [INFO]   G/NG [11:36]: 10 matchs
11:28:15 [INFO]   G/NG [11:38]: 10 matchs
11:28:18 [INFO]   G/NG [11:40]: 10 matchs
11:28:21 [INFO]   G/NG [11:42]: 10 matchs
11:28:24 [INFO]   G/NG [11:44]: 10 matchs
11:28:27 [INFO]   G/NG [11:46]: 10 matchs
11:28:27 [INFO] G/NG: 90 cotes → data/cbet_odds.json
11:28:57 [INFO] === FIN 67.0s erreurs=aucune ===
11:30:39 [INFO] === DÉBUT CYCLE mode=results ===
11:30:40 [INFO] === SCRAPE RÉSULTATS (version corrigée) ===
11:30:48 [INFO]   1 clics 'Afficher plus'
11:30:49 [INFO] Résultats: 60 → data/cbet_results.json
11:31:19 [INFO] === FIN 39.6s erreurs=aucune ===
12:02:36 [INFO] === DÉBUT CYCLE mode=1x2 ===
12:02:38 [INFO] === SCRAPE 1X2 ===
12:02:45 [INFO] rounds ignorés (timer courant / hors séquence): ['00:04']
12:02:45 [INFO] 9 rounds retenus / 10 total (10 horodatés)
12:02:46 [INFO]   1X2 [12:04]: 10 matchs
12:02:48 [INFO]   1X2 [12:06]: 10 matchs
12:02:49 [INFO]   1X2 [12:08]: 10 matchs
12:02:50 [INFO]   1X2 [12:10]: 10 matchs
12:02:52 [INFO]   1X2 [12:12]: 10 matchs
12:02:53 [INFO]   1X2 [12:14]: 10 matchs
12:02:54 [INFO]   1X2 [12:16]: 10 matchs
12:02:56 [INFO]   1X2 [12:18]: 10 matchs
12:02:57 [INFO]   1X2 [12:20]: 10 matchs
12:02:57 [INFO] 1X2: 9 rounds → data/congobet_1x2_rounds.json
12:03:27 [INFO] === FIN 51.5s erreurs=aucune ===
12:03:27 [INFO] === DÉBUT CYCLE mode=gng ===
12:03:28 [INFO] === SCRAPE G/NG ===
12:03:42 [INFO] rounds ignorés (timer courant / hors séquence): ['01:07']
12:03:42 [INFO] 9 rounds retenus / 10 total (10 horodatés)
12:03:45 [INFO]   G/NG [12:06]: 10 matchs
12:03:48 [INFO]   G/NG [12:08]: 10 matchs
12:03:51 [INFO]   G/NG [12:10]: 10 matchs
12:03:54 [INFO]   G/NG [12:12]: 10 matchs
12:03:57 [INFO]   G/NG [12:14]: 10 matchs
12:04:00 [INFO]   G/NG [12:16]: 10 matchs
12:04:03 [INFO]   G/NG [12:18]: 10 matchs
12:04:06 [INFO]   G/NG [12:20]: 10 matchs
12:04:09 [INFO]   G/NG [12:22]: 10 matchs
12:04:09 [INFO] G/NG: 90 cotes → data/cbet_odds.json
12:04:39 [INFO] === FIN 72.1s erreurs=aucune ===
12:06:21 [INFO] === DÉBUT CYCLE mode=results ===
12:06:22 [INFO] === SCRAPE RÉSULTATS (version corrigée) ===
12:06:34 [INFO]   5 clics 'Afficher plus'
12:06:39 [INFO] Résultats: 240 → data/cbet_results.json
12:07:09 [INFO] === FIN 47.6s erreurs=aucune ===
13:26:03 [INFO] === DÉBUT CYCLE mode=1x2 ===
13:26:06 [INFO] === SCRAPE 1X2 ===
13:26:14 [WARNING] Impossible de sélectionner 1X2
13:26:15 [INFO] 9 rounds retenus / 10 total (9 horodatés)
13:26:16 [INFO]   1X2 [13:27]: 10 matchs
13:26:17 [INFO]   1X2 [13:29]: 10 matchs
13:26:19 [INFO]   1X2 [13:31]: 10 matchs
13:26:20 [INFO]   1X2 [13:33]: 10 matchs
13:26:21 [INFO]   1X2 [13:35]: 10 matchs
13:26:23 [INFO]   1X2 [13:37]: 10 matchs
13:26:24 [INFO]   1X2 [13:39]: 10 matchs
13:26:25 [INFO]   1X2 [13:41]: 10 matchs
13:26:27 [INFO]   1X2 [13:43]: 10 matchs
13:26:27 [INFO] 1X2: 9 rounds → data/congobet_1x2_rounds.json
13:26:27 [INFO] === FIN 23.8s erreurs=aucune ===
13:26:27 [INFO] === DÉBUT CYCLE mode=gng ===
13:26:28 [INFO] === SCRAPE G/NG ===
13:26:37 [WARNING] Impossible de sélectionner G/NG
13:26:37 [INFO] === FIN 9.4s erreurs=aucune ===
13:28:19 [INFO] === DÉBUT CYCLE mode=results ===
13:28:19 [INFO] === SCRAPE RÉSULTATS (version corrigée) ===
13:28:34 [INFO]   5 clics 'Afficher plus'
13:28:37 [INFO] Résultats: 240 → data/cbet_results.json
13:28:37 [INFO] === FIN 18.9s erreurs=aucune ===
14:13:17 [INFO] === DÉBUT CYCLE mode=1x2 ===
14:13:17 [INFO] === SCRAPE 1X2 ===
14:13:24 [WARNING] Impossible de sélectionner 1X2
14:13:24 [INFO] 9 rounds retenus / 10 total (9 horodatés)
14:13:26 [INFO]   1X2 [14:14]: 10 matchs
14:13:27 [INFO]   1X2 [14:16]: 10 matchs
14:13:29 [INFO]   1X2 [14:18]: 10 matchs
14:13:30 [INFO]   1X2 [14:20]: 10 matchs
14:13:31 [INFO]   1X2 [14:22]: 10 matchs
14:13:33 [INFO]   1X2 [14:24]: 10 matchs
14:13:34 [INFO]   1X2 [14:26]: 10 matchs
14:13:36 [INFO]   1X2 [14:28]: 10 matchs
14:13:37 [INFO]   1X2 [14:30]: 10 matchs
14:13:37 [INFO] 1X2: 9 rounds → data/congobet_1x2_rounds.json
14:13:37 [INFO] === FIN 20.6s erreurs=aucune ===
14:13:37 [INFO] === DÉBUT CYCLE mode=gng ===
14:13:38 [INFO] === SCRAPE G/NG ===
14:13:44 [WARNING] Impossible de sélectionner G/NG
14:14:15 [INFO] === FIN 37.2s erreurs=aucune ===
14:15:59 [INFO] === DÉBUT CYCLE mode=results ===
14:15:59 [INFO] === SCRAPE RÉSULTATS (version corrigée) ===
14:16:08 [INFO]   2 clics 'Afficher plus'
14:16:10 [INFO] Résultats: 100 → data/cbet_results.json
14:16:40 [INFO] === FIN 41.0s erreurs=aucune ===
15:02:31 [INFO] === DÉBUT CYCLE mode=1x2 ===
15:02:33 [INFO] === SCRAPE 1X2 ===
15:02:40 [INFO] rounds ignorés (timer courant / hors séquence): ['00:09', '15:04', '15:06', '15:08', '15:10']
15:02:40 [INFO] 5 rounds retenus / 10 total (10 horodatés)
15:02:41 [INFO]   1X2 [15:15]: 10 matchs
15:02:43 [INFO]   1X2 [15:17]: 10 matchs
15:02:44 [INFO]   1X2 [15:19]: 10 matchs
15:02:46 [INFO]   1X2 [15:21]: 10 matchs
15:02:47 [INFO]   1X2 [15:23]: 10 matchs
15:02:47 [INFO] 1X2: 5 rounds → data/congobet_1x2_rounds.json
15:03:17 [INFO] === FIN 46.1s erreurs=aucune ===
15:03:17 [INFO] === DÉBUT CYCLE mode=gng ===
15:03:18 [INFO] === SCRAPE G/NG ===
15:03:25 [WARNING] Impossible de sélectionner G/NG
15:03:25 [INFO] === FIN 7.6s erreurs=aucune ===
15:05:07 [INFO] === DÉBUT CYCLE mode=results ===
15:05:07 [INFO] === SCRAPE RÉSULTATS (version corrigée) ===
15:05:20 [INFO]   5 clics 'Afficher plus'
15:05:26 [INFO] Résultats: 240 → data/cbet_results.json
15:05:26 [INFO] === FIN 18.6s erreurs=aucune ===
15:52:16 [INFO] === DÉBUT CYCLE mode=1x2 ===
15:52:18 [INFO] === SCRAPE 1X2 ===
15:52:25 [WARNING] Impossible de sélectionner 1X2
15:52:25 [INFO] 9 rounds retenus / 10 total (9 horodatés)
15:52:26 [INFO]   1X2 [15:53]: 10 matchs
15:52:28 [INFO]   1X2 [15:55]: 10 matchs
15:52:29 [INFO]   1X2 [15:57]: 10 matchs
15:52:30 [INFO]   1X2 [15:59]: 10 matchs
15:52:32 [INFO]   1X2 [16:01]: 10 matchs
15:52:33 [INFO]   1X2 [16:03]: 10 matchs
15:52:35 [INFO]   1X2 [16:05]: 10 matchs
15:52:36 [INFO]   1X2 [16:07]: 10 matchs
15:52:37 [INFO]   1X2 [16:09]: 10 matchs
15:52:37 [INFO] 1X2: 9 rounds → data/congobet_1x2_rounds.json
15:53:09 [INFO] === FIN 51.7s erreurs=aucune ===
15:53:10 [INFO] === DÉBUT CYCLE mode=gng ===
15:53:11 [INFO] === SCRAPE G/NG ===
15:53:20 [INFO] rounds ignorés (timer courant / hors séquence): ['00:30']
15:53:20 [INFO] 9 rounds retenus / 10 total (10 horodatés)
15:53:23 [INFO]   G/NG [15:55]: 10 matchs
15:53:26 [INFO]   G/NG [15:57]: 10 matchs
15:53:29 [INFO]   G/NG [15:59]: 10 matchs
15:53:32 [INFO]   G/NG [16:01]: 10 matchs
15:53:35 [INFO]   G/NG [16:03]: 10 matchs
15:53:38 [INFO]   G/NG [16:05]: 10 matchs
15:53:41 [INFO]   G/NG [16:07]: 10 matchs
15:53:44 [INFO]   G/NG [16:09]: 10 matchs
15:53:47 [INFO]   G/NG [16:11]: 10 matchs
15:53:47 [INFO] G/NG: 90 cotes → data/cbet_odds.json
15:53:47 [INFO] === FIN 37.5s erreurs=aucune ===
15:55:29 [INFO] === DÉBUT CYCLE mode=results ===
15:55:30 [INFO] === SCRAPE RÉSULTATS (version corrigée) ===
15:55:41 [INFO]   4 clics 'Afficher plus'
15:55:45 [INFO] Résultats: 200 → data/cbet_results.json
15:55:45 [INFO] === FIN 15.6s erreurs=aucune ===
16:27:01 [INFO] === DÉBUT CYCLE mode=1x2 ===
16:27:02 [INFO] === SCRAPE 1X2 ===
16:27:10 [INFO] rounds ignorés (timer courant / hors séquence): ['00:39', '16:29']
16:27:10 [INFO] 8 rounds retenus / 10 total (10 horodatés)
16:27:12 [INFO]   1X2 [16:34]: 10 matchs
16:27:13 [INFO]   1X2 [16:36]: 10 matchs
16:27:14 [INFO]   1X2 [16:38]: 10 matchs
16:27:16 [INFO]   1X2 [16:40]: 10 matchs
16:27:17 [INFO]   1X2 [16:42]: 10 matchs
16:27:19 [INFO]   1X2 [16:44]: 10 matchs
16:27:20 [INFO]   1X2 [16:46]: 10 matchs
16:27:21 [INFO]   1X2 [16:48]: 10 matchs
16:27:21 [INFO] 1X2: 8 rounds → data/congobet_1x2_rounds.json
16:27:21 [INFO] === FIN 20.3s erreurs=aucune ===
16:27:22 [INFO] === DÉBUT CYCLE mode=gng ===
16:27:22 [INFO] === SCRAPE G/NG ===
16:27:33 [INFO] rounds ignorés (timer courant / hors séquence): ['00:16', '16:29']
16:27:33 [INFO] 8 rounds retenus / 10 total (10 horodatés)
16:27:36 [INFO]   G/NG [16:34]: 10 matchs
16:27:39 [INFO]   G/NG [16:36]: 10 matchs
16:27:42 [INFO]   G/NG [16:38]: 10 matchs
16:27:45 [INFO]   G/NG [16:40]: 10 matchs
16:27:48 [INFO]   G/NG [16:42]: 10 matchs
16:27:51 [INFO]   G/NG [16:44]: 10 matchs
16:27:54 [INFO]   G/NG [16:46]: 10 matchs
16:27:57 [INFO]   G/NG [16:48]: 10 matchs
16:27:57 [INFO] G/NG: 80 cotes → data/cbet_odds.json
16:27:57 [INFO] === FIN 35.7s erreurs=aucune ===
16:29:39 [INFO] === DÉBUT CYCLE mode=results ===
16:29:40 [INFO] === SCRAPE RÉSULTATS (version corrigée) ===
16:29:54 [INFO]   5 clics 'Afficher plus'
16:29:59 [INFO] Résultats: 240 → data/cbet_results.json
16:30:29 [INFO] === FIN 49.9s erreurs=aucune ===
17:09:34 [INFO] === DÉBUT CYCLE mode=1x2 ===
17:09:34 [INFO] === SCRAPE 1X2 ===
17:09:41 [WARNING] Impossible de sélectionner 1X2
17:09:41 [INFO] 9 rounds retenus / 10 total (9 horodatés)
17:09:43 [INFO]   1X2 [17:10]: 10 matchs
17:09:44 [INFO]   1X2 [17:12]: 10 matchs
17:09:46 [INFO]   1X2 [17:14]: 10 matchs
17:09:47 [INFO]   1X2 [17:16]: 10 matchs
17:09:48 [INFO]   1X2 [17:18]: 10 matchs
17:09:50 [INFO]   1X2 [17:20]: 10 matchs
17:09:51 [INFO]   1X2 [17:22]: 10 matchs
17:09:53 [INFO]   1X2 [17:24]: 10 matchs
17:09:54 [INFO]   1X2 [17:26]: 10 matchs
17:09:54 [INFO] 1X2: 9 rounds → data/congobet_1x2_rounds.json
17:09:54 [INFO] === FIN 20.4s erreurs=aucune ===
17:09:54 [INFO] === DÉBUT CYCLE mode=gng ===
17:09:55 [INFO] === SCRAPE G/NG ===
17:10:04 [INFO] rounds ignorés (timer courant / hors séquence): ['00:46']
17:10:04 [INFO] 9 rounds retenus / 10 total (10 horodatés)
17:10:07 [INFO]   G/NG [17:12]: 10 matchs
17:10:10 [INFO]   G/NG [17:14]: 10 matchs
17:10:13 [INFO]   G/NG [17:16]: 10 matchs
17:10:16 [INFO]   G/NG [17:18]: 10 matchs
17:10:19 [INFO]   G/NG [17:20]: 10 matchs
17:10:22 [INFO]   G/NG [17:22]: 10 matchs
17:10:25 [INFO]   G/NG [17:24]: 10 matchs
17:10:28 [INFO]   G/NG [17:26]: 10 matchs
17:10:31 [INFO]   G/NG [17:28]: 10 matchs
17:10:31 [INFO] G/NG: 90 cotes → data/cbet_odds.json
17:10:31 [INFO] === FIN 37.1s erreurs=aucune ===
17:12:13 [INFO] === DÉBUT CYCLE mode=results ===
17:12:14 [INFO] === SCRAPE RÉSULTATS (version corrigée) ===
17:12:25 [INFO]   4 clics 'Afficher plus'
17:12:29 [INFO] Résultats: 190 → data/cbet_results.json
17:12:59 [INFO] === FIN 45.9s erreurs=aucune ===
17:56:40 [INFO] === DÉBUT CYCLE mode=1x2 ===
17:56:42 [INFO] === SCRAPE 1X2 ===
17:56:57 [INFO] rounds ignorés (timer courant / hors séquence): ['00:52']
17:56:57 [INFO] 9 rounds retenus / 10 total (10 horodatés)
17:56:59 [INFO]   1X2 [17:59]: 10 matchs
17:57:00 [INFO]   1X2 [18:01]: 10 matchs
17:57:01 [INFO]   1X2 [18:03]: 10 matchs
17:57:03 [INFO]   1X2 [18:05]: 10 matchs
17:57:04 [INFO]   1X2 [18:07]: 10 matchs
17:57:05 [INFO]   1X2 [18:09]: 10 matchs
17:57:07 [INFO]   1X2 [18:11]: 10 matchs
17:57:08 [INFO]   1X2 [18:13]: 10 matchs
17:57:09 [INFO]   1X2 [18:15]: 10 matchs
17:57:09 [INFO] 1X2: 9 rounds → data/congobet_1x2_rounds.json
17:57:40 [INFO] === FIN 59.1s erreurs=aucune ===
17:57:40 [INFO] === DÉBUT CYCLE mode=gng ===
17:57:40 [INFO] === SCRAPE G/NG ===
17:57:51 [INFO] 9 rounds retenus / 10 total (9 horodatés)
17:57:54 [INFO]   G/NG [17:59]: 10 matchs
17:57:57 [INFO]   G/NG [18:01]: 10 matchs
17:58:00 [INFO]   G/NG [18:03]: 10 matchs
17:58:03 [INFO]   G/NG [18:05]: 10 matchs
17:58:06 [INFO]   G/NG [18:07]: 10 matchs
17:58:09 [INFO]   G/NG [18:09]: 10 matchs
17:58:12 [INFO]   G/NG [18:11]: 10 matchs
17:58:15 [INFO]   G/NG [18:13]: 10 matchs
17:58:18 [INFO]   G/NG [18:15]: 10 matchs
17:58:18 [INFO] G/NG: 90 cotes → data/cbet_odds.json
17:58:19 [INFO] === FIN 38.9s erreurs=aucune ===
18:00:00 [INFO] === DÉBUT CYCLE mode=results ===
18:00:01 [INFO] === SCRAPE RÉSULTATS (version corrigée) ===
18:00:08 [INFO]   0 clics 'Afficher plus'
18:00:08 [INFO] Résultats: 30 → data/cbet_results.json
18:00:39 [INFO] === FIN 38.0s erreurs=aucune ===
18:51:35 [INFO] === DÉBUT CYCLE mode=1x2 ===
18:51:36 [INFO] === SCRAPE 1X2 ===
18:51:42 [INFO] 10 rounds retenus / 10 total (10 horodatés)
18:51:43 [INFO]   1X2 [00:09]: 10 matchs
18:51:43 [INFO]   1X2 [18:53]: 10 matchs
18:51:45 [INFO]   1X2 [18:55]: 10 matchs
18:51:46 [INFO]   1X2 [18:57]: 10 matchs
18:51:47 [INFO]   1X2 [18:59]: 10 matchs
18:51:48 [INFO]   1X2 [19:01]: 10 matchs
18:51:50 [INFO]   1X2 [19:03]: 10 matchs
18:51:51 [INFO]   1X2 [19:05]: 10 matchs
18:51:53 [INFO]   1X2 [19:07]: 10 matchs
18:51:54 [INFO]   1X2 [19:12]: 10 matchs
18:51:54 [INFO] 1X2: 10 rounds → data/congobet_1x2_rounds.json
18:51:54 [INFO] === FIN 19.0s erreurs=aucune ===
18:51:54 [INFO] === DÉBUT CYCLE mode=gng ===
18:51:55 [INFO] === SCRAPE G/NG ===
18:52:01 [WARNING] Impossible de sélectionner G/NG
18:52:01 [INFO] === FIN 6.6s erreurs=aucune ===
18:53:43 [INFO] === DÉBUT CYCLE mode=results ===
18:53:43 [INFO] === SCRAPE RÉSULTATS (version corrigée) ===
18:53:55 [INFO]   5 clics 'Afficher plus'
18:54:00 [INFO] Résultats: 240 → data/cbet_results.json
18:54:31 [INFO] === FIN 47.4s erreurs=aucune ===
19:35:35 [INFO] === DÉBUT CYCLE mode=1x2 ===
19:35:36 [INFO] === SCRAPE 1X2 ===
19:35:42 [WARNING] Impossible de sélectionner 1X2
19:35:42 [INFO] 9 rounds retenus / 10 total (9 horodatés)
19:35:44 [INFO]   1X2 [19:36]: 10 matchs
19:35:45 [INFO]   1X2 [19:38]: 10 matchs
19:35:46 [INFO]   1X2 [19:40]: 10 matchs
19:35:47 [INFO]   1X2 [19:42]: 10 matchs
19:35:48 [INFO]   1X2 [19:44]: 10 matchs
19:35:49 [INFO]   1X2 [19:46]: 10 matchs
19:35:51 [INFO]   1X2 [19:48]: 10 matchs
19:35:52 [INFO]   1X2 [19:50]: 10 matchs
19:35:53 [INFO]   1X2 [19:52]: 10 matchs
19:35:53 [INFO] 1X2: 9 rounds → data/congobet_1x2_rounds.json
19:35:53 [INFO] === FIN 18.0s erreurs=aucune ===
19:35:54 [INFO] === DÉBUT CYCLE mode=gng ===
19:35:54 [INFO] === SCRAPE G/NG ===
19:36:03 [INFO] rounds ignorés (timer courant / hors séquence): ['00:46']
19:36:03 [INFO] 9 rounds retenus / 10 total (10 horodatés)
19:36:06 [INFO]   G/NG [19:38]: 10 matchs
19:36:09 [INFO]   G/NG [19:40]: 10 matchs
19:36:12 [INFO]   G/NG [19:42]: 10 matchs
19:36:15 [INFO]   G/NG [19:44]: 10 matchs
19:36:18 [INFO]   G/NG [19:46]: 10 matchs
19:36:21 [INFO]   G/NG [19:48]: 10 matchs
19:36:24 [INFO]   G/NG [19:50]: 10 matchs
19:36:27 [INFO]   G/NG [19:52]: 10 matchs
19:36:30 [INFO]   G/NG [19:54]: 10 matchs
19:36:30 [INFO] G/NG: 90 cotes → data/cbet_odds.json
19:36:30 [INFO] === FIN 36.3s erreurs=aucune ===
19:38:12 [INFO] === DÉBUT CYCLE mode=results ===
19:38:12 [INFO] === SCRAPE RÉSULTATS (version corrigée) ===
19:38:22 [INFO]   3 clics 'Afficher plus'
19:38:24 [INFO] Résultats: 130 → data/cbet_results.json
19:38:54 [INFO] === FIN 42.3s erreurs=aucune ===
20:07:42 [INFO] === DÉBUT CYCLE mode=1x2 ===
20:07:42 [INFO] === SCRAPE 1X2 ===
20:07:49 [WARNING] Impossible de sélectionner 1X2
20:07:49 [INFO] 9 rounds retenus / 10 total (9 horodatés)
20:07:50 [INFO]   1X2 [20:08]: 10 matchs
20:07:51 [INFO]   1X2 [20:10]: 10 matchs
20:07:52 [INFO]   1X2 [20:12]: 10 matchs
20:07:54 [INFO]   1X2 [20:14]: 10 matchs
20:07:55 [INFO]   1X2 [20:16]: 10 matchs
20:07:56 [INFO]   1X2 [20:18]: 10 matchs
20:07:58 [INFO]   1X2 [20:20]: 10 matchs
20:07:59 [INFO]   1X2 [20:22]: 10 matchs
20:08:00 [INFO]   1X2 [20:24]: 10 matchs
20:08:00 [INFO] 1X2: 9 rounds → data/congobet_1x2_rounds.json
20:08:00 [INFO] === FIN 18.8s erreurs=aucune ===
20:08:01 [INFO] === DÉBUT CYCLE mode=gng ===
20:08:01 [INFO] === SCRAPE G/NG ===
20:08:09 [INFO] rounds ignorés (timer courant / hors séquence): ['00:39']
20:08:09 [INFO] 9 rounds retenus / 10 total (10 horodatés)
20:08:13 [INFO]   G/NG [20:10]: 10 matchs
20:08:15 [INFO]   G/NG [20:12]: 10 matchs
20:08:18 [INFO]   G/NG [20:14]: 10 matchs
20:08:21 [INFO]   G/NG [20:16]: 10 matchs
20:08:24 [INFO]   G/NG [20:18]: 10 matchs
20:08:27 [INFO]   G/NG [20:20]: 10 matchs
20:08:30 [INFO]   G/NG [20:22]: 10 matchs
20:08:33 [INFO]   G/NG [20:24]: 10 matchs
20:08:36 [INFO]   G/NG [20:26]: 10 matchs
20:08:36 [INFO] G/NG: 90 cotes → data/cbet_odds.json
20:09:06 [INFO] === FIN 65.1s erreurs=aucune ===
20:10:51 [INFO] === DÉBUT CYCLE mode=results ===
20:10:52 [INFO] === SCRAPE RÉSULTATS (version corrigée) ===
20:11:04 [INFO]   5 clics 'Afficher plus'
20:11:09 [INFO] Résultats: 240 → data/cbet_results.json
20:11:39 [INFO] === FIN 47.5s erreurs=aucune ===
20:55:30 [INFO] === DÉBUT CYCLE mode=1x2 ===
20:55:31 [INFO] === SCRAPE 1X2 ===
20:55:37 [INFO] rounds ignorés (timer courant / hors séquence): ['00:11']
20:55:37 [INFO] 9 rounds retenus / 10 total (10 horodatés)
20:55:38 [INFO]   1X2 [20:57]: 10 matchs
20:55:39 [INFO]   1X2 [20:59]: 10 matchs
20:55:41 [INFO]   1X2 [21:01]: 10 matchs
20:55:42 [INFO]   1X2 [21:03]: 10 matchs
20:55:44 [INFO]   1X2 [21:05]: 10 matchs
20:55:44 [INFO]   1X2 [21:07]: 10 matchs
20:55:46 [INFO]   1X2 [21:09]: 10 matchs
20:55:47 [INFO]   1X2 [21:11]: 10 matchs
20:55:49 [INFO]   1X2 [21:13]: 10 matchs
20:55:49 [INFO] 1X2: 9 rounds → data/congobet_1x2_rounds.json
20:55:49 [INFO] === FIN 18.3s erreurs=aucune ===
20:55:49 [INFO] === DÉBUT CYCLE mode=gng ===
20:55:49 [INFO] === SCRAPE G/NG ===
20:55:55 [WARNING] Impossible de sélectionner G/NG
20:55:55 [INFO] === FIN 6.5s erreurs=aucune ===
20:57:37 [INFO] === DÉBUT CYCLE mode=results ===
20:57:37 [INFO] === SCRAPE RÉSULTATS (version corrigée) ===
20:57:47 [INFO]   3 clics 'Afficher plus'
20:57:49 [INFO] Résultats: 130 → data/cbet_results.json
20:58:19 [INFO] === FIN 42.2s erreurs=aucune ===
21:33:19 [INFO] === DÉBUT CYCLE mode=1x2 ===
21:33:20 [INFO] === SCRAPE 1X2 ===
21:33:29 [INFO] rounds ignorés (timer courant / hors séquence): ['00:20', '21:35', '21:37', '21:39', '21:41', '21:43', '21:45']
21:33:29 [INFO] 3 rounds retenus / 10 total (10 horodatés)
21:33:30 [INFO]   1X2 [21:50]: 10 matchs
21:33:32 [INFO]   1X2 [21:52]: 10 matchs
21:33:33 [INFO]   1X2 [21:54]: 10 matchs
21:33:33 [INFO] 1X2: 3 rounds → data/congobet_1x2_rounds.json
21:34:03 [INFO] === FIN 43.6s erreurs=aucune ===
21:34:03 [INFO] === DÉBUT CYCLE mode=gng ===
21:34:04 [INFO] === SCRAPE G/NG ===
21:34:13 [WARNING] Impossible de sélectionner G/NG
21:34:43 [INFO] === FIN 39.4s erreurs=aucune ===
21:36:25 [INFO] === DÉBUT CYCLE mode=results ===
21:36:25 [INFO] === SCRAPE RÉSULTATS (version corrigée) ===
21:36:39 [INFO]   5 clics 'Afficher plus'
21:36:43 [INFO] Résultats: 240 → data/cbet_results.json
21:37:13 [INFO] === FIN 47.8s erreurs=aucune ===
22:04:51 [INFO] === DÉBUT CYCLE mode=1x2 ===
22:04:52 [INFO] === SCRAPE 1X2 ===
22:04:59 [WARNING] Impossible de sélectionner 1X2
22:04:59 [INFO] 9 rounds retenus / 10 total (9 horodatés)
22:05:01 [INFO]   1X2 [22:06]: 10 matchs
22:05:02 [INFO]   1X2 [22:08]: 10 matchs
22:05:04 [INFO]   1X2 [22:10]: 10 matchs
22:05:05 [INFO]   1X2 [22:12]: 10 matchs
22:05:06 [INFO]   1X2 [22:14]: 10 matchs
22:05:08 [INFO]   1X2 [22:16]: 10 matchs
22:05:09 [INFO]   1X2 [22:18]: 10 matchs
22:05:11 [INFO]   1X2 [22:20]: 10 matchs
22:05:12 [INFO]   1X2 [22:22]: 10 matchs
22:05:12 [INFO] 1X2: 9 rounds → data/congobet_1x2_rounds.json
22:05:42 [INFO] === FIN 51.5s erreurs=aucune ===
22:05:42 [INFO] === DÉBUT CYCLE mode=gng ===
22:05:43 [INFO] === SCRAPE G/NG ===
22:05:49 [WARNING] Impossible de sélectionner G/NG
22:05:50 [INFO] === FIN 7.3s erreurs=aucune ===
22:07:31 [INFO] === DÉBUT CYCLE mode=results ===
22:07:32 [INFO] === SCRAPE RÉSULTATS (version corrigée) ===
22:07:40 [INFO]   1 clics 'Afficher plus'
22:07:41 [INFO] Résultats: 80 → data/cbet_results.json
22:08:11 [INFO] === FIN 39.6s erreurs=aucune ===
22:52:58 [INFO] === DÉBUT CYCLE mode=1x2 ===
22:52:59 [INFO] === SCRAPE 1X2 ===
22:53:06 [WARNING] Impossible de sélectionner 1X2
22:53:06 [INFO] rounds ignorés (timer courant / hors séquence): ['22:54', '22:56', '22:58', '23:00', '23:02', '23:04']
22:53:06 [INFO] 3 rounds retenus / 10 total (9 horodatés)
22:53:07 [INFO]   1X2 [23:09]: 10 matchs
22:53:09 [INFO]   1X2 [23:11]: 10 matchs
22:53:10 [INFO]   1X2 [23:13]: 10 matchs
22:53:10 [INFO] 1X2: 3 rounds → data/congobet_1x2_rounds.json
22:53:41 [INFO] === FIN 41.7s erreurs=aucune ===
22:53:42 [INFO] === DÉBUT CYCLE mode=gng ===
22:53:43 [INFO] === SCRAPE G/NG ===
22:53:50 [WARNING] Impossible de sélectionner G/NG
22:54:20 [INFO] === FIN 37.5s erreurs=aucune ===
22:56:07 [INFO] === DÉBUT CYCLE mode=results ===
22:56:07 [INFO] === SCRAPE RÉSULTATS (version corrigée) ===
22:56:20 [INFO]   5 clics 'Afficher plus'
22:56:24 [INFO] Résultats: 240 → data/cbet_results.json
22:56:54 [INFO] === FIN 47.4s erreurs=aucune ===
23:27:53 [INFO] === DÉBUT CYCLE mode=1x2 ===
23:27:54 [INFO] === SCRAPE 1X2 ===
23:28:03 [WARNING] Impossible de sélectionner 1X2
23:28:03 [INFO] 9 rounds retenus / 10 total (9 horodatés)
23:28:04 [INFO]   1X2 [23:29]: 10 matchs
23:28:05 [INFO]   1X2 [23:31]: 10 matchs
23:28:07 [INFO]   1X2 [23:33]: 10 matchs
23:28:08 [INFO]   1X2 [23:35]: 10 matchs
23:28:10 [INFO]   1X2 [23:37]: 10 matchs
23:28:11 [INFO]   1X2 [23:39]: 10 matchs
23:28:12 [INFO]   1X2 [23:41]: 10 matchs
23:28:14 [INFO]   1X2 [23:43]: 10 matchs
23:28:15 [INFO]   1X2 [23:45]: 10 matchs
23:28:15 [INFO] 1X2: 9 rounds → data/congobet_1x2_rounds.json
23:28:15 [INFO] === FIN 22.3s erreurs=aucune ===
23:28:15 [INFO] === DÉBUT CYCLE mode=gng ===
23:28:16 [INFO] === SCRAPE G/NG ===
23:28:25 [WARNING] Impossible de sélectionner G/NG
23:28:55 [INFO] === FIN 39.3s erreurs=aucune ===
23:30:37 [INFO] === DÉBUT CYCLE mode=results ===
23:30:38 [INFO] === SCRAPE RÉSULTATS (version corrigée) ===
23:30:49 [INFO]   2 clics 'Afficher plus'
23:30:51 [INFO] Résultats: 100 → data/cbet_results.json
23:31:21 [INFO] === FIN 43.4s erreurs=aucune ===
00:03:51 [INFO] === DÉBUT CYCLE mode=1x2 ===
00:03:52 [INFO] === SCRAPE 1X2 ===
00:03:58 [WARNING] Impossible de sélectionner 1X2
00:03:59 [INFO] 9 rounds retenus / 10 total (9 horodatés)
00:03:59 [INFO]   1X2 [00:05]: 10 matchs
00:04:00 [INFO]   1X2 [00:07]: 10 matchs
00:04:01 [INFO]   1X2 [00:09]: 10 matchs
00:04:02 [INFO]   1X2 [00:11]: 10 matchs
00:04:04 [INFO]   1X2 [00:13]: 10 matchs
00:04:05 [INFO]   1X2 [00:15]: 10 matchs
00:04:06 [INFO]   1X2 [00:17]: 10 matchs
00:04:08 [INFO]   1X2 [00:19]: 10 matchs
00:04:09 [INFO]   1X2 [00:21]: 10 matchs
00:04:09 [INFO] 1X2: 9 rounds → data/congobet_1x2_rounds.json
00:04:09 [INFO] === FIN 18.6s erreurs=aucune ===
00:04:09 [INFO] === DÉBUT CYCLE mode=gng ===
00:04:10 [INFO] === SCRAPE G/NG ===
00:04:16 [WARNING] Impossible de sélectionner G/NG
00:04:16 [INFO] === FIN 6.5s erreurs=aucune ===
00:05:58 [INFO] === DÉBUT CYCLE mode=results ===
00:05:58 [INFO] === SCRAPE RÉSULTATS (version corrigée) ===
00:06:11 [INFO]   5 clics 'Afficher plus'
00:06:15 [INFO] Résultats: 240 → data/cbet_results.json
00:06:15 [INFO] === FIN 17.3s erreurs=aucune ===
03:51:43 [INFO] === DÉBUT CYCLE mode=1x2 ===
03:51:45 [INFO] === SCRAPE 1X2 ===
03:51:53 [WARNING] Impossible de sélectionner 1X2
03:51:53 [INFO] 9 rounds retenus / 10 total (9 horodatés)
03:51:54 [INFO]   1X2 [03:52]: 10 matchs
03:51:56 [INFO]   1X2 [03:54]: 10 matchs
03:51:57 [INFO]   1X2 [03:56]: 10 matchs
03:51:58 [INFO]   1X2 [03:58]: 10 matchs
03:52:00 [INFO]   1X2 [04:00]: 10 matchs
03:52:01 [INFO]   1X2 [04:02]: 10 matchs
03:52:03 [INFO]   1X2 [04:04]: 10 matchs
03:52:04 [INFO]   1X2 [04:06]: 10 matchs
03:52:05 [INFO]   1X2 [04:08]: 10 matchs
03:52:05 [INFO] 1X2: 9 rounds → data/congobet_1x2_rounds.json
03:52:05 [INFO] === FIN 22.1s erreurs=aucune ===
03:52:05 [INFO] === DÉBUT CYCLE mode=gng ===
03:52:06 [INFO] === SCRAPE G/NG ===
03:52:15 [INFO] rounds ignorés (timer courant / hors séquence): ['00:33']
03:52:15 [INFO] 9 rounds retenus / 10 total (10 horodatés)
03:52:18 [INFO]   G/NG [03:54]: 10 matchs
03:52:21 [INFO]   G/NG [03:56]: 10 matchs
03:52:24 [INFO]   G/NG [03:58]: 10 matchs
03:52:27 [INFO]   G/NG [04:00]: 10 matchs
03:52:30 [INFO]   G/NG [04:02]: 10 matchs
03:52:33 [INFO]   G/NG [04:04]: 10 matchs
03:52:36 [INFO]   G/NG [04:06]: 10 matchs
03:52:40 [INFO]   G/NG [04:08]: 10 matchs
03:52:43 [INFO]   G/NG [04:10]: 10 matchs
03:52:43 [INFO] G/NG: 90 cotes → data/cbet_odds.json
03:52:43 [INFO] === FIN 37.2s erreurs=aucune ===
03:54:25 [INFO] === DÉBUT CYCLE mode=results ===
03:54:25 [INFO] === SCRAPE RÉSULTATS (version corrigée) ===
03:54:38 [INFO]   5 clics 'Afficher plus'
03:54:43 [INFO] Résultats: 240 → data/cbet_results.json
03:55:14 [INFO] === FIN 48.9s erreurs=aucune ===
06:00:04 [INFO] === DÉBUT CYCLE mode=1x2 ===
06:00:05 [INFO] === SCRAPE 1X2 ===
06:00:11 [INFO] rounds ignorés (timer courant / hors séquence): ['00:38']
06:00:11 [INFO] 9 rounds retenus / 10 total (10 horodatés)
06:00:12 [INFO]   1X2 [06:02]: 10 matchs
06:00:13 [INFO]   1X2 [06:04]: 10 matchs
06:00:15 [INFO]   1X2 [06:06]: 10 matchs
06:00:16 [INFO]   1X2 [06:08]: 10 matchs
06:00:17 [INFO]   1X2 [06:10]: 10 matchs
06:00:18 [INFO]   1X2 [06:12]: 10 matchs
06:00:20 [INFO]   1X2 [06:14]: 10 matchs
06:00:21 [INFO]   1X2 [06:16]: 10 matchs
06:00:22 [INFO]   1X2 [06:18]: 10 matchs
06:00:22 [INFO] 1X2: 9 rounds → data/congobet_1x2_rounds.json
06:00:54 [INFO] === FIN 48.5s erreurs=aucune ===
06:00:56 [INFO] === DÉBUT CYCLE mode=gng ===
06:00:57 [INFO] === SCRAPE G/NG ===
06:01:07 [WARNING] Impossible de sélectionner G/NG
06:01:07 [INFO] === FIN 10.9s erreurs=aucune ===
06:02:49 [INFO] === DÉBUT CYCLE mode=results ===
06:02:50 [INFO] === SCRAPE RÉSULTATS (version corrigée) ===
06:02:58 [INFO]   2 clics 'Afficher plus'
06:02:59 [INFO] Résultats: 90 → data/cbet_results.json
06:03:00 [INFO] === FIN 10.5s erreurs=aucune ===
07:50:03 [INFO] === DÉBUT CYCLE mode=1x2 ===
07:50:04 [INFO] === SCRAPE 1X2 ===
07:50:12 [WARNING] Impossible de sélectionner 1X2
07:50:12 [INFO] 9 rounds retenus / 10 total (9 horodatés)
07:50:13 [INFO]   1X2 [07:51]: 10 matchs
07:50:15 [INFO]   1X2 [07:53]: 10 matchs
07:50:16 [INFO]   1X2 [07:55]: 10 matchs
07:50:18 [INFO]   1X2 [07:57]: 10 matchs
07:50:19 [INFO]   1X2 [07:59]: 10 matchs
07:50:20 [INFO]   1X2 [08:01]: 10 matchs
07:50:22 [INFO]   1X2 [08:03]: 10 matchs
07:50:23 [INFO]   1X2 [08:05]: 10 matchs
07:50:25 [INFO]   1X2 [08:07]: 10 matchs
07:50:25 [INFO] 1X2: 9 rounds → data/congobet_1x2_rounds.json
07:50:56 [INFO] === FIN 51.8s erreurs=aucune ===
07:50:57 [INFO] === DÉBUT CYCLE mode=gng ===
07:50:58 [INFO] === SCRAPE G/NG ===
07:51:07 [INFO] rounds ignorés (timer courant / hors séquence): ['00:42']
07:51:07 [INFO] 9 rounds retenus / 10 total (10 horodatés)
07:51:10 [INFO]   G/NG [07:53]: 10 matchs
07:51:13 [INFO]   G/NG [07:55]: 10 matchs
07:51:17 [INFO]   G/NG [07:57]: 10 matchs
07:51:20 [INFO]   G/NG [07:59]: 10 matchs
07:51:23 [INFO]   G/NG [08:01]: 10 matchs
07:51:26 [INFO]   G/NG [08:03]: 10 matchs
07:51:29 [INFO]   G/NG [08:05]: 10 matchs
07:51:32 [INFO]   G/NG [08:07]: 10 matchs
07:51:35 [INFO]   G/NG [08:09]: 10 matchs
07:51:35 [INFO] G/NG: 90 cotes → data/cbet_odds.json
07:52:06 [INFO] === FIN 67.5s erreurs=aucune ===
07:53:51 [INFO] === DÉBUT CYCLE mode=results ===
07:53:52 [INFO] === SCRAPE RÉSULTATS (version corrigée) ===
07:54:05 [INFO]   5 clics 'Afficher plus'
07:54:09 [INFO] Résultats: 240 → data/cbet_results.json
07:54:39 [INFO] === FIN 47.8s erreurs=aucune ===
08:46:48 [INFO] === DÉBUT CYCLE mode=1x2 ===
08:46:49 [INFO] === SCRAPE 1X2 ===
08:46:57 [WARNING] Impossible de sélectionner 1X2
08:46:58 [INFO] 9 rounds retenus / 10 total (9 horodatés)
08:46:59 [INFO]   1X2 [08:48]: 10 matchs
08:47:00 [INFO]   1X2 [08:50]: 10 matchs
08:47:02 [INFO]   1X2 [08:52]: 10 matchs
08:47:03 [INFO]   1X2 [08:54]: 10 matchs
08:47:04 [INFO]   1X2 [08:56]: 10 matchs
08:47:06 [INFO]   1X2 [08:58]: 10 matchs
08:47:07 [INFO]   1X2 [09:00]: 10 matchs
08:47:09 [INFO]   1X2 [09:02]: 10 matchs
08:47:10 [INFO]   1X2 [09:04]: 10 matchs
08:47:10 [INFO] 1X2: 9 rounds → data/congobet_1x2_rounds.json
08:47:10 [INFO] === FIN 22.6s erreurs=aucune ===
08:47:10 [INFO] === DÉBUT CYCLE mode=gng ===
08:47:11 [INFO] === SCRAPE G/NG ===
08:47:20 [WARNING] Impossible de sélectionner G/NG
08:47:51 [INFO] === FIN 39.9s erreurs=aucune ===
08:49:34 [INFO] === DÉBUT CYCLE mode=results ===
08:49:34 [INFO] === SCRAPE RÉSULTATS (version corrigée) ===
08:49:47 [INFO]   3 clics 'Afficher plus'
08:49:48 [INFO] Résultats: 130 → data/cbet_results.json
08:49:48 [INFO] === FIN 14.7s erreurs=aucune ===
09:40:04 [INFO] === DÉBUT CYCLE mode=1x2 ===
09:40:04 [INFO] === SCRAPE 1X2 ===
09:40:12 [INFO] rounds ignorés (timer courant / hors séquence): ['01:38']
09:40:12 [INFO] 9 rounds retenus / 10 total (10 horodatés)
09:40:13 [INFO]   1X2 [09:43]: 10 matchs
09:40:15 [INFO]   1X2 [09:45]: 10 matchs
09:40:16 [INFO]   1X2 [09:47]: 10 matchs
09:40:17 [INFO]   1X2 [09:49]: 10 matchs
09:40:19 [INFO]   1X2 [09:51]: 10 matchs
09:40:20 [INFO]   1X2 [09:53]: 10 matchs
09:40:21 [INFO]   1X2 [09:55]: 10 matchs
09:40:23 [INFO]   1X2 [09:57]: 10 matchs
09:40:24 [INFO]   1X2 [09:59]: 10 matchs
09:40:24 [INFO] 1X2: 9 rounds → data/congobet_1x2_rounds.json
09:40:54 [INFO] === FIN 50.5s erreurs=aucune ===
09:40:54 [INFO] === DÉBUT CYCLE mode=gng ===
09:40:55 [INFO] === SCRAPE G/NG ===
09:41:04 [INFO] rounds ignorés (timer courant / hors séquence): ['00:44']
09:41:04 [INFO] 9 rounds retenus / 10 total (10 horodatés)
09:41:07 [INFO]   G/NG [09:43]: 10 matchs
09:41:10 [INFO]   G/NG [09:45]: 10 matchs
09:41:13 [INFO]   G/NG [09:47]: 10 matchs
09:41:16 [INFO]   G/NG [09:49]: 10 matchs
09:41:19 [INFO]   G/NG [09:51]: 10 matchs
09:41:22 [INFO]   G/NG [09:53]: 10 matchs
09:41:25 [INFO]   G/NG [09:55]: 10 matchs
09:41:28 [INFO]   G/NG [09:57]: 10 matchs
09:41:31 [INFO]   G/NG [09:59]: 10 matchs
09:41:31 [INFO] G/NG: 90 cotes → data/cbet_odds.json
09:42:02 [INFO] === FIN 67.2s erreurs=aucune ===
09:43:48 [INFO] === DÉBUT CYCLE mode=results ===
09:43:49 [INFO] === SCRAPE RÉSULTATS (version corrigée) ===
09:43:55 [INFO]   0 clics 'Afficher plus'
09:43:56 [INFO] Résultats: 10 → data/cbet_results.json
09:43:56 [INFO] === FIN 7.6s erreurs=aucune ===
10:29:13 [INFO] === DÉBUT CYCLE mode=1x2 ===
10:29:15 [INFO] === SCRAPE 1X2 ===
10:29:22 [INFO] rounds ignorés (timer courant / hors séquence): ['00:28']
10:29:22 [INFO] 9 rounds retenus / 10 total (10 horodatés)
10:29:23 [INFO]   1X2 [10:31]: 10 matchs
10:29:24 [INFO]   1X2 [10:33]: 10 matchs
10:29:26 [INFO]   1X2 [10:35]: 10 matchs
10:29:27 [INFO]   1X2 [10:37]: 10 matchs
10:29:28 [INFO]   1X2 [10:39]: 10 matchs
10:29:30 [INFO]   1X2 [10:41]: 10 matchs
10:29:31 [INFO]   1X2 [10:43]: 10 matchs
10:29:33 [INFO]   1X2 [10:45]: 10 matchs
10:29:34 [INFO]   1X2 [10:47]: 10 matchs
10:29:34 [INFO] 1X2: 9 rounds → data/congobet_1x2_rounds.json
10:29:34 [INFO] === FIN 20.9s erreurs=aucune ===
10:29:34 [INFO] === DÉBUT CYCLE mode=gng ===
10:29:35 [INFO] === SCRAPE G/NG ===
10:29:44 [INFO] rounds ignorés (timer courant / hors séquence): ['00:06']
10:29:44 [INFO] 9 rounds retenus / 10 total (10 horodatés)
10:29:47 [INFO]   G/NG [10:31]: 10 matchs
10:29:50 [INFO]   G/NG [10:33]: 10 matchs
10:29:53 [INFO]   G/NG [10:35]: 10 matchs
10:29:56 [INFO]   G/NG [10:37]: 10 matchs
10:29:59 [INFO]   G/NG [10:39]: 10 matchs
10:30:02 [INFO]   G/NG [10:41]: 10 matchs
10:30:05 [INFO]   G/NG [10:43]: 10 matchs
10:30:08 [INFO]   G/NG [10:45]: 10 matchs
10:30:11 [INFO]   G/NG [10:47]: 10 matchs
10:30:11 [INFO] G/NG: 90 cotes → data/cbet_odds.json
10:30:41 [INFO] === FIN 67.1s erreurs=aucune ===
10:32:23 [INFO] === DÉBUT CYCLE mode=results ===
10:32:24 [INFO] === SCRAPE RÉSULTATS (version corrigée) ===
10:32:36 [INFO]   5 clics 'Afficher plus'
10:32:41 [INFO] Résultats: 240 → data/cbet_results.json
10:32:41 [INFO] === FIN 18.0s erreurs=aucune ===
11:22:35 [INFO] === DÉBUT CYCLE mode=1x2 ===
11:22:36 [INFO] === SCRAPE 1X2 ===
11:22:42 [INFO] rounds ignorés (timer courant / hors séquence): ['00:07']
11:22:42 [INFO] 9 rounds retenus / 10 total (10 horodatés)
11:22:43 [INFO]   1X2 [11:24]: 10 matchs
11:22:44 [INFO]   1X2 [11:26]: 10 matchs
11:22:45 [INFO]   1X2 [11:28]: 10 matchs
11:22:47 [INFO]   1X2 [11:30]: 10 matchs
11:22:48 [INFO]   1X2 [11:32]: 10 matchs
11:22:49 [INFO]   1X2 [11:34]: 10 matchs
11:22:51 [INFO]   1X2 [11:36]: 10 matchs
11:22:52 [INFO]   1X2 [11:38]: 10 matchs
11:22:54 [INFO]   1X2 [11:40]: 10 matchs
11:22:54 [INFO] 1X2: 9 rounds → data/congobet_1x2_rounds.json
11:23:24 [INFO] === FIN 48.6s erreurs=aucune ===
11:23:24 [INFO] === DÉBUT CYCLE mode=gng ===
11:23:24 [INFO] === SCRAPE G/NG ===
11:23:31 [WARNING] Impossible de sélectionner G/NG
11:24:01 [INFO] === FIN 37.0s erreurs=aucune ===
11:25:48 [INFO] === DÉBUT CYCLE mode=results ===
11:25:48 [INFO] === SCRAPE RÉSULTATS (version corrigée) ===
11:25:58 [INFO]   3 clics 'Afficher plus'
11:26:00 [INFO] Résultats: 130 → data/cbet_results.json
11:26:00 [INFO] === FIN 12.9s erreurs=aucune ===
12:00:21 [INFO] === DÉBUT CYCLE mode=1x2 ===
12:00:22 [INFO] === SCRAPE 1X2 ===
12:00:28 [INFO] rounds ignorés (timer courant / hors séquence): ['00:20', '12:02', '12:04', '12:06', '12:08', '12:10', '12:12', '12:14']
12:00:28 [INFO] 2 rounds retenus / 10 total (10 horodatés)
12:00:30 [INFO]   1X2 [12:19]: 10 matchs
12:00:31 [INFO]   1X2 [12:21]: 10 matchs
12:00:31 [INFO] 1X2: 2 rounds → data/congobet_1x2_rounds.json
12:01:01 [INFO] === FIN 39.9s erreurs=aucune ===
12:01:01 [INFO] === DÉBUT CYCLE mode=gng ===
12:01:02 [INFO] === SCRAPE G/NG ===
12:01:08 [WARNING] Impossible de sélectionner G/NG
12:01:38 [INFO] === FIN 36.7s erreurs=aucune ===
12:03:20 [INFO] === DÉBUT CYCLE mode=results ===
12:03:21 [INFO] === SCRAPE RÉSULTATS (version corrigée) ===
12:03:33 [INFO]   5 clics 'Afficher plus'
12:03:38 [INFO] Résultats: 240 → data/cbet_results.json
12:04:08 [INFO] === FIN 47.9s erreurs=aucune ===
13:25:29 [INFO] === DÉBUT CYCLE mode=1x2 ===
13:25:30 [INFO] === SCRAPE 1X2 ===
13:25:39 [INFO] rounds ignorés (timer courant / hors séquence): ['00:10', '13:27', '13:29', '13:31', '13:33']
13:25:39 [INFO] 5 rounds retenus / 10 total (10 horodatés)
13:25:40 [INFO]   1X2 [13:38]: 10 matchs
13:25:42 [INFO]   1X2 [13:40]: 10 matchs
13:25:43 [INFO]   1X2 [13:42]: 10 matchs
13:25:44 [INFO]   1X2 [13:44]: 10 matchs
13:25:46 [INFO]   1X2 [13:46]: 10 matchs
13:25:46 [INFO] 1X2: 5 rounds → data/congobet_1x2_rounds.json
13:26:16 [INFO] === FIN 46.5s erreurs=aucune ===
13:26:16 [INFO] === DÉBUT CYCLE mode=gng ===
13:26:16 [INFO] === SCRAPE G/NG ===
13:26:25 [WARNING] Impossible de sélectionner G/NG
13:26:25 [INFO] === FIN 8.8s erreurs=aucune ===
13:28:07 [INFO] === DÉBUT CYCLE mode=results ===
13:28:08 [INFO] === SCRAPE RÉSULTATS (version corrigée) ===
13:28:23 [INFO]   5 clics 'Afficher plus'
13:28:26 [INFO] Résultats: 240 → data/cbet_results.json
13:28:26 [INFO] === FIN 18.8s erreurs=aucune ===
14:12:58 [INFO] === DÉBUT CYCLE mode=1x2 ===
14:12:59 [INFO] === SCRAPE 1X2 ===
14:13:07 [WARNING] Impossible de sélectionner 1X2
14:13:07 [INFO] 9 rounds retenus / 10 total (9 horodatés)
14:13:09 [INFO]   1X2 [14:14]: 10 matchs
14:13:10 [INFO]   1X2 [14:16]: 10 matchs
14:13:11 [INFO]   1X2 [14:18]: 10 matchs
14:13:13 [INFO]   1X2 [14:20]: 10 matchs
14:13:14 [INFO]   1X2 [14:22]: 10 matchs
14:13:16 [INFO]   1X2 [14:24]: 10 matchs
14:13:17 [INFO]   1X2 [14:26]: 10 matchs
14:13:18 [INFO]   1X2 [14:28]: 10 matchs
14:13:20 [INFO]   1X2 [14:30]: 10 matchs
14:13:20 [INFO] 1X2: 9 rounds → data/congobet_1x2_rounds.json
14:13:50 [INFO] === FIN 52.0s erreurs=aucune ===
14:13:50 [INFO] === DÉBUT CYCLE mode=gng ===
14:13:50 [INFO] === SCRAPE G/NG ===
14:14:01 [INFO] rounds ignorés (timer courant / hors séquence): ['00:47']
14:14:01 [INFO] 9 rounds retenus / 10 total (10 horodatés)
14:14:04 [INFO]   G/NG [14:16]: 10 matchs
14:14:07 [INFO]   G/NG [14:18]: 10 matchs
14:14:10 [INFO]   G/NG [14:20]: 10 matchs
14:14:13 [INFO]   G/NG [14:22]: 10 matchs
14:14:16 [INFO]   G/NG [14:24]: 10 matchs
14:14:19 [INFO]   G/NG [14:26]: 10 matchs
14:14:22 [INFO]   G/NG [14:28]: 10 matchs
14:14:25 [INFO]   G/NG [14:30]: 10 matchs
14:14:29 [INFO]   G/NG [14:32]: 10 matchs
14:14:29 [INFO] G/NG: 90 cotes → data/cbet_odds.json
14:15:00 [INFO] === FIN 68.8s erreurs=aucune ===
14:16:46 [INFO] === DÉBUT CYCLE mode=results ===
14:16:46 [INFO] === SCRAPE RÉSULTATS (version corrigée) ===
14:17:00 [INFO]   4 clics 'Afficher plus'
14:17:03 [INFO] Résultats: 190 → data/cbet_results.json
14:17:33 [INFO] === FIN 47.7s erreurs=aucune ===
15:03:35 [INFO] === DÉBUT CYCLE mode=1x2 ===
15:03:37 [INFO] === SCRAPE 1X2 ===
15:03:44 [INFO] rounds ignorés (timer courant / hors séquence): ['00:05']
15:03:44 [INFO] 9 rounds retenus / 10 total (10 horodatés)
15:03:45 [INFO]   1X2 [15:05]: 10 matchs
15:03:46 [INFO]   1X2 [15:07]: 10 matchs
15:03:48 [INFO]   1X2 [15:09]: 10 matchs
15:03:49 [INFO]   1X2 [15:11]: 10 matchs
15:03:50 [INFO]   1X2 [15:13]: 10 matchs
15:03:52 [INFO]   1X2 [15:15]: 10 matchs
15:03:53 [INFO]   1X2 [15:17]: 10 matchs
15:03:55 [INFO]   1X2 [15:19]: 10 matchs
15:03:56 [INFO]   1X2 [15:21]: 10 matchs
15:03:56 [INFO] 1X2: 9 rounds → data/congobet_1x2_rounds.json
15:04:26 [INFO] === FIN 51.4s erreurs=aucune ===
15:04:26 [INFO] === DÉBUT CYCLE mode=gng ===
15:04:27 [INFO] === SCRAPE G/NG ===
15:04:33 [WARNING] Impossible de sélectionner G/NG
15:04:33 [INFO] === FIN 7.2s erreurs=aucune ===
15:06:15 [INFO] === DÉBUT CYCLE mode=results ===
15:06:16 [INFO] === SCRAPE RÉSULTATS (version corrigée) ===
15:06:22 [INFO]   0 clics 'Afficher plus'
15:06:23 [INFO] Résultats: 40 → data/cbet_results.json
15:06:54 [INFO] === FIN 37.7s erreurs=aucune ===
15:54:00 [INFO] === DÉBUT CYCLE mode=1x2 ===
15:54:01 [INFO] === SCRAPE 1X2 ===
15:54:09 [WARNING] Impossible de sélectionner 1X2
15:54:10 [INFO] 9 rounds retenus / 10 total (9 horodatés)
15:54:11 [INFO]   1X2 [15:55]: 10 matchs
15:54:12 [INFO]   1X2 [15:57]: 10 matchs
15:54:14 [INFO]   1X2 [15:59]: 10 matchs
15:54:15 [INFO]   1X2 [16:01]: 10 matchs
15:54:17 [INFO]   1X2 [16:03]: 10 matchs
15:54:18 [INFO]   1X2 [16:05]: 10 matchs
15:54:19 [INFO]   1X2 [16:07]: 10 matchs
15:54:21 [INFO]   1X2 [16:09]: 10 matchs
15:54:22 [INFO]   1X2 [16:11]: 10 matchs
15:54:22 [INFO] 1X2: 9 rounds → data/congobet_1x2_rounds.json
15:54:22 [INFO] === FIN 21.9s erreurs=aucune ===
15:54:22 [INFO] === DÉBUT CYCLE mode=gng ===
15:54:23 [INFO] === SCRAPE G/NG ===
15:54:31 [WARNING] Impossible de sélectionner G/NG
15:54:31 [INFO] === FIN 8.6s erreurs=aucune ===
15:56:13 [INFO] === DÉBUT CYCLE mode=results ===
15:56:13 [INFO] === SCRAPE RÉSULTATS (version corrigée) ===
15:56:28 [INFO]   5 clics 'Afficher plus'
15:56:33 [INFO] Résultats: 240 → data/cbet_results.json
15:56:33 [INFO] === FIN 19.7s erreurs=aucune ===
16:33:42 [INFO] === DÉBUT CYCLE mode=1x2 ===
16:33:43 [INFO] === SCRAPE 1X2 ===
16:33:50 [WARNING] Impossible de sélectionner 1X2
16:33:50 [INFO] 9 rounds retenus / 10 total (9 horodatés)
16:33:52 [INFO]   1X2 [16:34]: 10 matchs
16:33:53 [INFO]   1X2 [16:36]: 10 matchs
16:33:54 [INFO]   1X2 [16:38]: 10 matchs
16:33:56 [INFO]   1X2 [16:40]: 10 matchs
16:33:57 [INFO]   1X2 [16:42]: 10 matchs
16:33:58 [INFO]   1X2 [16:44]: 10 matchs
16:34:00 [INFO]   1X2 [16:46]: 10 matchs
16:34:01 [INFO]   1X2 [16:48]: 10 matchs
16:34:03 [INFO]   1X2 [16:50]: 10 matchs
16:34:03 [INFO] 1X2: 9 rounds → data/congobet_1x2_rounds.json
16:34:03 [INFO] === FIN 20.5s erreurs=aucune ===
16:34:03 [INFO] === DÉBUT CYCLE mode=gng ===
16:34:03 [INFO] === SCRAPE G/NG ===
16:34:12 [INFO] rounds ignorés (timer courant / hors séquence): ['00:37']
16:34:12 [INFO] 9 rounds retenus / 10 total (10 horodatés)
16:34:16 [INFO]   G/NG [16:36]: 10 matchs
16:34:19 [INFO]   G/NG [16:38]: 10 matchs
16:34:22 [INFO]   G/NG [16:40]: 10 matchs
16:34:25 [INFO]   G/NG [16:42]: 10 matchs
16:34:28 [INFO]   G/NG [16:44]: 10 matchs
16:34:31 [INFO]   G/NG [16:46]: 10 matchs
16:34:34 [INFO]   G/NG [16:48]: 10 matchs
16:34:37 [INFO]   G/NG [16:50]: 10 matchs
16:34:40 [INFO]   G/NG [16:52]: 10 matchs
16:34:40 [INFO] G/NG: 90 cotes → data/cbet_odds.json
16:35:11 [INFO] === FIN 67.2s erreurs=aucune ===
16:36:56 [INFO] === DÉBUT CYCLE mode=results ===
16:36:56 [INFO] === SCRAPE RÉSULTATS (version corrigée) ===
16:37:05 [INFO]   2 clics 'Afficher plus'
16:37:07 [INFO] Résultats: 100 → data/cbet_results.json
16:37:37 [INFO] === FIN 41.4s erreurs=aucune ===
17:22:41 [INFO] === DÉBUT CYCLE mode=1x2 ===
17:22:41 [INFO] === SCRAPE 1X2 ===
17:22:50 [INFO] rounds ignorés (timer courant / hors séquence): ['00:00', '17:24', '17:26', '17:28', '17:30']
17:22:50 [INFO] 5 rounds retenus / 10 total (10 horodatés)
17:22:52 [INFO]   1X2 [17:35]: 10 matchs
17:22:53 [INFO]   1X2 [17:37]: 10 matchs
17:22:54 [INFO]   1X2 [17:39]: 10 matchs
17:22:56 [INFO]   1X2 [17:41]: 10 matchs
17:22:57 [INFO]   1X2 [17:43]: 10 matchs
17:22:57 [INFO] 1X2: 5 rounds → data/congobet_1x2_rounds.json
17:22:57 [INFO] === FIN 16.3s erreurs=aucune ===
17:22:57 [INFO] === DÉBUT CYCLE mode=gng ===
17:22:58 [INFO] === SCRAPE G/NG ===
17:23:06 [WARNING] Impossible de sélectionner G/NG
17:23:06 [INFO] === FIN 8.9s erreurs=aucune ===
17:24:48 [INFO] === DÉBUT CYCLE mode=results ===
17:24:49 [INFO] === SCRAPE RÉSULTATS (version corrigée) ===
17:25:04 [INFO]   5 clics 'Afficher plus'
17:25:08 [INFO] Résultats: 240 → data/cbet_results.json
17:25:38 [INFO] === FIN 49.8s erreurs=aucune ===
18:02:13 [INFO] === DÉBUT CYCLE mode=1x2 ===
18:02:14 [INFO] === SCRAPE 1X2 ===
18:02:23 [WARNING] Impossible de sélectionner 1X2
18:02:23 [INFO] 9 rounds retenus / 10 total (9 horodatés)
18:02:24 [INFO]   1X2 [18:03]: 10 matchs
18:02:26 [INFO]   1X2 [18:05]: 10 matchs
18:02:27 [INFO]   1X2 [18:07]: 10 matchs
18:02:29 [INFO]   1X2 [18:09]: 10 matchs
18:02:30 [INFO]   1X2 [18:11]: 10 matchs
18:02:31 [INFO]   1X2 [18:13]: 10 matchs
18:02:33 [INFO]   1X2 [18:15]: 10 matchs
18:02:34 [INFO]   1X2 [18:17]: 10 matchs
18:02:36 [INFO]   1X2 [18:19]: 10 matchs
18:02:36 [INFO] 1X2: 9 rounds → data/congobet_1x2_rounds.json
18:02:36 [INFO] === FIN 22.3s erreurs=aucune ===
18:02:36 [INFO] === DÉBUT CYCLE mode=gng ===
18:02:36 [INFO] === SCRAPE G/NG ===
18:02:45 [WARNING] Impossible de sélectionner G/NG
18:02:45 [INFO] === FIN 9.0s erreurs=aucune ===
18:04:27 [INFO] === DÉBUT CYCLE mode=results ===
18:04:28 [INFO] === SCRAPE RÉSULTATS (version corrigée) ===
18:04:40 [INFO]   3 clics 'Afficher plus'
18:04:42 [INFO] Résultats: 140 → data/cbet_results.json
18:05:12 [INFO] === FIN 45.2s erreurs=aucune ===
19:09:47 [INFO] === DÉBUT CYCLE mode=1x2 ===
19:09:48 [INFO] === SCRAPE 1X2 ===
19:09:57 [INFO] rounds ignorés (timer courant / hors séquence): ['00:53']
19:09:57 [INFO] 9 rounds retenus / 10 total (10 horodatés)
19:09:58 [INFO]   1X2 [19:12]: 10 matchs
19:10:00 [INFO]   1X2 [19:14]: 10 matchs
19:10:01 [INFO]   1X2 [19:16]: 10 matchs
19:10:02 [INFO]   1X2 [19:18]: 10 matchs
19:10:04 [INFO]   1X2 [19:20]: 10 matchs
19:10:05 [INFO]   1X2 [19:22]: 10 matchs
19:10:07 [INFO]   1X2 [19:24]: 10 matchs
19:10:08 [INFO]   1X2 [19:26]: 10 matchs
19:10:09 [INFO]   1X2 [19:28]: 10 matchs
19:10:09 [INFO] 1X2: 9 rounds → data/congobet_1x2_rounds.json
19:10:09 [INFO] === FIN 22.5s erreurs=aucune ===
19:10:09 [INFO] === DÉBUT CYCLE mode=gng ===
19:10:10 [INFO] === SCRAPE G/NG ===
19:10:21 [INFO] rounds ignorés (timer courant / hors séquence): ['00:28']
19:10:21 [INFO] 9 rounds retenus / 10 total (10 horodatés)
19:10:24 [INFO]   G/NG [19:12]: 10 matchs
19:10:27 [INFO]   G/NG [19:14]: 10 matchs
19:10:30 [INFO]   G/NG [19:16]: 10 matchs
19:10:33 [INFO]   G/NG [19:18]: 10 matchs
19:10:36 [INFO]   G/NG [19:20]: 10 matchs
19:10:39 [INFO]   G/NG [19:22]: 10 matchs
19:10:42 [INFO]   G/NG [19:24]: 10 matchs
19:10:45 [INFO]   G/NG [19:26]: 10 matchs
19:10:48 [INFO]   G/NG [19:28]: 10 matchs
19:10:48 [INFO] G/NG: 90 cotes → data/cbet_odds.json
19:11:18 [INFO] === FIN 68.4s erreurs=aucune ===
19:13:03 [INFO] === DÉBUT CYCLE mode=results ===
19:13:04 [INFO] === SCRAPE RÉSULTATS (version corrigée) ===
19:13:15 [INFO]   2 clics 'Afficher plus'
19:13:16 [INFO] Résultats: 90 → data/cbet_results.json
19:13:46 [INFO] === FIN 43.0s erreurs=aucune ===
19:54:18 [INFO] === DÉBUT CYCLE mode=1x2 ===
19:54:20 [INFO] === SCRAPE 1X2 ===
19:54:26 [INFO] rounds ignorés (timer courant / hors séquence): ['00:22', '19:56', '19:58', '20:00', '20:02', '20:04', '20:06', '20:08']
19:54:26 [INFO] 2 rounds retenus / 10 total (10 horodatés)
19:54:28 [INFO]   1X2 [20:13]: 10 matchs
19:54:29 [INFO]   1X2 [20:15]: 10 matchs
19:54:29 [INFO] 1X2: 2 rounds → data/congobet_1x2_rounds.json
19:54:59 [INFO] === FIN 40.7s erreurs=aucune ===
19:54:59 [INFO] === DÉBUT CYCLE mode=gng ===
19:55:00 [INFO] === SCRAPE G/NG ===
19:55:06 [WARNING] Impossible de sélectionner G/NG
19:55:36 [INFO] === FIN 36.8s erreurs=aucune ===
19:57:19 [INFO] === DÉBUT CYCLE mode=results ===
19:57:19 [INFO] === SCRAPE RÉSULTATS (version corrigée) ===
19:57:32 [INFO]   5 clics 'Afficher plus'
19:57:36 [INFO] Résultats: 240 → data/cbet_results.json
19:57:37 [INFO] === FIN 17.7s erreurs=aucune ===
20:30:59 [INFO] === DÉBUT CYCLE mode=1x2 ===
20:30:59 [INFO] === SCRAPE 1X2 ===
20:31:06 [INFO] rounds ignorés (timer courant / hors séquence): ['00:43']
20:31:06 [INFO] 9 rounds retenus / 10 total (10 horodatés)
20:31:07 [INFO]   1X2 [20:33]: 10 matchs
20:31:08 [INFO]   1X2 [20:35]: 10 matchs
20:31:09 [INFO]   1X2 [20:37]: 10 matchs
20:31:11 [INFO]   1X2 [20:39]: 10 matchs
20:31:12 [INFO]   1X2 [20:41]: 10 matchs
20:31:13 [INFO]   1X2 [20:43]: 10 matchs
20:31:15 [INFO]   1X2 [20:45]: 10 matchs
20:31:16 [INFO]   1X2 [20:47]: 10 matchs
20:31:17 [INFO]   1X2 [20:49]: 10 matchs
20:31:17 [INFO] 1X2: 9 rounds → data/congobet_1x2_rounds.json
20:31:48 [INFO] === FIN 48.8s erreurs=aucune ===
20:31:49 [INFO] === DÉBUT CYCLE mode=gng ===
20:31:49 [INFO] === SCRAPE G/NG ===
20:31:55 [WARNING] Impossible de sélectionner G/NG
20:32:25 [INFO] === FIN 36.8s erreurs=aucune ===
20:34:10 [INFO] === DÉBUT CYCLE mode=results ===
20:34:11 [INFO] === SCRAPE RÉSULTATS (version corrigée) ===
20:34:19 [INFO]   2 clics 'Afficher plus'
20:34:21 [INFO] Résultats: 100 → data/cbet_results.json
20:34:51 [INFO] === FIN 40.4s erreurs=aucune ===
21:07:53 [INFO] === DÉBUT CYCLE mode=1x2 ===
21:07:53 [INFO] === SCRAPE 1X2 ===
21:08:01 [WARNING] Impossible de sélectionner 1X2
21:08:01 [INFO] 9 rounds retenus / 10 total (9 horodatés)
21:08:02 [INFO]   1X2 [21:09]: 10 matchs
21:08:04 [INFO]   1X2 [21:11]: 10 matchs
21:08:05 [INFO]   1X2 [21:13]: 10 matchs
21:08:06 [INFO]   1X2 [21:15]: 10 matchs
21:08:08 [INFO]   1X2 [21:17]: 10 matchs
21:08:09 [INFO]   1X2 [21:19]: 10 matchs
21:08:11 [INFO]   1X2 [21:21]: 10 matchs
21:08:12 [INFO]   1X2 [21:23]: 10 matchs
21:08:13 [INFO]   1X2 [21:25]: 10 matchs
21:08:13 [INFO] 1X2: 9 rounds → data/congobet_1x2_rounds.json
21:08:43 [INFO] === FIN 50.6s erreurs=aucune ===
21:08:44 [INFO] === DÉBUT CYCLE mode=gng ===
21:08:44 [INFO] === SCRAPE G/NG ===
21:08:51 [WARNING] Impossible de sélectionner G/NG
21:09:22 [INFO] === FIN 37.6s erreurs=aucune ===
21:11:08 [INFO] === DÉBUT CYCLE mode=results ===
21:11:08 [INFO] === SCRAPE RÉSULTATS (version corrigée) ===
21:11:22 [INFO]   5 clics 'Afficher plus'
21:11:26 [INFO] Résultats: 240 → data/cbet_results.json
21:11:26 [INFO] === FIN 18.6s erreurs=aucune ===
21:53:48 [INFO] === DÉBUT CYCLE mode=1x2 ===
21:53:50 [INFO] === SCRAPE 1X2 ===
21:53:58 [INFO] rounds ignorés (timer courant / hors séquence): ['00:51']
21:53:58 [INFO] 9 rounds retenus / 10 total (10 horodatés)
21:54:00 [INFO]   1X2 [21:56]: 10 matchs
21:54:01 [INFO]   1X2 [21:58]: 10 matchs
21:54:03 [INFO]   1X2 [22:00]: 10 matchs
21:54:04 [INFO]   1X2 [22:02]: 10 matchs
21:54:05 [INFO]   1X2 [22:04]: 10 matchs
21:54:07 [INFO]   1X2 [22:06]: 10 matchs
21:54:08 [INFO]   1X2 [22:08]: 10 matchs
21:54:09 [INFO]   1X2 [22:10]: 10 matchs
21:54:11 [INFO]   1X2 [22:12]: 10 matchs
21:54:11 [INFO] 1X2: 9 rounds → data/congobet_1x2_rounds.json
21:54:11 [INFO] === FIN 22.7s erreurs=aucune ===
21:54:11 [INFO] === DÉBUT CYCLE mode=gng ===
21:54:11 [INFO] === SCRAPE G/NG ===
21:54:22 [INFO] rounds ignorés (timer courant / hors séquence): ['00:27']
21:54:22 [INFO] 9 rounds retenus / 10 total (10 horodatés)
21:54:25 [INFO]   G/NG [21:56]: 10 matchs
21:54:28 [INFO]   G/NG [21:58]: 10 matchs
21:54:30 [INFO]   G/NG [22:00]: 10 matchs
21:54:33 [INFO]   G/NG [22:02]: 10 matchs
21:54:36 [INFO]   G/NG [22:04]: 10 matchs
21:54:39 [INFO]   G/NG [22:06]: 10 matchs
21:54:42 [INFO]   G/NG [22:08]: 10 matchs
21:54:45 [INFO]   G/NG [22:10]: 10 matchs
21:54:48 [INFO]   G/NG [22:12]: 10 matchs
21:54:48 [INFO] G/NG: 90 cotes → data/cbet_odds.json
21:55:19 [INFO] === FIN 68.1s erreurs=aucune ===
21:57:03 [INFO] === DÉBUT CYCLE mode=results ===
21:57:03 [INFO] === SCRAPE RÉSULTATS (version corrigée) ===
21:57:13 [INFO]   2 clics 'Afficher plus'
21:57:14 [INFO] Résultats: 120 → data/cbet_results.json
21:57:14 [INFO] === FIN 11.8s erreurs=aucune ===
22:27:01 [INFO] === DÉBUT CYCLE mode=1x2 ===
22:27:03 [INFO] === SCRAPE 1X2 ===
22:27:10 [WARNING] Impossible de sélectionner 1X2
22:27:10 [INFO] 9 rounds retenus / 10 total (9 horodatés)
22:27:11 [INFO]   1X2 [22:28]: 10 matchs
22:27:13 [INFO]   1X2 [22:30]: 10 matchs
22:27:14 [INFO]   1X2 [22:32]: 10 matchs
22:27:15 [INFO]   1X2 [22:34]: 10 matchs
22:27:17 [INFO]   1X2 [22:36]: 10 matchs
22:27:18 [INFO]   1X2 [22:38]: 10 matchs
22:27:20 [INFO]   1X2 [22:40]: 10 matchs
22:27:21 [INFO]   1X2 [22:42]: 10 matchs
22:27:22 [INFO]   1X2 [22:44]: 10 matchs
22:27:22 [INFO] 1X2: 9 rounds → data/congobet_1x2_rounds.json
22:27:23 [INFO] === FIN 21.5s erreurs=aucune ===
22:27:23 [INFO] === DÉBUT CYCLE mode=gng ===
22:27:23 [INFO] === SCRAPE G/NG ===
22:27:30 [WARNING] Impossible de sélectionner G/NG
22:28:00 [INFO] === FIN 37.5s erreurs=aucune ===
22:29:46 [INFO] === DÉBUT CYCLE mode=results ===
22:29:46 [INFO] === SCRAPE RÉSULTATS (version corrigée) ===
22:29:59 [INFO]   5 clics 'Afficher plus'
22:30:04 [INFO] Résultats: 240 → data/cbet_results.json
22:30:04 [INFO] === FIN 18.2s erreurs=aucune ===
23:07:07 [INFO] === DÉBUT CYCLE mode=1x2 ===
23:07:07 [INFO] === SCRAPE 1X2 ===
23:07:16 [INFO] rounds ignorés (timer courant / hors séquence): ['00:34']
23:07:16 [INFO] 9 rounds retenus / 10 total (10 horodatés)
23:07:17 [INFO]   1X2 [23:09]: 10 matchs
23:07:18 [INFO]   1X2 [23:11]: 10 matchs
23:07:20 [INFO]   1X2 [23:13]: 10 matchs
23:07:21 [INFO]   1X2 [23:15]: 10 matchs
23:07:23 [INFO]   1X2 [23:17]: 10 matchs
23:07:24 [INFO]   1X2 [23:19]: 10 matchs
23:07:25 [INFO]   1X2 [23:21]: 10 matchs
23:07:27 [INFO]   1X2 [23:23]: 10 matchs
23:07:28 [INFO]   1X2 [23:25]: 10 matchs
23:07:28 [INFO] 1X2: 9 rounds → data/congobet_1x2_rounds.json
23:07:28 [INFO] === FIN 21.6s erreurs=aucune ===
23:07:28 [INFO] === DÉBUT CYCLE mode=gng ===
23:07:29 [INFO] === SCRAPE G/NG ===
23:07:39 [INFO] rounds ignorés (timer courant / hors séquence): ['00:09']
23:07:39 [INFO] 9 rounds retenus / 10 total (10 horodatés)
23:07:42 [INFO]   G/NG [23:09]: 10 matchs
23:07:45 [INFO]   G/NG [23:11]: 10 matchs
23:07:48 [INFO]   G/NG [23:13]: 10 matchs
23:07:51 [INFO]   G/NG [23:15]: 10 matchs
23:07:54 [INFO]   G/NG [23:17]: 10 matchs
23:07:58 [INFO]   G/NG [23:19]: 10 matchs
23:08:01 [INFO]   G/NG [23:21]: 10 matchs
23:08:04 [INFO]   G/NG [23:23]: 10 matchs
23:08:07 [INFO]   G/NG [23:25]: 10 matchs
23:08:07 [INFO] G/NG: 90 cotes → data/cbet_odds.json
23:08:07 [INFO] === FIN 38.6s erreurs=aucune ===
23:09:49 [INFO] === DÉBUT CYCLE mode=results ===
23:09:50 [INFO] === SCRAPE RÉSULTATS (version corrigée) ===
23:10:00 [INFO]   2 clics 'Afficher plus'
23:10:02 [INFO] Résultats: 90 → data/cbet_results.json
23:10:02 [INFO] === FIN 12.8s erreurs=aucune ===
23:54:17 [INFO] === DÉBUT CYCLE mode=1x2 ===
23:54:18 [INFO] === SCRAPE 1X2 ===
23:54:24 [WARNING] Impossible de sélectionner 1X2
23:54:24 [INFO] rounds ignorés (timer courant / hors séquence): ['23:55', '23:57', '23:59', '00:01', '00:03', '00:05']
23:54:24 [INFO] 3 rounds retenus / 10 total (9 horodatés)
23:54:26 [INFO]   1X2 [00:10]: 10 matchs
23:54:27 [INFO]   1X2 [00:12]: 10 matchs
23:54:29 [INFO]   1X2 [00:14]: 10 matchs
23:54:29 [INFO] 1X2: 3 rounds → data/congobet_1x2_rounds.json
23:54:29 [INFO] === FIN 11.4s erreurs=aucune ===
23:54:29 [INFO] === DÉBUT CYCLE mode=gng ===
23:54:29 [INFO] === SCRAPE G/NG ===
23:54:36 [WARNING] Impossible de sélectionner G/NG
23:54:36 [INFO] === FIN 7.2s erreurs=aucune ===
23:56:18 [INFO] === DÉBUT CYCLE mode=results ===
23:56:19 [INFO] === SCRAPE RÉSULTATS (version corrigée) ===
23:56:31 [INFO]   5 clics 'Afficher plus'
23:56:35 [INFO] Résultats: 240 → data/cbet_results.json
23:56:35 [INFO] === FIN 17.2s erreurs=aucune ===
01:59:06 [INFO] === DÉBUT CYCLE mode=1x2 ===
01:59:07 [INFO] === SCRAPE 1X2 ===
01:59:16 [INFO] rounds ignorés (timer courant / hors séquence): ['00:33']
01:59:16 [INFO] 9 rounds retenus / 10 total (10 horodatés)
01:59:17 [INFO]   1X2 [02:01]: 10 matchs
01:59:19 [INFO]   1X2 [02:03]: 10 matchs
01:59:20 [INFO]   1X2 [02:05]: 10 matchs
01:59:22 [INFO]   1X2 [02:07]: 10 matchs
01:59:23 [INFO]   1X2 [02:09]: 10 matchs
01:59:24 [INFO]   1X2 [02:11]: 10 matchs
01:59:26 [INFO]   1X2 [02:13]: 10 matchs
01:59:27 [INFO]   1X2 [02:15]: 10 matchs
01:59:29 [INFO]   1X2 [02:17]: 10 matchs
01:59:29 [INFO] 1X2: 9 rounds → data/congobet_1x2_rounds.json
01:59:29 [INFO] === FIN 22.6s erreurs=aucune ===
01:59:29 [INFO] === DÉBUT CYCLE mode=gng ===
01:59:29 [INFO] === SCRAPE G/NG ===
01:59:40 [INFO] rounds ignorés (timer courant / hors séquence): ['00:09']
01:59:40 [INFO] 9 rounds retenus / 10 total (10 horodatés)
01:59:43 [INFO]   G/NG [02:01]: 10 matchs
01:59:46 [INFO]   G/NG [02:03]: 10 matchs
01:59:49 [INFO]   G/NG [02:05]: 10 matchs
01:59:52 [INFO]   G/NG [02:07]: 10 matchs
01:59:55 [INFO]   G/NG [02:09]: 10 matchs
01:59:59 [INFO]   G/NG [02:11]: 10 matchs
02:00:02 [INFO]   G/NG [02:13]: 10 matchs
02:00:05 [INFO]   G/NG [02:15]: 10 matchs
02:00:08 [INFO]   G/NG [02:17]: 10 matchs
02:00:08 [INFO] G/NG: 90 cotes → data/cbet_odds.json
02:00:38 [INFO] === FIN 69.2s erreurs=aucune ===
02:02:21 [INFO] === DÉBUT CYCLE mode=results ===
02:02:21 [INFO] === SCRAPE RÉSULTATS (version corrigée) ===
02:02:34 [INFO]   3 clics 'Afficher plus'
02:02:37 [INFO] Résultats: 160 → data/cbet_results.json
02:03:07 [INFO] === FIN 45.8s erreurs=aucune ===
05:29:03 [INFO] === DÉBUT CYCLE mode=1x2 ===
05:29:04 [INFO] === SCRAPE 1X2 ===
05:29:13 [WARNING] Impossible de sélectionner 1X2
05:29:13 [INFO] 9 rounds retenus / 10 total (9 horodatés)
05:29:14 [INFO]   1X2 [05:30]: 10 matchs
05:29:16 [INFO]   1X2 [05:32]: 10 matchs
05:29:17 [INFO]   1X2 [05:34]: 10 matchs
05:29:18 [INFO]   1X2 [05:36]: 10 matchs
05:29:20 [INFO]   1X2 [05:38]: 10 matchs
05:29:21 [INFO]   1X2 [05:40]: 10 matchs
05:29:23 [INFO]   1X2 [05:42]: 10 matchs
05:29:24 [INFO]   1X2 [05:44]: 10 matchs
05:29:25 [INFO]   1X2 [05:46]: 10 matchs
05:29:25 [INFO] 1X2: 9 rounds → data/congobet_1x2_rounds.json
05:29:56 [INFO] === FIN 52.2s erreurs=aucune ===
05:29:57 [INFO] === DÉBUT CYCLE mode=gng ===
05:29:58 [INFO] === SCRAPE G/NG ===
05:30:08 [INFO] rounds ignorés (timer courant / hors séquence): ['00:41']
05:30:08 [INFO] 9 rounds retenus / 10 total (10 horodatés)
05:30:11 [INFO]   G/NG [05:32]: 10 matchs
05:30:14 [INFO]   G/NG [05:34]: 10 matchs
05:30:17 [INFO]   G/NG [05:36]: 10 matchs
05:30:20 [INFO]   G/NG [05:38]: 10 matchs
05:30:24 [INFO]   G/NG [05:40]: 10 matchs
05:30:27 [INFO]   G/NG [05:42]: 10 matchs
05:30:30 [INFO]   G/NG [05:44]: 10 matchs
05:30:33 [INFO]   G/NG [05:46]: 10 matchs
05:30:36 [INFO]   G/NG [05:48]: 10 matchs
05:30:36 [INFO] G/NG: 90 cotes → data/cbet_odds.json
05:31:06 [INFO] === FIN 68.5s erreurs=aucune ===
05:32:51 [INFO] === DÉBUT CYCLE mode=results ===
05:32:52 [INFO] === SCRAPE RÉSULTATS (version corrigée) ===
05:32:59 [INFO]   0 clics 'Afficher plus'
05:32:59 [INFO] Résultats: 30 → data/cbet_results.json
05:33:29 [INFO] === FIN 38.0s erreurs=aucune ===
07:54:40 [INFO] === DÉBUT CYCLE mode=1x2 ===
07:54:41 [INFO] === SCRAPE 1X2 ===
07:54:48 [WARNING] Impossible de sélectionner 1X2
07:54:48 [INFO] rounds ignorés (timer courant / hors séquence): ['07:55', '07:57', '07:59']
07:54:48 [INFO] 6 rounds retenus / 10 total (9 horodatés)
07:54:50 [INFO]   1X2 [08:04]: 10 matchs
07:54:51 [INFO]   1X2 [08:06]: 10 matchs
07:54:52 [INFO]   1X2 [08:08]: 10 matchs
07:54:54 [INFO]   1X2 [08:10]: 10 matchs
07:54:55 [INFO]   1X2 [08:12]: 10 matchs
07:54:56 [INFO]   1X2 [08:14]: 10 matchs
07:54:56 [INFO] 1X2: 6 rounds → data/congobet_1x2_rounds.json
07:55:27 [INFO] === FIN 46.3s erreurs=aucune ===
07:55:28 [INFO] === DÉBUT CYCLE mode=gng ===
07:55:29 [INFO] === SCRAPE G/NG ===
07:55:38 [INFO] rounds ignorés (timer courant / hors séquence): ['00:11', '07:57', '07:59']
07:55:38 [INFO] 7 rounds retenus / 10 total (10 horodatés)
07:55:41 [INFO]   G/NG [08:04]: 10 matchs
07:55:45 [INFO]   G/NG [08:06]: 10 matchs
07:55:48 [INFO]   G/NG [08:08]: 10 matchs
07:55:51 [INFO]   G/NG [08:10]: 10 matchs
07:55:54 [INFO]   G/NG [08:12]: 10 matchs
07:55:57 [INFO]   G/NG [08:14]: 10 matchs
07:56:00 [INFO]   G/NG [08:16]: 10 matchs
07:56:00 [INFO] G/NG: 70 cotes → data/cbet_odds.json
07:56:00 [INFO] === FIN 31.8s erreurs=aucune ===
07:57:42 [INFO] === DÉBUT CYCLE mode=results ===
07:57:43 [INFO] === SCRAPE RÉSULTATS (version corrigée) ===
07:57:56 [INFO]   5 clics 'Afficher plus'
07:58:00 [INFO] Résultats: 240 → data/cbet_results.json
07:58:00 [INFO] === FIN 18.1s erreurs=aucune ===
10:09:38 [INFO] === DÉBUT CYCLE mode=1x2 ===
10:09:39 [INFO] === SCRAPE 1X2 ===
10:09:47 [INFO] rounds ignorés (timer courant / hors séquence): ['00:02']
10:09:47 [INFO] 9 rounds retenus / 10 total (10 horodatés)
10:09:48 [INFO]   1X2 [10:11]: 10 matchs
10:09:50 [INFO]   1X2 [10:13]: 10 matchs
10:09:51 [INFO]   1X2 [10:15]: 10 matchs
10:09:53 [INFO]   1X2 [10:17]: 10 matchs
10:09:54 [INFO]   1X2 [10:19]: 10 matchs
10:09:55 [INFO]   1X2 [10:21]: 10 matchs
10:09:57 [INFO]   1X2 [10:23]: 10 matchs
10:09:58 [INFO]   1X2 [10:25]: 10 matchs
10:10:00 [INFO]   1X2 [10:27]: 10 matchs
10:10:00 [INFO] 1X2: 9 rounds → data/congobet_1x2_rounds.json
10:10:30 [INFO] === FIN 51.7s erreurs=aucune ===
10:10:30 [INFO] === DÉBUT CYCLE mode=gng ===
10:10:31 [INFO] === SCRAPE G/NG ===
10:10:39 [WARNING] Impossible de sélectionner G/NG
10:10:39 [INFO] === FIN 8.9s erreurs=aucune ===
10:12:22 [INFO] === DÉBUT CYCLE mode=results ===
10:12:23 [INFO] === SCRAPE RÉSULTATS (version corrigée) ===
10:12:37 [INFO]   5 clics 'Afficher plus'
10:12:42 [INFO] Résultats: 240 → data/cbet_results.json
10:13:12 [INFO] === FIN 49.7s erreurs=aucune ===
11:59:27 [INFO] === DÉBUT CYCLE mode=1x2 ===
11:59:28 [INFO] === SCRAPE 1X2 ===
11:59:35 [INFO] rounds ignorés (timer courant / hors séquence): ['02:14']
11:59:35 [INFO] 9 rounds retenus / 10 total (10 horodatés)
11:59:36 [INFO]   1X2 [12:03]: 10 matchs
11:59:37 [INFO]   1X2 [12:05]: 10 matchs
11:59:38 [INFO]   1X2 [12:07]: 10 matchs
11:59:40 [INFO]   1X2 [12:09]: 10 matchs
11:59:41 [INFO]   1X2 [12:11]: 10 matchs
11:59:42 [INFO]   1X2 [12:13]: 10 matchs
11:59:44 [INFO]   1X2 [12:15]: 10 matchs
11:59:45 [INFO]   1X2 [12:17]: 10 matchs
11:59:47 [INFO]   1X2 [12:19]: 10 matchs
11:59:47 [INFO] 1X2: 9 rounds → data/congobet_1x2_rounds.json
12:00:17 [INFO] === FIN 49.7s erreurs=aucune ===
12:00:17 [INFO] === DÉBUT CYCLE mode=gng ===
12:00:17 [INFO] === SCRAPE G/NG ===
12:00:26 [INFO] rounds ignorés (timer courant / hors séquence): ['01:23']
12:00:26 [INFO] 9 rounds retenus / 10 total (10 horodatés)
12:00:28 [INFO]   G/NG [12:03]: 10 matchs
12:00:31 [INFO]   G/NG [12:05]: 10 matchs
12:00:34 [INFO]   G/NG [12:07]: 10 matchs
12:00:37 [INFO]   G/NG [12:09]: 10 matchs
12:00:39 [INFO]   G/NG [12:11]: 10 matchs
12:00:42 [INFO]   G/NG [12:13]: 10 matchs
12:00:45 [INFO]   G/NG [12:15]: 10 matchs
12:00:48 [INFO]   G/NG [12:17]: 10 matchs
12:00:51 [INFO]   G/NG [12:19]: 10 matchs
12:00:51 [INFO] G/NG: 90 cotes → data/cbet_odds.json
12:00:51 [INFO] === FIN 34.5s erreurs=aucune ===
12:02:33 [INFO] === DÉBUT CYCLE mode=results ===
12:02:34 [INFO] === SCRAPE RÉSULTATS (version corrigée) ===
12:02:40 [INFO]   0 clics 'Afficher plus'
12:02:55 [WARNING] Aucun conteneur de résultat trouvé
12:02:55 [INFO] === FIN 22.0s erreurs=aucune ===
14:10:22 [INFO] === DÉBUT CYCLE mode=1x2 ===
14:10:23 [INFO] === SCRAPE 1X2 ===
14:10:29 [INFO] rounds ignorés (timer courant / hors séquence): ['00:20']
14:10:29 [INFO] 9 rounds retenus / 10 total (10 horodatés)
14:10:30 [INFO]   1X2 [14:12]: 10 matchs
14:10:32 [INFO]   1X2 [14:14]: 10 matchs
14:10:33 [INFO]   1X2 [14:16]: 10 matchs
14:10:35 [INFO]   1X2 [14:18]: 10 matchs
14:10:36 [INFO]   1X2 [14:20]: 10 matchs
14:10:37 [INFO]   1X2 [14:22]: 10 matchs
14:10:39 [INFO]   1X2 [14:24]: 10 matchs
14:10:40 [INFO]   1X2 [14:26]: 10 matchs
14:10:42 [INFO]   1X2 [14:28]: 10 matchs
14:10:42 [INFO] 1X2: 9 rounds → data/congobet_1x2_rounds.json
14:11:12 [INFO] === FIN 49.5s erreurs=aucune ===
14:11:12 [INFO] === DÉBUT CYCLE mode=gng ===
14:11:12 [INFO] === SCRAPE G/NG ===
14:11:18 [WARNING] Impossible de sélectionner G/NG
14:11:18 [INFO] === FIN 6.6s erreurs=aucune ===
14:13:01 [INFO] === DÉBUT CYCLE mode=results ===
14:13:01 [INFO] === SCRAPE RÉSULTATS (version corrigée) ===
14:13:13 [INFO]   5 clics 'Afficher plus'
14:13:18 [INFO] Résultats: 240 → data/cbet_results.json
14:13:18 [INFO] === FIN 17.4s erreurs=aucune ===
15:59:42 [INFO] === DÉBUT CYCLE mode=1x2 ===
15:59:44 [INFO] === SCRAPE 1X2 ===
15:59:51 [WARNING] Impossible de sélectionner 1X2
15:59:51 [INFO] 9 rounds retenus / 10 total (9 horodatés)
15:59:53 [INFO]   1X2 [16:00]: 10 matchs
15:59:54 [INFO]   1X2 [16:02]: 10 matchs
15:59:55 [INFO]   1X2 [16:04]: 10 matchs
15:59:56 [INFO]   1X2 [16:06]: 10 matchs
15:59:58 [INFO]   1X2 [16:08]: 10 matchs
15:59:59 [INFO]   1X2 [16:10]: 10 matchs
16:00:00 [INFO]   1X2 [16:12]: 10 matchs
16:00:02 [INFO]   1X2 [16:14]: 10 matchs
16:00:03 [INFO]   1X2 [16:16]: 10 matchs
16:00:03 [INFO] 1X2: 9 rounds → data/congobet_1x2_rounds.json
16:00:03 [INFO] === FIN 21.5s erreurs=aucune ===
16:00:04 [INFO] === DÉBUT CYCLE mode=gng ===
16:00:04 [INFO] === SCRAPE G/NG ===
16:00:12 [INFO] rounds ignorés (timer courant / hors séquence): ['00:37']
16:00:12 [INFO] 9 rounds retenus / 10 total (10 horodatés)
16:00:15 [INFO]   G/NG [16:02]: 10 matchs
16:00:18 [INFO]   G/NG [16:04]: 10 matchs
16:00:21 [INFO]   G/NG [16:06]: 10 matchs
16:00:25 [INFO]   G/NG [16:08]: 10 matchs
16:00:27 [INFO]   G/NG [16:10]: 10 matchs
16:00:30 [INFO]   G/NG [16:12]: 10 matchs
16:00:33 [INFO]   G/NG [16:14]: 10 matchs
16:00:36 [INFO]   G/NG [16:16]: 10 matchs
16:00:39 [INFO]   G/NG [16:18]: 10 matchs
16:00:39 [INFO] G/NG: 90 cotes → data/cbet_odds.json
16:00:39 [INFO] === FIN 35.4s erreurs=aucune ===
16:02:21 [INFO] === DÉBUT CYCLE mode=results ===
16:02:22 [INFO] === SCRAPE RÉSULTATS (version corrigée) ===
16:02:28 [INFO]   0 clics 'Afficher plus'
16:02:28 [INFO] Résultats: 20 → data/cbet_results.json
16:02:28 [INFO] === FIN 6.9s erreurs=aucune ===
17:28:15 [INFO] === DÉBUT CYCLE mode=1x2 ===
17:28:16 [INFO] === SCRAPE 1X2 ===
17:28:25 [WARNING] Impossible de sélectionner 1X2
17:28:25 [INFO] 9 rounds retenus / 10 total (9 horodatés)
17:28:26 [INFO]   1X2 [17:29]: 10 matchs
17:28:28 [INFO]   1X2 [17:31]: 10 matchs
17:28:29 [INFO]   1X2 [17:33]: 10 matchs
17:28:31 [INFO]   1X2 [17:35]: 10 matchs
17:28:32 [INFO]   1X2 [17:37]: 10 matchs
17:28:33 [INFO]   1X2 [17:39]: 10 matchs
17:28:35 [INFO]   1X2 [17:41]: 10 matchs
17:28:36 [INFO]   1X2 [17:43]: 10 matchs
17:28:38 [INFO]   1X2 [17:45]: 10 matchs
17:28:38 [INFO] 1X2: 9 rounds → data/congobet_1x2_rounds.json
17:29:08 [INFO] === FIN 53.1s erreurs=aucune ===
17:29:08 [INFO] === DÉBUT CYCLE mode=gng ===
17:29:08 [INFO] === SCRAPE G/NG ===
17:29:19 [INFO] rounds ignorés (timer courant / hors séquence): ['00:30']
17:29:19 [INFO] 9 rounds retenus / 10 total (10 horodatés)
17:29:22 [INFO]   G/NG [17:31]: 10 matchs
17:29:25 [INFO]   G/NG [17:33]: 10 matchs
17:29:28 [INFO]   G/NG [17:35]: 10 matchs
17:29:31 [INFO]   G/NG [17:37]: 10 matchs
17:29:34 [INFO]   G/NG [17:39]: 10 matchs
17:29:37 [INFO]   G/NG [17:41]: 10 matchs
17:29:40 [INFO]   G/NG [17:43]: 10 matchs
17:29:43 [INFO]   G/NG [17:45]: 10 matchs
17:29:46 [INFO]   G/NG [17:47]: 10 matchs
17:29:46 [INFO] G/NG: 90 cotes → data/cbet_odds.json
17:30:16 [INFO] === FIN 68.6s erreurs=aucune ===
17:32:00 [INFO] === DÉBUT CYCLE mode=results ===
17:32:00 [INFO] === SCRAPE RÉSULTATS (version corrigée) ===
17:32:10 [INFO]   1 clics 'Afficher plus'
17:32:11 [INFO] Résultats: 70 → data/cbet_results.json
17:32:41 [INFO] === FIN 41.4s erreurs=aucune ===
18:50:40 [INFO] === DÉBUT CYCLE mode=1x2 ===
18:50:40 [INFO] === SCRAPE 1X2 ===
18:50:48 [INFO] rounds ignorés (timer courant / hors séquence): ['00:01']
18:50:48 [INFO] 9 rounds retenus / 10 total (10 horodatés)
18:50:49 [INFO]   1X2 [18:52]: 10 matchs
18:50:51 [INFO]   1X2 [18:54]: 10 matchs
18:50:52 [INFO]   1X2 [18:56]: 10 matchs
18:50:54 [INFO]   1X2 [18:58]: 10 matchs
18:50:55 [INFO]   1X2 [19:00]: 10 matchs
18:50:56 [INFO]   1X2 [19:02]: 10 matchs
18:50:58 [INFO]   1X2 [19:04]: 10 matchs
18:50:59 [INFO]   1X2 [19:06]: 10 matchs
18:51:01 [INFO]   1X2 [19:08]: 10 matchs
18:51:01 [INFO] 1X2: 9 rounds → data/congobet_1x2_rounds.json
18:51:01 [INFO] === FIN 21.0s erreurs=aucune ===
18:51:01 [INFO] === DÉBUT CYCLE mode=gng ===
18:51:01 [INFO] === SCRAPE G/NG ===
18:51:09 [WARNING] Impossible de sélectionner G/NG
18:51:39 [INFO] === FIN 37.8s erreurs=aucune ===
18:53:21 [INFO] === DÉBUT CYCLE mode=results ===
18:53:22 [INFO] === SCRAPE RÉSULTATS (version corrigée) ===
18:53:30 [INFO]   1 clics 'Afficher plus'
18:53:31 [INFO] Résultats: 80 → data/cbet_results.json
18:54:01 [INFO] === FIN 40.0s erreurs=aucune ===
20:02:21 [INFO] === DÉBUT CYCLE mode=1x2 ===
20:02:21 [INFO] === SCRAPE 1X2 ===
20:02:29 [WARNING] Impossible de sélectionner 1X2
20:02:30 [INFO] 9 rounds retenus / 10 total (9 horodatés)
20:02:31 [INFO]   1X2 [20:03]: 10 matchs
20:02:32 [INFO]   1X2 [20:05]: 10 matchs
20:02:34 [INFO]   1X2 [20:07]: 10 matchs
20:02:35 [INFO]   1X2 [20:09]: 10 matchs
20:02:37 [INFO]   1X2 [20:11]: 10 matchs
20:02:38 [INFO]   1X2 [20:13]: 10 matchs
20:02:39 [INFO]   1X2 [20:15]: 10 matchs
20:02:41 [INFO]   1X2 [20:17]: 10 matchs
20:02:42 [INFO]   1X2 [20:19]: 10 matchs
20:02:42 [INFO] 1X2: 9 rounds → data/congobet_1x2_rounds.json
20:03:13 [INFO] === FIN 51.6s erreurs=aucune ===
20:03:15 [INFO] === DÉBUT CYCLE mode=gng ===
20:03:15 [INFO] === SCRAPE G/NG ===
20:03:26 [INFO] rounds ignorés (timer courant / hors séquence): ['00:22']
20:03:26 [INFO] 9 rounds retenus / 10 total (10 horodatés)
20:03:29 [INFO]   G/NG [20:05]: 10 matchs
20:03:32 [INFO]   G/NG [20:07]: 10 matchs
20:03:35 [INFO]   G/NG [20:09]: 10 matchs
20:03:38 [INFO]   G/NG [20:11]: 10 matchs
20:03:42 [INFO]   G/NG [20:13]: 10 matchs
20:03:45 [INFO]   G/NG [20:15]: 10 matchs
20:03:48 [INFO]   G/NG [20:17]: 10 matchs
20:03:51 [INFO]   G/NG [20:19]: 10 matchs
20:03:54 [INFO]   G/NG [20:21]: 10 matchs
20:03:54 [INFO] G/NG: 90 cotes → data/cbet_odds.json
20:03:54 [INFO] === FIN 39.2s erreurs=aucune ===
20:05:36 [INFO] === DÉBUT CYCLE mode=results ===
20:05:37 [INFO] === SCRAPE RÉSULTATS (version corrigée) ===
20:05:46 [INFO]   1 clics 'Afficher plus'
20:05:47 [INFO] Résultats: 50 → data/cbet_results.json
20:05:47 [INFO] === FIN 10.8s erreurs=aucune ===
21:13:38 [INFO] === DÉBUT CYCLE mode=1x2 ===
21:13:39 [INFO] === SCRAPE 1X2 ===
21:13:45 [INFO] rounds ignorés (timer courant / hors séquence): ['01:06']
21:13:45 [INFO] 9 rounds retenus / 10 total (10 horodatés)
21:13:46 [INFO]   1X2 [21:16]: 10 matchs
21:13:48 [INFO]   1X2 [21:18]: 10 matchs
21:13:49 [INFO]   1X2 [21:20]: 10 matchs
21:13:50 [INFO]   1X2 [21:22]: 10 matchs
21:13:51 [INFO]   1X2 [21:24]: 10 matchs
21:13:53 [INFO]   1X2 [21:26]: 10 matchs
21:13:54 [INFO]   1X2 [21:28]: 10 matchs
21:13:55 [INFO]   1X2 [21:30]: 10 matchs
21:13:57 [INFO]   1X2 [21:32]: 10 matchs
21:13:57 [INFO] 1X2: 9 rounds → data/congobet_1x2_rounds.json
21:14:27 [INFO] === FIN 48.6s erreurs=aucune ===
21:14:28 [INFO] === DÉBUT CYCLE mode=gng ===
21:14:29 [INFO] === SCRAPE G/NG ===
21:14:37 [INFO] rounds ignorés (timer courant / hors séquence): ['00:12']
21:14:37 [INFO] 9 rounds retenus / 10 total (10 horodatés)
21:14:40 [INFO]   G/NG [21:16]: 10 matchs
21:14:42 [INFO]   G/NG [21:18]: 10 matchs
21:14:46 [INFO]   G/NG [21:20]: 10 matchs
21:14:49 [INFO]   G/NG [21:22]: 10 matchs
21:14:52 [INFO]   G/NG [21:24]: 10 matchs
21:14:55 [INFO]   G/NG [21:26]: 10 matchs
21:14:58 [INFO]   G/NG [21:28]: 10 matchs
21:15:01 [INFO]   G/NG [21:30]: 10 matchs
21:15:04 [INFO]   G/NG [21:32]: 10 matchs
21:15:04 [INFO] G/NG: 90 cotes → data/cbet_odds.json
21:15:04 [INFO] === FIN 36.0s erreurs=aucune ===
21:16:46 [INFO] === DÉBUT CYCLE mode=results ===
21:16:47 [INFO] === SCRAPE RÉSULTATS (version corrigée) ===
21:16:53 [INFO]   0 clics 'Afficher plus'
21:16:53 [INFO] Résultats: 10 → data/cbet_results.json
21:17:24 [INFO] === FIN 36.4s erreurs=aucune ===
22:08:39 [INFO] === DÉBUT CYCLE mode=1x2 ===
22:08:42 [INFO] === SCRAPE 1X2 ===
22:08:49 [INFO] rounds ignorés (timer courant / hors séquence): ['00:00']
22:08:49 [INFO] 9 rounds retenus / 10 total (10 horodatés)
22:08:51 [INFO]   1X2 [22:10]: 10 matchs
22:08:52 [INFO]   1X2 [22:12]: 10 matchs
22:08:53 [INFO]   1X2 [22:14]: 10 matchs
22:08:55 [INFO]   1X2 [22:16]: 10 matchs
22:08:56 [INFO]   1X2 [22:18]: 10 matchs
22:08:58 [INFO]   1X2 [22:20]: 10 matchs
22:08:59 [INFO]   1X2 [22:22]: 10 matchs
22:09:01 [INFO]   1X2 [22:24]: 10 matchs
22:09:02 [INFO]   1X2 [22:26]: 10 matchs
22:09:02 [INFO] 1X2: 9 rounds → data/congobet_1x2_rounds.json
22:09:32 [INFO] === FIN 53.0s erreurs=aucune ===
22:09:32 [INFO] === DÉBUT CYCLE mode=gng ===
22:09:33 [INFO] === SCRAPE G/NG ===
22:09:40 [WARNING] Impossible de sélectionner G/NG
22:10:10 [INFO] === FIN 37.5s erreurs=aucune ===
22:11:56 [INFO] === DÉBUT CYCLE mode=results ===
22:11:56 [INFO] === SCRAPE RÉSULTATS (version corrigée) ===
22:12:09 [INFO]   5 clics 'Afficher plus'
22:12:14 [INFO] Résultats: 240 → data/cbet_results.json
22:12:14 [INFO] === FIN 18.4s erreurs=aucune ===
23:09:20 [INFO] === DÉBUT CYCLE mode=1x2 ===
23:09:21 [INFO] === SCRAPE 1X2 ===
23:09:27 [INFO] rounds ignorés (timer courant / hors séquence): ['00:22']
23:09:27 [INFO] 9 rounds retenus / 10 total (10 horodatés)
23:09:28 [INFO]   1X2 [23:11]: 10 matchs
23:09:29 [INFO]   1X2 [23:13]: 10 matchs
23:09:30 [INFO]   1X2 [23:15]: 10 matchs
23:09:32 [INFO]   1X2 [23:17]: 10 matchs
23:09:33 [INFO]   1X2 [23:19]: 10 matchs
23:09:35 [INFO]   1X2 [23:21]: 10 matchs
23:09:36 [INFO]   1X2 [23:23]: 10 matchs
23:09:37 [INFO]   1X2 [23:25]: 10 matchs
23:09:39 [INFO]   1X2 [23:27]: 10 matchs
23:09:39 [INFO] 1X2: 9 rounds → data/congobet_1x2_rounds.json
23:09:39 [INFO] === FIN 18.8s erreurs=aucune ===
23:09:39 [INFO] === DÉBUT CYCLE mode=gng ===
23:09:39 [INFO] === SCRAPE G/NG ===
23:09:48 [INFO] rounds ignorés (timer courant / hors séquence): ['00:01']
23:09:48 [INFO] 9 rounds retenus / 10 total (10 horodatés)
23:09:50 [INFO]   G/NG [23:11]: 10 matchs
23:09:53 [INFO]   G/NG [23:13]: 10 matchs
23:09:56 [INFO]   G/NG [23:15]: 10 matchs
23:09:59 [INFO]   G/NG [23:17]: 10 matchs
23:10:02 [INFO]   G/NG [23:19]: 10 matchs
23:10:05 [INFO]   G/NG [23:21]: 10 matchs
23:10:08 [INFO]   G/NG [23:23]: 10 matchs
23:10:11 [INFO]   G/NG [23:25]: 10 matchs
23:10:14 [INFO]   G/NG [23:27]: 10 matchs
23:10:14 [INFO] G/NG: 90 cotes → data/cbet_odds.json
23:10:44 [INFO] === FIN 65.5s erreurs=aucune ===
23:12:27 [INFO] === DÉBUT CYCLE mode=results ===
23:12:27 [INFO] === SCRAPE RÉSULTATS (version corrigée) ===
23:12:38 [INFO]   4 clics 'Afficher plus'
23:12:42 [INFO] Résultats: 190 → data/cbet_results.json
23:12:42 [INFO] === FIN 14.9s erreurs=aucune ===
00:05:42 [INFO] === DÉBUT CYCLE mode=1x2 ===
00:05:43 [INFO] === SCRAPE 1X2 ===
00:05:51 [WARNING] Impossible de sélectionner 1X2
00:05:51 [INFO] 9 rounds retenus / 10 total (9 horodatés)
00:05:52 [INFO]   1X2 [00:06]: 10 matchs
00:05:54 [INFO]   1X2 [00:08]: 10 matchs
00:05:55 [INFO]   1X2 [00:10]: 10 matchs
00:05:56 [INFO]   1X2 [00:12]: 10 matchs
00:05:58 [INFO]   1X2 [00:14]: 10 matchs
00:05:59 [INFO]   1X2 [00:16]: 10 matchs
00:06:00 [INFO]   1X2 [00:18]: 10 matchs
00:06:02 [INFO]   1X2 [00:20]: 10 matchs
00:06:03 [INFO]   1X2 [00:22]: 10 matchs
00:06:03 [INFO] 1X2: 9 rounds → data/congobet_1x2_rounds.json
00:06:03 [INFO] === FIN 20.9s erreurs=aucune ===
00:06:03 [INFO] === DÉBUT CYCLE mode=gng ===
00:06:04 [INFO] === SCRAPE G/NG ===
00:06:13 [INFO] rounds ignorés (timer courant / hors séquence): ['00:36']
00:06:13 [INFO] 9 rounds retenus / 10 total (10 horodatés)
00:06:16 [INFO]   G/NG [00:08]: 10 matchs
00:06:19 [INFO]   G/NG [00:10]: 10 matchs
00:06:22 [INFO]   G/NG [00:12]: 10 matchs
00:06:25 [INFO]   G/NG [00:14]: 10 matchs
00:06:28 [INFO]   G/NG [00:16]: 10 matchs
00:06:31 [INFO]   G/NG [00:18]: 10 matchs
00:06:34 [INFO]   G/NG [00:20]: 10 matchs
00:06:37 [INFO]   G/NG [00:22]: 10 matchs
00:06:40 [INFO]   G/NG [00:24]: 10 matchs
00:06:40 [INFO] G/NG: 90 cotes → data/cbet_odds.json
00:07:12 [INFO] === FIN 67.2s erreurs=aucune ===
00:08:56 [INFO] === DÉBUT CYCLE mode=results ===
00:08:57 [INFO] === SCRAPE RÉSULTATS (version corrigée) ===
00:09:05 [INFO]   1 clics 'Afficher plus'
00:09:06 [INFO] Résultats: 80 → data/cbet_results.json
00:09:06 [INFO] === FIN 9.9s erreurs=aucune ===
04:02:14 [INFO] === DÉBUT CYCLE mode=1x2 ===
04:02:16 [INFO] === SCRAPE 1X2 ===
04:02:24 [WARNING] Impossible de sélectionner 1X2
04:02:24 [INFO] 9 rounds retenus / 10 total (9 horodatés)
04:02:26 [INFO]   1X2 [04:03]: 10 matchs
04:02:27 [INFO]   1X2 [04:05]: 10 matchs
04:02:29 [INFO]   1X2 [04:07]: 10 matchs
04:02:30 [INFO]   1X2 [04:09]: 10 matchs
04:02:31 [INFO]   1X2 [04:11]: 10 matchs
04:02:33 [INFO]   1X2 [04:13]: 10 matchs
04:02:34 [INFO]   1X2 [04:15]: 10 matchs
04:02:36 [INFO]   1X2 [04:17]: 10 matchs
04:02:37 [INFO]   1X2 [04:19]: 10 matchs
04:02:37 [INFO] 1X2: 9 rounds → data/congobet_1x2_rounds.json
04:02:37 [INFO] === FIN 22.7s erreurs=aucune ===
04:02:37 [INFO] === DÉBUT CYCLE mode=gng ===
04:02:38 [INFO] === SCRAPE G/NG ===
04:02:46 [WARNING] Impossible de sélectionner G/NG
04:03:16 [INFO] === FIN 38.8s erreurs=aucune ===
04:04:59 [INFO] === DÉBUT CYCLE mode=results ===
04:04:59 [INFO] === SCRAPE RÉSULTATS (version corrigée) ===
04:05:09 [INFO]   1 clics 'Afficher plus'
04:05:10 [INFO] Résultats: 80 → data/cbet_results.json
04:05:10 [INFO] === FIN 11.2s erreurs=aucune ===
06:39:32 [INFO] === DÉBUT CYCLE mode=1x2 ===
06:39:32 [INFO] === SCRAPE 1X2 ===
06:39:39 [INFO] rounds ignorés (timer courant / hors séquence): ['00:10']
06:39:39 [INFO] 9 rounds retenus / 10 total (10 horodatés)
06:39:40 [INFO]   1X2 [06:41]: 10 matchs
06:39:41 [INFO]   1X2 [06:43]: 10 matchs
06:39:42 [INFO]   1X2 [06:45]: 10 matchs
06:39:43 [INFO]   1X2 [06:47]: 10 matchs
06:39:45 [INFO]   1X2 [06:49]: 10 matchs
06:39:46 [INFO]   1X2 [06:51]: 10 matchs
06:39:48 [INFO]   1X2 [06:53]: 10 matchs
06:39:49 [INFO]   1X2 [06:55]: 10 matchs
06:39:50 [INFO]   1X2 [06:57]: 10 matchs
06:39:50 [INFO] 1X2: 9 rounds → data/congobet_1x2_rounds.json
06:40:20 [INFO] === FIN 48.5s erreurs=aucune ===
06:40:20 [INFO] === DÉBUT CYCLE mode=gng ===
06:40:21 [INFO] === SCRAPE G/NG ===
06:40:27 [WARNING] Impossible de sélectionner G/NG
06:40:27 [INFO] === FIN 6.7s erreurs=aucune ===
06:42:10 [INFO] === DÉBUT CYCLE mode=results ===
06:42:10 [INFO] === SCRAPE RÉSULTATS (version corrigée) ===
06:42:18 [INFO]   1 clics 'Afficher plus'
06:42:19 [INFO] Résultats: 70 → data/cbet_results.json
06:42:49 [INFO] === FIN 38.9s erreurs=aucune ===
09:08:39 [INFO] === DÉBUT CYCLE mode=1x2 ===
09:08:40 [INFO] === SCRAPE 1X2 ===
09:08:49 [WARNING] Impossible de sélectionner 1X2
09:08:49 [INFO] 9 rounds retenus / 10 total (9 horodatés)
09:08:51 [INFO]   1X2 [09:09]: 10 matchs
09:08:52 [INFO]   1X2 [09:11]: 10 matchs
09:08:53 [INFO]   1X2 [09:13]: 10 matchs
09:08:55 [INFO]   1X2 [09:15]: 10 matchs
09:08:56 [INFO]   1X2 [09:17]: 10 matchs
09:08:58 [INFO]   1X2 [09:19]: 10 matchs
09:08:59 [INFO]   1X2 [09:21]: 10 matchs
09:09:01 [INFO]   1X2 [09:23]: 10 matchs
09:09:02 [INFO]   1X2 [09:25]: 10 matchs
09:09:02 [INFO] 1X2: 9 rounds → data/congobet_1x2_rounds.json
09:09:02 [INFO] === FIN 22.9s erreurs=aucune ===
09:09:02 [INFO] === DÉBUT CYCLE mode=gng ===
09:09:03 [INFO] === SCRAPE G/NG ===
09:09:14 [INFO] rounds ignorés (timer courant / hors séquence): ['00:35']
09:09:14 [INFO] 9 rounds retenus / 10 total (10 horodatés)
09:09:17 [INFO]   G/NG [09:11]: 10 matchs
09:09:20 [INFO]   G/NG [09:13]: 10 matchs
09:09:23 [INFO]   G/NG [09:15]: 10 matchs
09:09:26 [INFO]   G/NG [09:17]: 10 matchs
09:09:29 [INFO]   G/NG [09:19]: 10 matchs
09:09:32 [INFO]   G/NG [09:21]: 10 matchs
09:09:35 [INFO]   G/NG [09:23]: 10 matchs
09:09:39 [INFO]   G/NG [09:25]: 10 matchs
09:09:42 [INFO]   G/NG [09:27]: 10 matchs
09:09:42 [INFO] G/NG: 90 cotes → data/cbet_odds.json
09:10:12 [INFO] === FIN 69.5s erreurs=aucune ===
09:11:54 [INFO] === DÉBUT CYCLE mode=results ===
09:11:55 [INFO] === SCRAPE RÉSULTATS (version corrigée) ===
09:12:03 [INFO]   0 clics 'Afficher plus'
09:12:04 [INFO] Résultats: 30 → data/cbet_results.json
09:12:04 [INFO] === FIN 9.8s erreurs=aucune ===
11:16:24 [INFO] === DÉBUT CYCLE mode=1x2 ===
11:16:26 [INFO] === SCRAPE 1X2 ===
11:16:32 [INFO] rounds ignorés (timer courant / hors séquence): ['00:16']
11:16:32 [INFO] 9 rounds retenus / 10 total (10 horodatés)
11:16:33 [INFO]   1X2 [11:18]: 10 matchs
11:16:35 [INFO]   1X2 [11:20]: 10 matchs
11:16:36 [INFO]   1X2 [11:22]: 10 matchs
11:16:37 [INFO]   1X2 [11:24]: 10 matchs
11:16:38 [INFO]   1X2 [11:26]: 10 matchs
11:16:40 [INFO]   1X2 [11:28]: 10 matchs
11:16:41 [INFO]   1X2 [11:30]: 10 matchs
11:16:42 [INFO]   1X2 [11:32]: 10 matchs
11:16:43 [INFO]   1X2 [11:34]: 10 matchs
11:16:43 [INFO] 1X2: 9 rounds → data/congobet_1x2_rounds.json
11:16:43 [INFO] === FIN 19.4s erreurs=aucune ===
11:16:44 [INFO] === DÉBUT CYCLE mode=gng ===
11:16:44 [INFO] === SCRAPE G/NG ===
11:16:52 [INFO] 9 rounds retenus / 10 total (9 horodatés)
11:16:55 [INFO]   G/NG [11:18]: 10 matchs
11:16:59 [INFO]   G/NG [11:20]: 10 matchs
11:17:02 [INFO]   G/NG [11:22]: 10 matchs
11:17:05 [INFO]   G/NG [11:24]: 10 matchs
11:17:08 [INFO]   G/NG [11:26]: 10 matchs
11:17:10 [INFO]   G/NG [11:28]: 10 matchs
11:17:13 [INFO]   G/NG [11:30]: 10 matchs
11:17:17 [INFO]   G/NG [11:32]: 10 matchs
11:17:20 [INFO]   G/NG [11:34]: 10 matchs
11:17:20 [INFO] G/NG: 90 cotes → data/cbet_odds.json
11:17:20 [INFO] === FIN 36.2s erreurs=aucune ===
11:19:02 [INFO] === DÉBUT CYCLE mode=results ===
11:19:02 [INFO] === SCRAPE RÉSULTATS (version corrigée) ===
11:19:15 [INFO]   5 clics 'Afficher plus'
11:19:19 [INFO] Résultats: 240 → data/cbet_results.json
11:19:19 [INFO] === FIN 17.5s erreurs=aucune ===
13:00:42 [INFO] === DÉBUT CYCLE mode=1x2 ===
13:00:44 [INFO] === SCRAPE 1X2 ===
13:00:50 [INFO] rounds ignorés (timer courant / hors séquence): ['01:58']
13:00:50 [INFO] 9 rounds retenus / 10 total (10 horodatés)
13:00:52 [INFO]   1X2 [13:04]: 10 matchs
13:00:53 [INFO]   1X2 [13:06]: 10 matchs
13:00:54 [INFO]   1X2 [13:08]: 10 matchs
13:00:56 [INFO]   1X2 [13:10]: 10 matchs
13:00:57 [INFO]   1X2 [13:12]: 10 matchs
13:00:59 [INFO]   1X2 [13:14]: 10 matchs
13:01:00 [INFO]   1X2 [13:16]: 10 matchs
13:01:01 [INFO]   1X2 [13:18]: 10 matchs
13:01:03 [INFO]   1X2 [13:20]: 10 matchs
13:01:03 [INFO] 1X2: 9 rounds → data/congobet_1x2_rounds.json
13:01:34 [INFO] === FIN 51.1s erreurs=aucune ===
13:01:36 [INFO] === DÉBUT CYCLE mode=gng ===
13:01:38 [INFO] === SCRAPE G/NG ===
13:01:46 [INFO] rounds ignorés (timer courant / hors séquence): ['01:03']
13:01:46 [INFO] 9 rounds retenus / 10 total (10 horodatés)
13:01:49 [INFO]   G/NG [13:04]: 10 matchs
13:01:52 [INFO]   G/NG [13:06]: 10 matchs
13:01:55 [INFO]   G/NG [13:08]: 10 matchs
13:01:58 [INFO]   G/NG [13:10]: 10 matchs
13:02:01 [INFO]   G/NG [13:12]: 10 matchs
13:02:04 [INFO]   G/NG [13:14]: 10 matchs
13:02:07 [INFO]   G/NG [13:16]: 10 matchs
13:02:10 [INFO]   G/NG [13:18]: 10 matchs
13:02:13 [INFO]   G/NG [13:20]: 10 matchs
13:02:13 [INFO] G/NG: 90 cotes → data/cbet_odds.json
13:02:43 [INFO] === FIN 67.2s erreurs=aucune ===
13:04:30 [INFO] === DÉBUT CYCLE mode=results ===
13:04:30 [INFO] === SCRAPE RÉSULTATS (version corrigée) ===
13:04:36 [INFO]   0 clics 'Afficher plus'
13:04:36 [INFO] Résultats: 10 → data/cbet_results.json
13:05:07 [INFO] === FIN 36.6s erreurs=aucune ===
17:14:41 [INFO] === DÉBUT CYCLE mode=1x2 ===
17:14:43 [INFO] === SCRAPE 1X2 ===
17:14:51 [WARNING] Impossible de sélectionner 1X2
17:14:51 [INFO] 9 rounds retenus / 10 total (9 horodatés)
17:14:53 [INFO]   1X2 [17:15]: 10 matchs
17:14:54 [INFO]   1X2 [17:17]: 10 matchs
17:14:56 [INFO]   1X2 [17:19]: 10 matchs
17:14:57 [INFO]   1X2 [17:21]: 10 matchs
17:14:58 [INFO]   1X2 [17:23]: 10 matchs
17:15:00 [INFO]   1X2 [17:25]: 10 matchs
17:15:01 [INFO]   1X2 [17:27]: 10 matchs
17:15:03 [INFO]   1X2 [17:29]: 10 matchs
17:15:04 [INFO]   1X2 [17:31]: 10 matchs
17:15:04 [INFO] 1X2: 9 rounds → data/congobet_1x2_rounds.json
17:15:04 [INFO] === FIN 23.3s erreurs=aucune ===
17:15:04 [INFO] === DÉBUT CYCLE mode=gng ===
17:15:05 [INFO] === SCRAPE G/NG ===
17:15:15 [INFO] rounds ignorés (timer courant / hors séquence): ['00:33']
17:15:15 [INFO] 9 rounds retenus / 10 total (10 horodatés)
17:15:18 [INFO]   G/NG [17:17]: 10 matchs
17:15:22 [INFO]   G/NG [17:19]: 10 matchs
17:15:25 [INFO]   G/NG [17:21]: 10 matchs
17:15:28 [INFO]   G/NG [17:23]: 10 matchs
17:15:31 [INFO]   G/NG [17:25]: 10 matchs
17:15:34 [INFO]   G/NG [17:27]: 10 matchs
17:15:37 [INFO]   G/NG [17:29]: 10 matchs
17:15:40 [INFO]   G/NG [17:31]: 10 matchs
17:15:43 [INFO]   G/NG [17:33]: 10 matchs
17:15:43 [INFO] G/NG: 90 cotes → data/cbet_odds.json
17:15:43 [INFO] === FIN 38.7s erreurs=aucune ===
17:17:25 [INFO] === DÉBUT CYCLE mode=results ===
17:17:26 [INFO] === SCRAPE RÉSULTATS (version corrigée) ===
17:17:37 [INFO]   2 clics 'Afficher plus'
17:17:38 [INFO] Résultats: 90 → data/cbet_results.json
17:18:08 [INFO] === FIN 42.9s erreurs=aucune ===
18:54:09 [INFO] === DÉBUT CYCLE mode=1x2 ===
18:54:11 [INFO] === SCRAPE 1X2 ===
18:54:18 [INFO] rounds ignorés (timer courant / hors séquence): ['00:31']
18:54:18 [INFO] 9 rounds retenus / 10 total (10 horodatés)
18:54:19 [INFO]   1X2 [18:56]: 10 matchs
18:54:21 [INFO]   1X2 [18:58]: 10 matchs
18:54:22 [INFO]   1X2 [19:00]: 10 matchs
18:54:24 [INFO]   1X2 [19:02]: 10 matchs
18:54:25 [INFO]   1X2 [19:04]: 10 matchs
18:54:37 [INFO]   1X2 [19:06]: 10 matchs
18:54:38 [INFO]   1X2 [19:08]: 10 matchs
18:54:40 [INFO]   1X2 [19:10]: 10 matchs
18:54:41 [INFO]   1X2 [19:12]: 10 matchs
18:54:41 [INFO] 1X2: 9 rounds → data/congobet_1x2_rounds.json
18:55:11 [INFO] === FIN 62.2s erreurs=aucune ===
18:55:14 [INFO] === DÉBUT CYCLE mode=gng ===
18:55:15 [INFO] === SCRAPE G/NG ===
18:55:23 [WARNING] Impossible de sélectionner G/NG
18:55:53 [INFO] === FIN 39.1s erreurs=aucune ===
18:57:37 [INFO] === DÉBUT CYCLE mode=results ===
18:57:37 [INFO] === SCRAPE RÉSULTATS (version corrigée) ===
18:57:50 [INFO]   4 clics 'Afficher plus'
18:57:53 [INFO] Résultats: 190 → data/cbet_results.json
18:57:53 [INFO] === FIN 16.3s erreurs=aucune ===
20:10:00 [INFO] === DÉBUT CYCLE mode=1x2 ===
20:10:01 [INFO] === SCRAPE 1X2 ===
20:10:08 [WARNING] Impossible de sélectionner 1X2
20:10:08 [INFO] 9 rounds retenus / 10 total (9 horodatés)
20:10:10 [INFO]   1X2 [20:11]: 10 matchs
20:10:11 [INFO]   1X2 [20:13]: 10 matchs
20:10:12 [INFO]   1X2 [20:15]: 10 matchs
20:10:14 [INFO]   1X2 [20:17]: 10 matchs
20:10:15 [INFO]   1X2 [20:19]: 10 matchs
20:10:17 [INFO]   1X2 [20:21]: 10 matchs
20:10:18 [INFO]   1X2 [20:23]: 10 matchs
20:10:19 [INFO]   1X2 [20:25]: 10 matchs
20:10:21 [INFO]   1X2 [20:27]: 10 matchs
20:10:21 [INFO] 1X2: 9 rounds → data/congobet_1x2_rounds.json
20:10:21 [INFO] === FIN 21.0s erreurs=aucune ===
20:10:21 [INFO] === DÉBUT CYCLE mode=gng ===
20:10:22 [INFO] === SCRAPE G/NG ===
20:10:28 [WARNING] Impossible de sélectionner G/NG
20:10:58 [INFO] === FIN 36.9s erreurs=aucune ===
20:12:40 [INFO] === DÉBUT CYCLE mode=results ===
20:12:41 [INFO] === SCRAPE RÉSULTATS (version corrigée) ===
20:12:52 [INFO]   4 clics 'Afficher plus'
20:12:55 [INFO] Résultats: 170 → data/cbet_results.json
20:13:25 [INFO] === FIN 45.0s erreurs=aucune ===
21:19:31 [INFO] === DÉBUT CYCLE mode=1x2 ===
21:19:33 [INFO] === SCRAPE 1X2 ===
21:19:39 [WARNING] Impossible de sélectionner 1X2
21:19:39 [INFO] 9 rounds retenus / 10 total (9 horodatés)
21:19:41 [INFO]   1X2 [21:20]: 10 matchs
21:19:42 [INFO]   1X2 [21:22]: 10 matchs
21:19:43 [INFO]   1X2 [21:24]: 10 matchs
21:19:44 [INFO]   1X2 [21:26]: 10 matchs
21:19:45 [INFO]   1X2 [21:28]: 10 matchs
21:19:47 [INFO]   1X2 [21:30]: 10 matchs
21:19:48 [INFO]   1X2 [21:32]: 10 matchs
21:19:49 [INFO]   1X2 [21:34]: 10 matchs
21:19:51 [INFO]   1X2 [21:36]: 10 matchs
21:19:51 [INFO] 1X2: 9 rounds → data/congobet_1x2_rounds.json
21:20:21 [INFO] === FIN 50.0s erreurs=aucune ===
21:20:24 [INFO] === DÉBUT CYCLE mode=gng ===
21:20:27 [INFO] === SCRAPE G/NG ===
21:20:36 [INFO] rounds ignorés (timer courant / hors séquence): ['00:13']
21:20:36 [INFO] 9 rounds retenus / 10 total (10 horodatés)
21:20:39 [INFO]   G/NG [21:22]: 10 matchs
21:20:42 [INFO]   G/NG [21:24]: 10 matchs
21:20:45 [INFO]   G/NG [21:26]: 10 matchs
21:20:48 [INFO]   G/NG [21:28]: 10 matchs
21:20:50 [INFO]   G/NG [21:30]: 10 matchs
21:20:53 [INFO]   G/NG [21:32]: 10 matchs
21:20:57 [INFO]   G/NG [21:34]: 10 matchs
21:21:00 [INFO]   G/NG [21:36]: 10 matchs
21:21:03 [INFO]   G/NG [21:38]: 10 matchs
21:21:03 [INFO] G/NG: 90 cotes → data/cbet_odds.json
21:21:03 [INFO] === FIN 38.6s erreurs=aucune ===
21:22:45 [INFO] === DÉBUT CYCLE mode=results ===
21:22:46 [INFO] === SCRAPE RÉSULTATS (version corrigée) ===
21:22:56 [INFO]   3 clics 'Afficher plus'
21:22:58 [INFO] Résultats: 130 → data/cbet_results.json
21:23:28 [INFO] === FIN 42.5s erreurs=aucune ===
22:16:01 [INFO] === DÉBUT CYCLE mode=1x2 ===
22:16:03 [INFO] === SCRAPE 1X2 ===
22:16:11 [WARNING] Impossible de sélectionner 1X2
22:16:11 [INFO] 9 rounds retenus / 10 total (9 horodatés)
22:16:12 [INFO]   1X2 [22:17]: 10 matchs
22:16:14 [INFO]   1X2 [22:19]: 10 matchs
22:16:15 [INFO]   1X2 [22:21]: 10 matchs
22:16:16 [INFO]   1X2 [22:23]: 10 matchs
22:16:17 [INFO]   1X2 [22:25]: 10 matchs
22:16:18 [INFO]   1X2 [22:27]: 10 matchs
22:16:20 [INFO]   1X2 [22:29]: 10 matchs
22:16:21 [INFO]   1X2 [22:31]: 10 matchs
22:16:23 [INFO]   1X2 [22:33]: 10 matchs
22:16:23 [INFO] 1X2: 9 rounds → data/congobet_1x2_rounds.json
22:16:23 [INFO] === FIN 21.9s erreurs=aucune ===
22:16:23 [INFO] === DÉBUT CYCLE mode=gng ===
22:16:23 [INFO] === SCRAPE G/NG ===
22:16:30 [WARNING] Impossible de sélectionner G/NG
22:16:30 [INFO] === FIN 6.9s erreurs=aucune ===
22:18:12 [INFO] === DÉBUT CYCLE mode=results ===
22:18:12 [INFO] === SCRAPE RÉSULTATS (version corrigée) ===
22:18:19 [INFO]   0 clics 'Afficher plus'
22:18:19 [INFO] Résultats: 10 → data/cbet_results.json
22:18:19 [INFO] === FIN 6.9s erreurs=aucune ===
23:13:11 [INFO] === DÉBUT CYCLE mode=1x2 ===
23:13:13 [INFO] === SCRAPE 1X2 ===
23:13:20 [INFO] 10 rounds retenus / 10 total (10 horodatés)
23:13:21 [INFO]   1X2 [00:29]: 10 matchs
23:13:22 [INFO]   1X2 [23:15]: 10 matchs
23:13:24 [INFO]   1X2 [23:17]: 10 matchs
23:13:25 [INFO]   1X2 [23:19]: 10 matchs
23:13:26 [INFO]   1X2 [23:21]: 10 matchs
23:13:28 [INFO]   1X2 [23:23]: 10 matchs
23:13:29 [INFO]   1X2 [23:25]: 10 matchs
23:13:31 [INFO]   1X2 [23:27]: 10 matchs
23:13:32 [INFO]   1X2 [23:29]: 10 matchs
23:13:33 [INFO]   1X2 [23:34]: 10 matchs
23:13:33 [INFO] 1X2: 10 rounds → data/congobet_1x2_rounds.json
23:13:33 [INFO] === FIN 22.6s erreurs=aucune ===
23:13:34 [INFO] === DÉBUT CYCLE mode=gng ===
23:13:34 [INFO] === SCRAPE G/NG ===
23:13:43 [INFO] 10 rounds retenus / 10 total (10 horodatés)
23:13:45 [INFO]   G/NG [00:06]: 10 matchs
23:13:48 [INFO]   G/NG [23:15]: 10 matchs
23:13:52 [INFO]   G/NG [23:17]: 10 matchs
23:13:55 [INFO]   G/NG [23:19]: 10 matchs
23:13:58 [INFO]   G/NG [23:21]: 10 matchs
23:14:01 [INFO]   G/NG [23:23]: 10 matchs
23:14:04 [INFO]   G/NG [23:25]: 10 matchs
23:14:07 [INFO]   G/NG [23:27]: 10 matchs
23:14:10 [INFO]   G/NG [23:29]: 10 matchs
23:14:13 [INFO]   G/NG [23:34]: 10 matchs
23:14:13 [INFO] G/NG: 100 cotes → data/cbet_odds.json
23:14:13 [INFO] === FIN 39.7s erreurs=aucune ===
23:15:56 [INFO] === DÉBUT CYCLE mode=results ===
23:15:56 [INFO] === SCRAPE RÉSULTATS (version corrigée) ===
23:16:09 [INFO]   5 clics 'Afficher plus'
23:16:14 [INFO] Résultats: 240 → data/cbet_results.json
23:16:14 [INFO] === FIN 18.4s erreurs=aucune ===
00:08:35 [INFO] === DÉBUT CYCLE mode=1x2 ===
00:08:38 [INFO] === SCRAPE 1X2 ===
00:08:44 [INFO] rounds ignorés (timer courant / hors séquence): ['00:05']
00:08:44 [INFO] 9 rounds retenus / 10 total (10 horodatés)
00:08:45 [INFO]   1X2 [00:10]: 10 matchs
00:08:46 [INFO]   1X2 [00:12]: 10 matchs
00:08:48 [INFO]   1X2 [00:14]: 10 matchs
00:08:49 [INFO]   1X2 [00:16]: 10 matchs
00:08:51 [INFO]   1X2 [00:18]: 10 matchs
00:08:52 [INFO]   1X2 [00:20]: 10 matchs
00:08:53 [INFO]   1X2 [00:22]: 10 matchs
00:08:55 [INFO]   1X2 [00:24]: 10 matchs
00:08:56 [INFO]   1X2 [00:26]: 10 matchs
00:08:56 [INFO] 1X2: 9 rounds → data/congobet_1x2_rounds.json
00:08:56 [INFO] === FIN 21.3s erreurs=aucune ===
00:08:56 [INFO] === DÉBUT CYCLE mode=gng ===
00:08:57 [INFO] === SCRAPE G/NG ===
00:09:03 [WARNING] Impossible de sélectionner G/NG
00:09:03 [INFO] === FIN 7.0s erreurs=aucune ===
00:10:46 [INFO] === DÉBUT CYCLE mode=results ===
00:10:46 [INFO] === SCRAPE RÉSULTATS (version corrigée) ===
00:10:57 [INFO]   4 clics 'Afficher plus'
00:11:00 [INFO] Résultats: 180 → data/cbet_results.json
00:11:00 [INFO] === FIN 14.8s erreurs=aucune ===
04:01:27 [INFO] === DÉBUT CYCLE mode=1x2 ===
04:01:29 [INFO] === SCRAPE 1X2 ===
04:01:38 [INFO] rounds ignorés (timer courant / hors séquence): ['00:11']
04:01:38 [INFO] 9 rounds retenus / 10 total (10 horodatés)
04:01:39 [INFO]   1X2 [04:03]: 10 matchs
04:01:41 [INFO]   1X2 [04:05]: 10 matchs
04:01:42 [INFO]   1X2 [04:07]: 10 matchs
04:01:43 [INFO]   1X2 [04:09]: 10 matchs
04:01:45 [INFO]   1X2 [04:11]: 10 matchs
04:01:46 [INFO]   1X2 [04:13]: 10 matchs
04:01:48 [INFO]   1X2 [04:15]: 10 matchs
04:01:49 [INFO]   1X2 [04:17]: 10 matchs
04:01:50 [INFO]   1X2 [04:19]: 10 matchs
04:01:50 [INFO] 1X2: 9 rounds → data/congobet_1x2_rounds.json
04:02:20 [INFO] === FIN 53.5s erreurs=aucune ===
04:02:21 [INFO] === DÉBUT CYCLE mode=gng ===
04:02:22 [INFO] === SCRAPE G/NG ===
04:02:32 [WARNING] Impossible de sélectionner G/NG
04:03:02 [INFO] === FIN 41.5s erreurs=aucune ===
04:04:47 [INFO] === DÉBUT CYCLE mode=results ===
04:04:47 [INFO] === SCRAPE RÉSULTATS (version corrigée) ===
04:05:01 [INFO]   4 clics 'Afficher plus'
04:05:04 [INFO] Résultats: 170 → data/cbet_results.json
04:05:04 [INFO] === FIN 17.2s erreurs=aucune ===
06:33:59 [INFO] === DÉBUT CYCLE mode=1x2 ===
06:34:01 [INFO] === SCRAPE 1X2 ===
06:34:07 [WARNING] Impossible de sélectionner 1X2
06:34:07 [INFO] 9 rounds retenus / 10 total (9 horodatés)
06:34:08 [INFO]   1X2 [06:35]: 10 matchs
06:34:09 [INFO]   1X2 [06:37]: 10 matchs
06:34:11 [INFO]   1X2 [06:39]: 10 matchs
06:34:12 [INFO]   1X2 [06:41]: 10 matchs
06:34:14 [INFO]   1X2 [06:43]: 10 matchs
06:34:15 [INFO]   1X2 [06:45]: 10 matchs
06:34:16 [INFO]   1X2 [06:47]: 10 matchs
06:34:18 [INFO]   1X2 [06:49]: 10 matchs
06:34:19 [INFO]   1X2 [06:51]: 10 matchs
06:34:19 [INFO] 1X2: 9 rounds → data/congobet_1x2_rounds.json
06:34:19 [INFO] === FIN 20.0s erreurs=aucune ===
06:34:19 [INFO] === DÉBUT CYCLE mode=gng ===
06:34:20 [INFO] === SCRAPE G/NG ===
06:34:26 [WARNING] Impossible de sélectionner G/NG
06:34:56 [INFO] === FIN 36.9s erreurs=aucune ===
06:36:39 [INFO] === DÉBUT CYCLE mode=results ===
06:36:39 [INFO] === SCRAPE RÉSULTATS (version corrigée) ===
06:36:49 [INFO]   3 clics 'Afficher plus'
06:36:52 [INFO] Résultats: 130 → data/cbet_results.json
06:37:22 [INFO] === FIN 42.8s erreurs=aucune ===
08:40:45 [INFO] === DÉBUT CYCLE mode=1x2 ===
08:40:45 [INFO] === SCRAPE 1X2 ===
08:40:52 [INFO] rounds ignorés (timer courant / hors séquence): ['08:42']
08:40:52 [INFO] 8 rounds retenus / 10 total (9 horodatés)
08:40:53 [INFO]   1X2 [08:47]: 10 matchs
08:40:55 [INFO]   1X2 [08:49]: 10 matchs
08:40:56 [INFO]   1X2 [08:51]: 10 matchs
08:40:57 [INFO]   1X2 [08:53]: 10 matchs
08:40:59 [INFO]   1X2 [08:55]: 10 matchs
08:41:00 [INFO]   1X2 [08:57]: 10 matchs
08:41:02 [INFO]   1X2 [08:59]: 10 matchs
08:41:03 [INFO]   1X2 [09:01]: 10 matchs
08:41:03 [INFO] 1X2: 8 rounds → data/congobet_1x2_rounds.json
08:41:33 [INFO] === FIN 48.4s erreurs=aucune ===
08:41:33 [INFO] === DÉBUT CYCLE mode=gng ===
08:41:34 [INFO] === SCRAPE G/NG ===
08:41:40 [WARNING] Impossible de sélectionner G/NG
08:42:10 [INFO] === FIN 37.1s erreurs=aucune ===
08:43:53 [INFO] === DÉBUT CYCLE mode=results ===
08:43:54 [INFO] === SCRAPE RÉSULTATS (version corrigée) ===
08:43:59 [INFO]   0 clics 'Afficher plus'
08:44:14 [WARNING] Aucun conteneur de résultat trouvé
08:44:15 [INFO] === FIN 21.4s erreurs=aucune ===
10:31:45 [INFO] === DÉBUT CYCLE mode=1x2 ===
10:31:47 [INFO] === SCRAPE 1X2 ===
10:31:54 [INFO] rounds ignorés (timer courant / hors séquence): ['00:55']
10:31:54 [INFO] 9 rounds retenus / 10 total (10 horodatés)
10:31:55 [INFO]   1X2 [10:34]: 10 matchs
10:31:57 [INFO]   1X2 [10:36]: 10 matchs
10:31:58 [INFO]   1X2 [10:38]: 10 matchs
10:32:00 [INFO]   1X2 [10:40]: 10 matchs
10:32:01 [INFO]   1X2 [10:42]: 10 matchs
10:32:02 [INFO]   1X2 [10:44]: 10 matchs
10:32:04 [INFO]   1X2 [10:46]: 10 matchs
10:32:05 [INFO]   1X2 [10:48]: 10 matchs
10:32:06 [INFO]   1X2 [10:50]: 10 matchs
10:32:06 [INFO] 1X2: 9 rounds → data/congobet_1x2_rounds.json
10:32:37 [INFO] === FIN 51.5s erreurs=aucune ===
10:32:39 [INFO] === DÉBUT CYCLE mode=gng ===
10:32:40 [INFO] === SCRAPE G/NG ===
10:32:49 [INFO] rounds ignorés (timer courant / hors séquence): ['00:00']
10:32:49 [INFO] 9 rounds retenus / 10 total (10 horodatés)
10:32:52 [INFO]   G/NG [10:34]: 10 matchs
10:32:55 [INFO]   G/NG [10:36]: 10 matchs
10:32:58 [INFO]   G/NG [10:38]: 10 matchs
10:33:01 [INFO]   G/NG [10:40]: 10 matchs
10:33:05 [INFO]   G/NG [10:42]: 10 matchs
10:33:08 [INFO]   G/NG [10:44]: 10 matchs
10:33:11 [INFO]   G/NG [10:46]: 10 matchs
10:33:14 [INFO]   G/NG [10:48]: 10 matchs
10:33:17 [INFO]   G/NG [10:50]: 10 matchs
10:33:17 [INFO] G/NG: 90 cotes → data/cbet_odds.json
10:33:47 [INFO] === FIN 68.7s erreurs=aucune ===
10:35:31 [INFO] === DÉBUT CYCLE mode=results ===
10:35:31 [INFO] === SCRAPE RÉSULTATS (version corrigée) ===
10:35:41 [INFO]   3 clics 'Afficher plus'
10:35:44 [INFO] Résultats: 140 → data/cbet_results.json
10:35:44 [INFO] === FIN 13.1s erreurs=aucune ===
12:06:36 [INFO] === DÉBUT CYCLE mode=1x2 ===
12:06:36 [INFO] === SCRAPE 1X2 ===
12:06:45 [WARNING] Impossible de sélectionner 1X2
12:06:45 [INFO] 9 rounds retenus / 10 total (9 horodatés)
12:06:46 [INFO]   1X2 [12:07]: 10 matchs
12:06:48 [INFO]   1X2 [12:09]: 10 matchs
12:06:49 [INFO]   1X2 [12:11]: 10 matchs
12:06:50 [INFO]   1X2 [12:13]: 10 matchs
12:06:52 [INFO]   1X2 [12:15]: 10 matchs
12:06:53 [INFO]   1X2 [12:17]: 10 matchs
12:06:54 [INFO]   1X2 [12:19]: 10 matchs
12:06:56 [INFO]   1X2 [12:21]: 10 matchs
12:06:57 [INFO]   1X2 [12:23]: 10 matchs
12:06:57 [INFO] 1X2: 9 rounds → data/congobet_1x2_rounds.json
12:07:27 [INFO] === FIN 51.7s erreurs=aucune ===
12:07:27 [INFO] === DÉBUT CYCLE mode=gng ===
12:07:28 [INFO] === SCRAPE G/NG ===
12:07:38 [INFO] rounds ignorés (timer courant / hors séquence): ['00:11']
12:07:38 [INFO] 9 rounds retenus / 10 total (10 horodatés)
12:07:41 [INFO]   G/NG [12:09]: 10 matchs
12:07:44 [INFO]   G/NG [12:11]: 10 matchs
12:07:47 [INFO]   G/NG [12:13]: 10 matchs
12:07:50 [INFO]   G/NG [12:15]: 10 matchs
12:07:53 [INFO]   G/NG [12:17]: 10 matchs
12:07:56 [INFO]   G/NG [12:19]: 10 matchs
12:07:59 [INFO]   G/NG [12:21]: 10 matchs
12:08:02 [INFO]   G/NG [12:23]: 10 matchs
12:08:05 [INFO]   G/NG [12:25]: 10 matchs
12:08:05 [INFO] G/NG: 90 cotes → data/cbet_odds.json
12:08:35 [INFO] === FIN 68.0s erreurs=aucune ===
12:10:19 [INFO] === DÉBUT CYCLE mode=results ===
12:10:19 [INFO] === SCRAPE RÉSULTATS (version corrigée) ===
12:10:33 [INFO]   5 clics 'Afficher plus'
12:10:37 [INFO] Résultats: 220 → data/cbet_results.json
12:10:37 [INFO] === FIN 18.2s erreurs=aucune ===
14:28:40 [INFO] === DÉBUT CYCLE mode=1x2 ===
14:28:41 [INFO] === SCRAPE 1X2 ===
14:28:48 [WARNING] Impossible de sélectionner 1X2
14:28:48 [INFO] 9 rounds retenus / 10 total (9 horodatés)
14:28:49 [INFO]   1X2 [14:29]: 10 matchs
14:28:50 [INFO]   1X2 [14:31]: 10 matchs
14:28:51 [INFO]   1X2 [14:33]: 10 matchs
14:28:53 [INFO]   1X2 [14:35]: 10 matchs
14:28:54 [INFO]   1X2 [14:37]: 10 matchs
14:28:55 [INFO]   1X2 [14:39]: 10 matchs
14:28:57 [INFO]   1X2 [14:41]: 10 matchs
14:28:58 [INFO]   1X2 [14:43]: 10 matchs
14:29:00 [INFO]   1X2 [14:45]: 10 matchs
14:29:00 [INFO] 1X2: 9 rounds → data/congobet_1x2_rounds.json
14:29:00 [INFO] === FIN 19.3s erreurs=aucune ===
14:29:00 [INFO] === DÉBUT CYCLE mode=gng ===
14:29:00 [INFO] === SCRAPE G/NG ===
14:29:09 [INFO] rounds ignorés (timer courant / hors séquence): ['00:40']
14:29:09 [INFO] 9 rounds retenus / 10 total (10 horodatés)
14:29:12 [INFO]   G/NG [14:31]: 10 matchs
14:29:15 [INFO]   G/NG [14:33]: 10 matchs
14:29:18 [INFO]   G/NG [14:35]: 10 matchs
14:29:21 [INFO]   G/NG [14:37]: 10 matchs
14:29:24 [INFO]   G/NG [14:39]: 10 matchs
14:29:27 [INFO]   G/NG [14:41]: 10 matchs
14:29:30 [INFO]   G/NG [14:43]: 10 matchs
14:29:33 [INFO]   G/NG [14:45]: 10 matchs
14:29:36 [INFO]   G/NG [14:47]: 10 matchs
14:29:36 [INFO] G/NG: 90 cotes → data/cbet_odds.json
14:30:06 [INFO] === FIN 66.4s erreurs=aucune ===
14:31:49 [INFO] === DÉBUT CYCLE mode=results ===
14:31:49 [INFO] === SCRAPE RÉSULTATS (version corrigée) ===
14:31:59 [INFO]   3 clics 'Afficher plus'
14:32:02 [INFO] Résultats: 140 → data/cbet_results.json
14:32:02 [INFO] === FIN 12.8s erreurs=aucune ===
16:14:57 [INFO] === DÉBUT CYCLE mode=1x2 ===
16:14:59 [INFO] === SCRAPE 1X2 ===
16:15:06 [WARNING] Impossible de sélectionner 1X2
16:15:06 [INFO] 9 rounds retenus / 10 total (9 horodatés)
16:15:07 [INFO]   1X2 [16:16]: 10 matchs
16:15:09 [INFO]   1X2 [16:18]: 10 matchs
16:15:10 [INFO]   1X2 [16:20]: 10 matchs
16:15:12 [INFO]   1X2 [16:22]: 10 matchs
16:15:13 [INFO]   1X2 [16:24]: 10 matchs
16:15:14 [INFO]   1X2 [16:26]: 10 matchs
16:15:16 [INFO]   1X2 [16:28]: 10 matchs
16:15:17 [INFO]   1X2 [16:30]: 10 matchs
16:15:19 [INFO]   1X2 [16:32]: 10 matchs
16:15:19 [INFO] 1X2: 9 rounds → data/congobet_1x2_rounds.json
16:15:50 [INFO] === FIN 51.7s erreurs=aucune ===
16:15:50 [INFO] === DÉBUT CYCLE mode=gng ===
16:15:51 [INFO] === SCRAPE G/NG ===
16:16:00 [INFO] rounds ignorés (timer courant / hors séquence): ['00:50']
16:16:00 [INFO] 9 rounds retenus / 10 total (10 horodatés)
16:16:03 [INFO]   G/NG [16:18]: 10 matchs
16:16:06 [INFO]   G/NG [16:20]: 10 matchs
16:16:09 [INFO]   G/NG [16:22]: 10 matchs
16:16:12 [INFO]   G/NG [16:24]: 10 matchs
16:16:15 [INFO]   G/NG [16:26]: 10 matchs
16:16:18 [INFO]   G/NG [16:28]: 10 matchs
16:16:21 [INFO]   G/NG [16:30]: 10 matchs
16:16:24 [INFO]   G/NG [16:32]: 10 matchs
16:16:27 [INFO]   G/NG [16:34]: 10 matchs
16:16:27 [INFO] G/NG: 90 cotes → data/cbet_odds.json
16:16:27 [INFO] === FIN 37.7s erreurs=aucune ===
16:18:10 [INFO] === DÉBUT CYCLE mode=results ===
16:18:11 [INFO] === SCRAPE RÉSULTATS (version corrigée) ===
16:18:24 [INFO]   5 clics 'Afficher plus'
16:18:29 [INFO] Résultats: 240 → data/cbet_results.json
16:18:59 [INFO] === FIN 48.6s erreurs=aucune ===
17:51:49 [INFO] === DÉBUT CYCLE mode=1x2 ===
17:51:50 [INFO] === SCRAPE 1X2 ===
17:51:59 [WARNING] Impossible de sélectionner 1X2
17:51:59 [INFO] rounds ignorés (timer courant / hors séquence): ['17:53', '17:55']
17:51:59 [INFO] 7 rounds retenus / 10 total (9 horodatés)
17:52:00 [INFO]   1X2 [18:00]: 10 matchs
17:52:02 [INFO]   1X2 [18:02]: 10 matchs
17:52:03 [INFO]   1X2 [18:04]: 10 matchs
17:52:05 [INFO]   1X2 [18:06]: 10 matchs
17:52:06 [INFO]   1X2 [18:08]: 10 matchs
17:52:08 [INFO]   1X2 [18:10]: 10 matchs
17:52:09 [INFO]   1X2 [18:12]: 10 matchs
17:52:09 [INFO] 1X2: 7 rounds → data/congobet_1x2_rounds.json
17:52:39 [INFO] === FIN 49.5s erreurs=aucune ===
17:52:39 [INFO] === DÉBUT CYCLE mode=gng ===
17:52:39 [INFO] === SCRAPE G/NG ===
17:52:48 [WARNING] Impossible de sélectionner G/NG
17:52:48 [INFO] === FIN 8.7s erreurs=aucune ===
17:54:30 [INFO] === DÉBUT CYCLE mode=results ===
17:54:31 [INFO] === SCRAPE RÉSULTATS (version corrigée) ===
17:54:46 [INFO]   5 clics 'Afficher plus'
17:54:50 [INFO] Résultats: 240 → data/cbet_results.json
17:55:20 [INFO] === FIN 49.7s erreurs=aucune ===
19:03:19 [INFO] === DÉBUT CYCLE mode=1x2 ===
19:03:20 [INFO] === SCRAPE 1X2 ===
19:04:32 [INFO] rounds ignorés (timer courant / hors séquence): ['00:18', '19:06', '19:08', '19:10', '19:12', '19:14']
19:04:32 [INFO] 4 rounds retenus / 10 total (10 horodatés)
19:04:40 [INFO]   1X2 [19:19]: 10 matchs
19:04:48 [INFO]   1X2 [19:21]: 10 matchs
19:05:01 [INFO]   1X2 [19:23]: 10 matchs
19:05:08 [INFO]   1X2 [19:25]: 10 matchs
19:05:08 [INFO] 1X2: 4 rounds → data/congobet_1x2_rounds.json
19:05:08 [INFO] === FIN 108.5s erreurs=aucune ===
19:05:08 [INFO] === DÉBUT CYCLE mode=gng ===
19:05:08 [INFO] === SCRAPE G/NG ===
19:05:31 [WARNING] Impossible de sélectionner G/NG
19:06:01 [INFO] === FIN 52.9s erreurs=aucune ===
19:07:45 [INFO] === DÉBUT CYCLE mode=results ===
19:07:45 [INFO] === SCRAPE RÉSULTATS (version corrigée) ===
19:08:00 [INFO]   5 clics 'Afficher plus'
19:08:05 [INFO] Résultats: 240 → data/cbet_results.json
19:08:35 [INFO] === FIN 49.9s erreurs=aucune ===
20:19:00 [INFO] === DÉBUT CYCLE mode=1x2 ===
20:19:01 [INFO] === SCRAPE 1X2 ===
20:19:07 [INFO] rounds ignorés (timer courant / hors séquence): ['00:42', '20:21', '20:23', '20:25', '20:27', '20:29', '20:31', '20:33']
20:19:07 [INFO] 2 rounds retenus / 10 total (10 horodatés)
20:19:09 [INFO]   1X2 [20:38]: 10 matchs
20:19:10 [INFO]   1X2 [20:40]: 10 matchs
20:19:10 [INFO] 1X2: 2 rounds → data/congobet_1x2_rounds.json
20:19:40 [INFO] === FIN 40.0s erreurs=aucune ===
20:19:40 [INFO] === DÉBUT CYCLE mode=gng ===
20:19:41 [INFO] === SCRAPE G/NG ===
20:19:49 [INFO] rounds ignorés (timer courant / hors séquence): ['00:00', '20:21', '20:23', '20:25', '20:27', '20:29', '20:31', '20:33']
20:19:49 [INFO] 2 rounds retenus / 10 total (10 horodatés)
20:19:53 [INFO]   G/NG [20:38]: 10 matchs
20:19:56 [INFO]   G/NG [20:40]: 10 matchs
20:19:56 [INFO] G/NG: 20 cotes → data/cbet_odds.json
20:19:56 [INFO] === FIN 15.4s erreurs=aucune ===
20:21:38 [INFO] === DÉBUT CYCLE mode=results ===
20:21:39 [INFO] === SCRAPE RÉSULTATS (version corrigée) ===
20:21:51 [INFO]   5 clics 'Afficher plus'
20:21:57 [INFO] Résultats: 240 → data/cbet_results.json
20:22:28 [INFO] === FIN 48.6s erreurs=aucune ===
21:35:10 [INFO] === DÉBUT CYCLE mode=1x2 ===
21:35:12 [INFO] === SCRAPE 1X2 ===
21:35:21 [WARNING] Impossible de sélectionner 1X2
21:35:21 [INFO] 9 rounds retenus / 10 total (9 horodatés)
21:35:22 [INFO]   1X2 [21:36]: 10 matchs
21:35:23 [INFO]   1X2 [21:38]: 10 matchs
21:35:25 [INFO]   1X2 [21:40]: 10 matchs
21:35:26 [INFO]   1X2 [21:42]: 10 matchs
21:35:28 [INFO]   1X2 [21:44]: 10 matchs
21:35:29 [INFO]   1X2 [21:46]: 10 matchs
21:35:30 [INFO]   1X2 [21:48]: 10 matchs
21:35:32 [INFO]   1X2 [21:50]: 10 matchs
21:35:33 [INFO]   1X2 [21:52]: 10 matchs
21:35:33 [INFO] 1X2: 9 rounds → data/congobet_1x2_rounds.json
21:35:33 [INFO] === FIN 23.5s erreurs=aucune ===
21:35:34 [INFO] === DÉBUT CYCLE mode=gng ===
21:35:34 [INFO] === SCRAPE G/NG ===
21:35:42 [WARNING] Impossible de sélectionner G/NG
21:36:12 [INFO] === FIN 38.8s erreurs=aucune ===
21:37:57 [INFO] === DÉBUT CYCLE mode=results ===
21:37:57 [INFO] === SCRAPE RÉSULTATS (version corrigée) ===
21:38:12 [INFO]   5 clics 'Afficher plus'
21:38:16 [INFO] Résultats: 240 → data/cbet_results.json
21:38:46 [INFO] === FIN 49.6s erreurs=aucune ===
22:37:03 [INFO] === DÉBUT CYCLE mode=1x2 ===
22:37:04 [INFO] === SCRAPE 1X2 ===
22:37:11 [INFO] rounds ignorés (timer courant / hors séquence): ['00:38']
22:37:11 [INFO] 9 rounds retenus / 10 total (10 horodatés)
22:37:12 [INFO]   1X2 [22:39]: 10 matchs
22:37:14 [INFO]   1X2 [22:41]: 10 matchs
22:37:15 [INFO]   1X2 [22:43]: 10 matchs
22:37:16 [INFO]   1X2 [22:45]: 10 matchs
22:37:18 [INFO]   1X2 [22:47]: 10 matchs
22:37:19 [INFO]   1X2 [22:49]: 10 matchs
22:37:21 [INFO]   1X2 [22:51]: 10 matchs
22:37:22 [INFO]   1X2 [22:53]: 10 matchs
22:37:23 [INFO]   1X2 [22:55]: 10 matchs
22:37:23 [INFO] 1X2: 9 rounds → data/congobet_1x2_rounds.json
22:37:54 [INFO] === FIN 50.2s erreurs=aucune ===
22:37:54 [INFO] === DÉBUT CYCLE mode=gng ===
22:37:54 [INFO] === SCRAPE G/NG ===
22:38:01 [WARNING] Impossible de sélectionner G/NG
22:38:02 [INFO] === FIN 7.4s erreurs=aucune ===
22:39:45 [INFO] === DÉBUT CYCLE mode=results ===
22:39:46 [INFO] === SCRAPE RÉSULTATS (version corrigée) ===
22:39:59 [INFO]   5 clics 'Afficher plus'
22:40:03 [INFO] Résultats: 210 → data/cbet_results.json
22:40:03 [INFO] === FIN 17.5s erreurs=aucune ===
23:34:29 [INFO] === DÉBUT CYCLE mode=1x2 ===
23:34:29 [INFO] === SCRAPE 1X2 ===
23:34:38 [INFO] rounds ignorés (timer courant / hors séquence): ['00:12']
23:34:38 [INFO] 9 rounds retenus / 10 total (10 horodatés)
23:34:39 [INFO]   1X2 [23:36]: 10 matchs
23:34:41 [INFO]   1X2 [23:38]: 10 matchs
23:34:42 [INFO]   1X2 [23:40]: 10 matchs
23:34:43 [INFO]   1X2 [23:42]: 10 matchs
23:34:45 [INFO]   1X2 [23:44]: 10 matchs
23:34:46 [INFO]   1X2 [23:46]: 10 matchs
23:34:47 [INFO]   1X2 [23:48]: 10 matchs
23:34:49 [INFO]   1X2 [23:50]: 10 matchs
23:34:50 [INFO]   1X2 [23:52]: 10 matchs
23:34:50 [INFO] 1X2: 9 rounds → data/congobet_1x2_rounds.json
23:34:50 [INFO] === FIN 21.5s erreurs=aucune ===
23:34:50 [INFO] === DÉBUT CYCLE mode=gng ===
23:34:51 [INFO] === SCRAPE G/NG ===
23:34:59 [WARNING] Impossible de sélectionner G/NG
23:35:29 [INFO] === FIN 38.8s erreurs=aucune ===
23:37:13 [INFO] === DÉBUT CYCLE mode=results ===
23:37:14 [INFO] === SCRAPE RÉSULTATS (version corrigée) ===
23:37:24 [INFO]   2 clics 'Afficher plus'
23:37:26 [INFO] Résultats: 100 → data/cbet_results.json
23:37:26 [INFO] === FIN 12.9s erreurs=aucune ===
01:20:49 [INFO] === DÉBUT CYCLE mode=1x2 ===
01:20:50 [INFO] === SCRAPE 1X2 ===
01:20:57 [INFO] rounds ignorés (timer courant / hors séquence): ['00:51']
01:20:57 [INFO] 9 rounds retenus / 10 total (10 horodatés)
01:20:59 [INFO]   1X2 [01:23]: 10 matchs
01:21:00 [INFO]   1X2 [01:25]: 10 matchs
01:21:01 [INFO]   1X2 [01:27]: 10 matchs
01:21:03 [INFO]   1X2 [01:29]: 10 matchs
01:21:04 [INFO]   1X2 [01:31]: 10 matchs
01:21:06 [INFO]   1X2 [01:33]: 10 matchs
01:21:07 [INFO]   1X2 [01:35]: 10 matchs
01:21:09 [INFO]   1X2 [01:37]: 10 matchs
01:21:10 [INFO]   1X2 [01:39]: 10 matchs
01:21:10 [INFO] 1X2: 9 rounds → data/congobet_1x2_rounds.json
01:21:40 [INFO] === FIN 50.7s erreurs=aucune ===
01:21:40 [INFO] === DÉBUT CYCLE mode=gng ===
01:21:41 [INFO] === SCRAPE G/NG ===
01:21:51 [INFO] 9 rounds retenus / 10 total (9 horodatés)
01:21:54 [INFO]   G/NG [01:23]: 10 matchs
01:21:57 [INFO]   G/NG [01:25]: 10 matchs
01:22:01 [INFO]   G/NG [01:27]: 10 matchs
01:22:04 [INFO]   G/NG [01:29]: 10 matchs
01:22:07 [INFO]   G/NG [01:31]: 10 matchs
01:22:10 [INFO]   G/NG [01:33]: 10 matchs
01:22:13 [INFO]   G/NG [01:35]: 10 matchs
01:22:16 [INFO]   G/NG [01:37]: 10 matchs
01:22:19 [INFO]   G/NG [01:39]: 10 matchs
01:22:19 [INFO] G/NG: 90 cotes → data/cbet_odds.json
01:22:50 [INFO] === FIN 69.3s erreurs=aucune ===
01:24:33 [INFO] === DÉBUT CYCLE mode=results ===
01:24:34 [INFO] === SCRAPE RÉSULTATS (version corrigée) ===
01:24:47 [INFO]   5 clics 'Afficher plus'
01:24:52 [INFO] Résultats: 240 → data/cbet_results.json
01:25:22 [INFO] === FIN 48.7s erreurs=aucune ===
04:47:58 [INFO] === DÉBUT CYCLE mode=1x2 ===
04:48:00 [INFO] === SCRAPE 1X2 ===
04:48:09 [INFO] rounds ignorés (timer courant / hors séquence): ['00:41']
04:48:09 [INFO] 9 rounds retenus / 10 total (10 horodatés)
04:48:10 [INFO]   1X2 [04:50]: 10 matchs
04:48:11 [INFO]   1X2 [04:52]: 10 matchs
04:48:13 [INFO]   1X2 [04:54]: 10 matchs
04:48:14 [INFO]   1X2 [04:56]: 10 matchs
04:48:16 [INFO]   1X2 [04:58]: 10 matchs
04:48:17 [INFO]   1X2 [05:00]: 10 matchs
04:48:18 [INFO]   1X2 [05:02]: 10 matchs
04:48:20 [INFO]   1X2 [05:04]: 10 matchs
04:48:21 [INFO]   1X2 [05:06]: 10 matchs
04:48:21 [INFO] 1X2: 9 rounds → data/congobet_1x2_rounds.json
04:48:21 [INFO] === FIN 23.4s erreurs=aucune ===
04:48:21 [INFO] === DÉBUT CYCLE mode=gng ===
04:48:22 [INFO] === SCRAPE G/NG ===
04:48:33 [INFO] rounds ignorés (timer courant / hors séquence): ['00:16']
04:48:33 [INFO] 9 rounds retenus / 10 total (10 horodatés)
04:48:36 [INFO]   G/NG [04:50]: 10 matchs
04:48:39 [INFO]   G/NG [04:52]: 10 matchs
04:48:42 [INFO]   G/NG [04:54]: 10 matchs
04:48:45 [INFO]   G/NG [04:56]: 10 matchs
04:48:48 [INFO]   G/NG [04:58]: 10 matchs
04:48:51 [INFO]   G/NG [05:00]: 10 matchs
04:48:54 [INFO]   G/NG [05:02]: 10 matchs
04:48:57 [INFO]   G/NG [05:04]: 10 matchs
04:49:00 [INFO]   G/NG [05:06]: 10 matchs
04:49:00 [INFO] G/NG: 90 cotes → data/cbet_odds.json
04:49:30 [INFO] === FIN 68.9s erreurs=aucune ===
04:51:13 [INFO] === DÉBUT CYCLE mode=results ===
04:51:13 [INFO] === SCRAPE RÉSULTATS (version corrigée) ===
04:51:25 [INFO]   2 clics 'Afficher plus'
04:51:26 [INFO] Résultats: 90 → data/cbet_results.json
04:51:56 [INFO] === FIN 43.0s erreurs=aucune ===
07:17:58 [INFO] === DÉBUT CYCLE mode=1x2 ===
07:17:58 [INFO] === SCRAPE 1X2 ===
07:18:05 [INFO] rounds ignorés (timer courant / hors séquence): ['00:44']
07:18:05 [INFO] 9 rounds retenus / 10 total (10 horodatés)
07:18:07 [INFO]   1X2 [07:20]: 10 matchs
07:18:08 [INFO]   1X2 [07:22]: 10 matchs
07:18:10 [INFO]   1X2 [07:24]: 10 matchs
07:18:11 [INFO]   1X2 [07:26]: 10 matchs
07:18:12 [INFO]   1X2 [07:28]: 10 matchs
07:18:14 [INFO]   1X2 [07:30]: 10 matchs
07:18:15 [INFO]   1X2 [07:32]: 10 matchs
07:18:16 [INFO]   1X2 [07:34]: 10 matchs
07:18:18 [INFO]   1X2 [07:36]: 10 matchs
07:18:18 [INFO] 1X2: 9 rounds → data/congobet_1x2_rounds.json
07:18:48 [INFO] === FIN 50.2s erreurs=aucune ===
07:18:50 [INFO] === DÉBUT CYCLE mode=gng ===
07:18:50 [INFO] === SCRAPE G/NG ===
07:18:57 [WARNING] Impossible de sélectionner G/NG
07:19:28 [INFO] === FIN 37.7s erreurs=aucune ===
07:21:17 [INFO] === DÉBUT CYCLE mode=results ===
07:21:17 [INFO] === SCRAPE RÉSULTATS (version corrigée) ===
07:21:25 [INFO]   1 clics 'Afficher plus'
07:21:26 [INFO] Résultats: 50 → data/cbet_results.json
07:21:56 [INFO] === FIN 39.3s erreurs=aucune ===
09:31:06 [INFO] === DÉBUT CYCLE mode=1x2 ===
09:31:09 [INFO] === SCRAPE 1X2 ===
09:31:15 [INFO] rounds ignorés (timer courant / hors séquence): ['00:34', '09:33', '09:35', '09:37', '09:39', '09:41', '09:43']
09:31:15 [INFO] 3 rounds retenus / 10 total (10 horodatés)
09:31:16 [INFO]   1X2 [09:48]: 10 matchs
09:31:18 [INFO]   1X2 [09:50]: 10 matchs
09:31:19 [INFO]   1X2 [09:52]: 10 matchs
09:31:19 [INFO] 1X2: 3 rounds → data/congobet_1x2_rounds.json
09:31:19 [INFO] === FIN 13.5s erreurs=aucune ===
09:31:19 [INFO] === DÉBUT CYCLE mode=gng ===
09:31:20 [INFO] === SCRAPE G/NG ===
09:31:28 [INFO] rounds ignorés (timer courant / hors séquence): ['00:21', '09:33', '09:35', '09:37', '09:39', '09:41', '09:43']
09:31:28 [INFO] 3 rounds retenus / 10 total (10 horodatés)
09:31:31 [INFO]   G/NG [09:48]: 10 matchs
09:31:34 [INFO]   G/NG [09:50]: 10 matchs
09:31:37 [INFO]   G/NG [09:52]: 10 matchs
09:31:37 [INFO] G/NG: 30 cotes → data/cbet_odds.json
09:32:07 [INFO] === FIN 48.1s erreurs=aucune ===
09:33:50 [INFO] === DÉBUT CYCLE mode=results ===
09:33:50 [INFO] === SCRAPE RÉSULTATS (version corrigée) ===
09:34:03 [INFO]   5 clics 'Afficher plus'
09:34:07 [INFO] Résultats: 240 → data/cbet_results.json
09:34:07 [INFO] === FIN 17.4s erreurs=aucune ===
11:16:41 [INFO] === DÉBUT CYCLE mode=1x2 ===
11:16:43 [INFO] === SCRAPE 1X2 ===
11:16:52 [WARNING] Impossible de sélectionner 1X2
11:16:52 [INFO] 9 rounds retenus / 10 total (9 horodatés)
11:16:53 [INFO]   1X2 [11:17]: 10 matchs
11:16:55 [INFO]   1X2 [11:19]: 10 matchs
11:16:56 [INFO]   1X2 [11:21]: 10 matchs
11:16:58 [INFO]   1X2 [11:23]: 10 matchs
11:16:59 [INFO]   1X2 [11:25]: 10 matchs
11:17:00 [INFO]   1X2 [11:27]: 10 matchs
11:17:02 [INFO]   1X2 [11:29]: 10 matchs
11:17:03 [INFO]   1X2 [11:31]: 10 matchs
11:17:05 [INFO]   1X2 [11:33]: 10 matchs
11:17:05 [INFO] 1X2: 9 rounds → data/congobet_1x2_rounds.json
11:17:05 [INFO] === FIN 23.5s erreurs=aucune ===
11:17:05 [INFO] === DÉBUT CYCLE mode=gng ===
11:17:05 [INFO] === SCRAPE G/NG ===
11:17:16 [INFO] rounds ignorés (timer courant / hors séquence): ['00:32']
11:17:16 [INFO] 9 rounds retenus / 10 total (10 horodatés)
11:17:20 [INFO]   G/NG [11:19]: 10 matchs
11:17:23 [INFO]   G/NG [11:21]: 10 matchs
11:17:26 [INFO]   G/NG [11:23]: 10 matchs
11:17:29 [INFO]   G/NG [11:25]: 10 matchs
11:17:32 [INFO]   G/NG [11:27]: 10 matchs
11:17:35 [INFO]   G/NG [11:29]: 10 matchs
11:17:38 [INFO]   G/NG [11:31]: 10 matchs
11:17:41 [INFO]   G/NG [11:33]: 10 matchs
11:17:44 [INFO]   G/NG [11:35]: 10 matchs
11:17:44 [INFO] G/NG: 90 cotes → data/cbet_odds.json
11:18:15 [INFO] === FIN 69.4s erreurs=aucune ===
11:19:59 [INFO] === DÉBUT CYCLE mode=results ===
11:19:59 [INFO] === SCRAPE RÉSULTATS (version corrigée) ===
11:20:09 [INFO]   1 clics 'Afficher plus'
11:20:10 [INFO] Résultats: 60 → data/cbet_results.json
11:20:10 [INFO] === FIN 11.2s erreurs=aucune ===
12:57:36 [INFO] === DÉBUT CYCLE mode=1x2 ===
12:57:36 [INFO] === SCRAPE 1X2 ===
12:57:45 [WARNING] Impossible de sélectionner 1X2
12:57:45 [INFO] 9 rounds retenus / 10 total (9 horodatés)
12:57:46 [INFO]   1X2 [12:58]: 10 matchs
12:57:48 [INFO]   1X2 [13:00]: 10 matchs
12:57:49 [INFO]   1X2 [13:02]: 10 matchs
12:57:50 [INFO]   1X2 [13:04]: 10 matchs
12:57:52 [INFO]   1X2 [13:06]: 10 matchs
12:57:53 [INFO]   1X2 [13:08]: 10 matchs
12:57:55 [INFO]   1X2 [13:10]: 10 matchs
12:57:56 [INFO]   1X2 [13:12]: 10 matchs
12:57:57 [INFO]   1X2 [13:14]: 10 matchs
12:57:57 [INFO] 1X2: 9 rounds → data/congobet_1x2_rounds.json
12:58:28 [INFO] === FIN 51.5s erreurs=aucune ===
12:58:31 [INFO] === DÉBUT CYCLE mode=gng ===
12:58:32 [INFO] === SCRAPE G/NG ===
12:58:43 [INFO] rounds ignorés (timer courant / hors séquence): ['00:07']
12:58:43 [INFO] 9 rounds retenus / 10 total (10 horodatés)
12:58:46 [INFO]   G/NG [13:00]: 10 matchs
12:58:49 [INFO]   G/NG [13:02]: 10 matchs
12:58:52 [INFO]   G/NG [13:04]: 10 matchs
12:58:55 [INFO]   G/NG [13:06]: 10 matchs
12:58:58 [INFO]   G/NG [13:08]: 10 matchs
12:59:02 [INFO]   G/NG [13:10]: 10 matchs
12:59:05 [INFO]   G/NG [13:12]: 10 matchs
12:59:08 [INFO]   G/NG [13:14]: 10 matchs
12:59:11 [INFO]   G/NG [13:16]: 10 matchs
12:59:11 [INFO] G/NG: 90 cotes → data/cbet_odds.json
12:59:11 [INFO] === FIN 40.0s erreurs=aucune ===
13:00:54 [INFO] === DÉBUT CYCLE mode=results ===
13:00:54 [INFO] === SCRAPE RÉSULTATS (version corrigée) ===
13:01:08 [INFO]   4 clics 'Afficher plus'
13:01:10 [INFO] Résultats: 170 → data/cbet_results.json
13:01:11 [INFO] === FIN 16.8s erreurs=aucune ===
15:11:33 [INFO] === DÉBUT CYCLE mode=1x2 ===
15:11:33 [INFO] === SCRAPE 1X2 ===
15:11:40 [WARNING] Impossible de sélectionner 1X2
15:11:40 [INFO] 9 rounds retenus / 10 total (9 horodatés)
15:11:41 [INFO]   1X2 [15:12]: 10 matchs
15:11:42 [INFO]   1X2 [15:14]: 10 matchs
15:11:43 [INFO]   1X2 [15:16]: 10 matchs
15:11:45 [INFO]   1X2 [15:18]: 10 matchs
15:11:46 [INFO]   1X2 [15:20]: 10 matchs
15:11:48 [INFO]   1X2 [15:22]: 10 matchs
15:11:49 [INFO]   1X2 [15:24]: 10 matchs
15:11:50 [INFO]   1X2 [15:26]: 10 matchs
15:11:52 [INFO]   1X2 [15:28]: 10 matchs
15:11:52 [INFO] 1X2: 9 rounds → data/congobet_1x2_rounds.json
15:11:52 [INFO] === FIN 19.2s erreurs=aucune ===
15:11:52 [INFO] === DÉBUT CYCLE mode=gng ===
15:11:52 [INFO] === SCRAPE G/NG ===
15:12:01 [INFO] rounds ignorés (timer courant / hors séquence): ['00:48']
15:12:01 [INFO] 9 rounds retenus / 10 total (10 horodatés)
15:12:04 [INFO]   G/NG [15:14]: 10 matchs
15:12:07 [INFO]   G/NG [15:16]: 10 matchs
15:12:10 [INFO]   G/NG [15:18]: 10 matchs
15:12:13 [INFO]   G/NG [15:20]: 10 matchs
15:12:16 [INFO]   G/NG [15:22]: 10 matchs
15:12:19 [INFO]   G/NG [15:24]: 10 matchs
15:12:22 [INFO]   G/NG [15:26]: 10 matchs
15:12:25 [INFO]   G/NG [15:28]: 10 matchs
15:12:28 [INFO]   G/NG [15:30]: 10 matchs
15:12:28 [INFO] G/NG: 90 cotes → data/cbet_odds.json
15:12:28 [INFO] === FIN 35.9s erreurs=aucune ===
15:14:10 [INFO] === DÉBUT CYCLE mode=results ===
15:14:11 [INFO] === SCRAPE RÉSULTATS (version corrigée) ===
15:14:18 [INFO]   1 clics 'Afficher plus'
15:14:19 [INFO] Résultats: 50 → data/cbet_results.json
15:14:19 [INFO] === FIN 8.4s erreurs=aucune ===
16:47:25 [INFO] === DÉBUT CYCLE mode=1x2 ===
16:47:26 [INFO] === SCRAPE 1X2 ===
16:47:34 [INFO] rounds ignorés (timer courant / hors séquence): ['00:15']
16:47:34 [INFO] 9 rounds retenus / 10 total (10 horodatés)
16:47:36 [INFO]   1X2 [16:49]: 10 matchs
16:47:37 [INFO]   1X2 [16:51]: 10 matchs
16:47:39 [INFO]   1X2 [16:53]: 10 matchs
16:47:40 [INFO]   1X2 [16:55]: 10 matchs
16:47:41 [INFO]   1X2 [16:57]: 10 matchs
16:47:43 [INFO]   1X2 [16:59]: 10 matchs
16:47:44 [INFO]   1X2 [17:01]: 10 matchs
16:47:46 [INFO]   1X2 [17:03]: 10 matchs
16:47:47 [INFO]   1X2 [17:05]: 10 matchs
16:47:47 [INFO] 1X2: 9 rounds → data/congobet_1x2_rounds.json
16:48:18 [INFO] === FIN 51.9s erreurs=aucune ===
16:48:22 [INFO] === DÉBUT CYCLE mode=gng ===
16:48:22 [INFO] === SCRAPE G/NG ===
16:48:32 [WARNING] Impossible de sélectionner G/NG
16:48:32 [INFO] === FIN 10.7s erreurs=aucune ===
16:50:16 [INFO] === DÉBUT CYCLE mode=results ===
16:50:16 [INFO] === SCRAPE RÉSULTATS (version corrigée) ===
16:50:29 [INFO]   3 clics 'Afficher plus'
16:50:31 [INFO] Résultats: 130 → data/cbet_results.json
16:51:01 [INFO] === FIN 45.0s erreurs=aucune ===
17:59:50 [INFO] === DÉBUT CYCLE mode=1x2 ===
17:59:52 [INFO] === SCRAPE 1X2 ===
17:59:58 [INFO] rounds ignorés (timer courant / hors séquence): ['00:51']
17:59:58 [INFO] 9 rounds retenus / 10 total (10 horodatés)
18:00:00 [INFO]   1X2 [18:02]: 10 matchs
18:00:01 [INFO]   1X2 [18:04]: 10 matchs
18:00:02 [INFO]   1X2 [18:06]: 10 matchs
18:00:04 [INFO]   1X2 [18:08]: 10 matchs
18:00:05 [INFO]   1X2 [18:10]: 10 matchs
18:00:06 [INFO]   1X2 [18:12]: 10 matchs
18:00:08 [INFO]   1X2 [18:14]: 10 matchs
18:00:09 [INFO]   1X2 [18:16]: 10 matchs
18:00:11 [INFO]   1X2 [18:18]: 10 matchs
18:00:11 [INFO] 1X2: 9 rounds → data/congobet_1x2_rounds.json
18:00:11 [INFO] === FIN 20.9s erreurs=aucune ===
18:00:11 [INFO] === DÉBUT CYCLE mode=gng ===
18:00:11 [INFO] === SCRAPE G/NG ===
18:00:20 [INFO] rounds ignorés (timer courant / hors séquence): ['00:29']
18:00:20 [INFO] 9 rounds retenus / 10 total (10 horodatés)
18:00:23 [INFO]   G/NG [18:02]: 10 matchs
18:00:26 [INFO]   G/NG [18:04]: 10 matchs
18:00:29 [INFO]   G/NG [18:06]: 10 matchs
18:00:32 [INFO]   G/NG [18:08]: 10 matchs
18:00:35 [INFO]   G/NG [18:10]: 10 matchs
18:00:38 [INFO]   G/NG [18:12]: 10 matchs
18:00:41 [INFO]   G/NG [18:14]: 10 matchs
18:00:44 [INFO]   G/NG [18:16]: 10 matchs
18:00:47 [INFO]   G/NG [18:18]: 10 matchs
18:00:47 [INFO] G/NG: 90 cotes → data/cbet_odds.json
18:00:47 [INFO] === FIN 36.4s erreurs=aucune ===
18:02:30 [INFO] === DÉBUT CYCLE mode=results ===
18:02:30 [INFO] === SCRAPE RÉSULTATS (version corrigée) ===
18:02:40 [INFO]   2 clics 'Afficher plus'
18:02:41 [INFO] Résultats: 100 → data/cbet_results.json
18:02:41 [INFO] === FIN 11.4s erreurs=aucune ===
19:43:11 [INFO] === DÉBUT CYCLE mode=1x2 ===
19:43:12 [INFO] === SCRAPE 1X2 ===
19:43:19 [INFO] rounds ignorés (timer courant / hors séquence): ['00:30']
19:43:19 [INFO] 9 rounds retenus / 10 total (10 horodatés)
19:43:21 [INFO]   1X2 [19:45]: 10 matchs
19:43:22 [INFO]   1X2 [19:47]: 10 matchs
19:43:23 [INFO]   1X2 [19:49]: 10 matchs
19:43:25 [INFO]   1X2 [19:51]: 10 matchs
19:43:26 [INFO]   1X2 [19:53]: 10 matchs
19:43:28 [INFO]   1X2 [19:55]: 10 matchs
19:43:29 [INFO]   1X2 [19:57]: 10 matchs
19:43:30 [INFO]   1X2 [19:59]: 10 matchs
19:43:32 [INFO]   1X2 [20:01]: 10 matchs
19:43:32 [INFO] 1X2: 9 rounds → data/congobet_1x2_rounds.json
19:43:32 [INFO] === FIN 21.3s erreurs=aucune ===
19:43:32 [INFO] === DÉBUT CYCLE mode=gng ===
19:43:32 [INFO] === SCRAPE G/NG ===
19:43:41 [INFO] rounds ignorés (timer courant / hors séquence): ['00:08']
19:43:41 [INFO] 9 rounds retenus / 10 total (10 horodatés)
19:43:44 [INFO]   G/NG [19:45]: 10 matchs
19:43:47 [INFO]   G/NG [19:47]: 10 matchs
19:43:51 [INFO]   G/NG [19:49]: 10 matchs
19:43:54 [INFO]   G/NG [19:51]: 10 matchs
19:43:57 [INFO]   G/NG [19:53]: 10 matchs
19:44:00 [INFO]   G/NG [19:55]: 10 matchs
19:44:03 [INFO]   G/NG [19:57]: 10 matchs
19:44:06 [INFO]   G/NG [19:59]: 10 matchs
19:44:09 [INFO]   G/NG [20:01]: 10 matchs
19:44:09 [INFO] G/NG: 90 cotes → data/cbet_odds.json
19:44:40 [INFO] === FIN 67.1s erreurs=aucune ===
19:46:27 [INFO] === DÉBUT CYCLE mode=results ===
19:46:27 [INFO] === SCRAPE RÉSULTATS (version corrigée) ===
19:46:40 [INFO]   5 clics 'Afficher plus'
19:46:44 [INFO] Résultats: 220 → data/cbet_results.json
19:47:14 [INFO] === FIN 47.5s erreurs=aucune ===
20:44:15 [INFO] === DÉBUT CYCLE mode=1x2 ===
20:44:17 [INFO] === SCRAPE 1X2 ===
20:44:25 [INFO] rounds ignorés (timer courant / hors séquence): ['00:24']
20:44:25 [INFO] 9 rounds retenus / 10 total (10 horodatés)
20:44:26 [INFO]   1X2 [20:46]: 10 matchs
20:44:28 [INFO]   1X2 [20:48]: 10 matchs
20:44:29 [INFO]   1X2 [20:50]: 10 matchs
20:44:30 [INFO]   1X2 [20:52]: 10 matchs
20:44:32 [INFO]   1X2 [20:54]: 10 matchs
20:44:33 [INFO]   1X2 [20:56]: 10 matchs
20:44:35 [INFO]   1X2 [20:58]: 10 matchs
20:44:36 [INFO]   1X2 [21:00]: 10 matchs
20:44:37 [INFO]   1X2 [21:02]: 10 matchs
20:44:37 [INFO] 1X2: 9 rounds → data/congobet_1x2_rounds.json
20:45:08 [INFO] === FIN 52.7s erreurs=aucune ===
20:45:08 [INFO] === DÉBUT CYCLE mode=gng ===
20:45:09 [INFO] === SCRAPE G/NG ===
20:45:17 [WARNING] Impossible de sélectionner G/NG
20:45:17 [INFO] === FIN 9.1s erreurs=aucune ===
20:47:01 [INFO] === DÉBUT CYCLE mode=results ===
20:47:01 [INFO] === SCRAPE RÉSULTATS (version corrigée) ===
20:47:13 [INFO]   3 clics 'Afficher plus'
20:47:15 [INFO] Résultats: 130 → data/cbet_results.json
20:47:45 [INFO] === FIN 44.6s erreurs=aucune ===
21:41:36 [INFO] === DÉBUT CYCLE mode=1x2 ===
21:41:37 [INFO] === SCRAPE 1X2 ===
21:41:46 [INFO] rounds ignorés (timer courant / hors séquence): ['00:03']
21:41:46 [INFO] 9 rounds retenus / 10 total (10 horodatés)
21:41:47 [INFO]   1X2 [21:43]: 10 matchs
21:41:49 [INFO]   1X2 [21:45]: 10 matchs
21:41:50 [INFO]   1X2 [21:47]: 10 matchs
21:41:52 [INFO]   1X2 [21:49]: 10 matchs
21:41:53 [INFO]   1X2 [21:51]: 10 matchs
21:41:54 [INFO]   1X2 [21:53]: 10 matchs
21:41:56 [INFO]   1X2 [21:55]: 10 matchs
21:41:57 [INFO]   1X2 [21:57]: 10 matchs
21:41:59 [INFO]   1X2 [21:59]: 10 matchs
21:41:59 [INFO] 1X2: 9 rounds → data/congobet_1x2_rounds.json
21:42:29 [INFO] === FIN 52.3s erreurs=aucune ===
21:42:30 [INFO] === DÉBUT CYCLE mode=gng ===
21:42:30 [INFO] === SCRAPE G/NG ===
21:42:39 [WARNING] Impossible de sélectionner G/NG
21:42:39 [INFO] === FIN 8.8s erreurs=aucune ===
21:44:22 [INFO] === DÉBUT CYCLE mode=results ===
21:44:22 [INFO] === SCRAPE RÉSULTATS (version corrigée) ===
21:44:31 [INFO]   0 clics 'Afficher plus'
21:44:31 [INFO] Résultats: 20 → data/cbet_results.json
21:45:02 [INFO] === FIN 39.1s erreurs=aucune ===
22:36:01 [INFO] === DÉBUT CYCLE mode=1x2 ===
22:36:01 [INFO] === SCRAPE 1X2 ===
22:36:10 [WARNING] Impossible de sélectionner 1X2
22:36:10 [INFO] 9 rounds retenus / 10 total (9 horodatés)
22:36:12 [INFO]   1X2 [22:37]: 10 matchs
22:36:13 [INFO]   1X2 [22:39]: 10 matchs
22:36:15 [INFO]   1X2 [22:41]: 10 matchs
22:36:16 [INFO]   1X2 [22:43]: 10 matchs
22:36:18 [INFO]   1X2 [22:45]: 10 matchs
22:36:19 [INFO]   1X2 [22:47]: 10 matchs
22:36:20 [INFO]   1X2 [22:49]: 10 matchs
22:36:22 [INFO]   1X2 [22:51]: 10 matchs
22:36:23 [INFO]   1X2 [22:53]: 10 matchs
22:36:23 [INFO] 1X2: 9 rounds → data/congobet_1x2_rounds.json
22:36:23 [INFO] === FIN 22.5s erreurs=aucune ===
22:36:23 [INFO] === DÉBUT CYCLE mode=gng ===
22:36:24 [INFO] === SCRAPE G/NG ===
22:36:33 [WARNING] Impossible de sélectionner G/NG
22:37:03 [INFO] === FIN 39.3s erreurs=aucune ===
22:38:46 [INFO] === DÉBUT CYCLE mode=results ===
22:38:46 [INFO] === SCRAPE RÉSULTATS (version corrigée) ===
22:39:01 [INFO]   5 clics 'Afficher plus'
22:39:06 [INFO] Résultats: 240 → data/cbet_results.json
22:39:36 [INFO] === FIN 50.2s erreurs=aucune ===
23:33:04 [INFO] === DÉBUT CYCLE mode=1x2 ===
23:33:04 [INFO] === SCRAPE 1X2 ===
23:33:12 [WARNING] Impossible de sélectionner 1X2
23:33:12 [INFO] 9 rounds retenus / 10 total (9 horodatés)
23:33:13 [INFO]   1X2 [23:34]: 10 matchs
23:33:15 [INFO]   1X2 [23:36]: 10 matchs
23:33:16 [INFO]   1X2 [23:38]: 10 matchs
23:33:17 [INFO]   1X2 [23:40]: 10 matchs
23:33:19 [INFO]   1X2 [23:42]: 10 matchs
23:33:20 [INFO]   1X2 [23:44]: 10 matchs
23:33:22 [INFO]   1X2 [23:46]: 10 matchs
23:33:23 [INFO]   1X2 [23:48]: 10 matchs
23:33:25 [INFO]   1X2 [23:50]: 10 matchs
23:33:25 [INFO] 1X2: 9 rounds → data/congobet_1x2_rounds.json
23:33:25 [INFO] === FIN 20.6s erreurs=aucune ===
23:33:25 [INFO] === DÉBUT CYCLE mode=gng ===
23:33:25 [INFO] === SCRAPE G/NG ===
23:33:32 [WARNING] Impossible de sélectionner G/NG
23:33:32 [INFO] === FIN 7.4s erreurs=aucune ===
23:35:15 [INFO] === DÉBUT CYCLE mode=results ===
23:35:15 [INFO] === SCRAPE RÉSULTATS (version corrigée) ===
23:35:27 [INFO]   4 clics 'Afficher plus'
23:35:30 [INFO] Résultats: 180 → data/cbet_results.json
23:36:01 [INFO] === FIN 45.4s erreurs=aucune ===
01:23:54 [INFO] === DÉBUT CYCLE mode=1x2 ===
01:23:55 [INFO] === SCRAPE 1X2 ===
01:24:02 [WARNING] Impossible de sélectionner 1X2
01:24:02 [INFO] rounds ignorés (timer courant / hors séquence): ['01:25', '01:27', '01:29', '01:31']
01:24:02 [INFO] 5 rounds retenus / 10 total (9 horodatés)
01:24:03 [INFO]   1X2 [01:36]: 10 matchs
01:24:05 [INFO]   1X2 [01:38]: 10 matchs
01:24:06 [INFO]   1X2 [01:40]: 10 matchs
01:24:08 [INFO]   1X2 [01:42]: 10 matchs
01:24:09 [INFO]   1X2 [01:44]: 10 matchs
01:24:09 [INFO] 1X2: 5 rounds → data/congobet_1x2_rounds.json
01:24:09 [INFO] === FIN 15.1s erreurs=aucune ===
01:24:09 [INFO] === DÉBUT CYCLE mode=gng ===
01:24:10 [INFO] === SCRAPE G/NG ===
01:24:16 [WARNING] Impossible de sélectionner G/NG
01:24:16 [INFO] === FIN 6.7s erreurs=aucune ===
01:25:59 [INFO] === DÉBUT CYCLE mode=results ===
01:25:59 [INFO] === SCRAPE RÉSULTATS (version corrigée) ===
01:26:11 [INFO]   5 clics 'Afficher plus'
01:26:16 [INFO] Résultats: 240 → data/cbet_results.json
01:26:46 [INFO] === FIN 47.3s erreurs=aucune ===
05:01:51 [INFO] === DÉBUT CYCLE mode=1x2 ===
05:01:52 [INFO] === SCRAPE 1X2 ===
05:02:00 [INFO] rounds ignorés (timer courant / hors séquence): ['00:49']
05:02:00 [INFO] 9 rounds retenus / 10 total (10 horodatés)
05:02:02 [INFO]   1X2 [05:04]: 10 matchs
05:02:03 [INFO]   1X2 [05:06]: 10 matchs
05:02:04 [INFO]   1X2 [05:08]: 10 matchs
05:02:06 [INFO]   1X2 [05:10]: 10 matchs
05:02:07 [INFO]   1X2 [05:12]: 10 matchs
05:02:09 [INFO]   1X2 [05:14]: 10 matchs
05:02:10 [INFO]   1X2 [05:16]: 10 matchs
05:02:11 [INFO]   1X2 [05:18]: 10 matchs
05:02:13 [INFO]   1X2 [05:20]: 10 matchs
05:02:13 [INFO] 1X2: 9 rounds → data/congobet_1x2_rounds.json
05:02:13 [INFO] === FIN 21.4s erreurs=aucune ===
05:02:13 [INFO] === DÉBUT CYCLE mode=gng ===
05:02:13 [INFO] === SCRAPE G/NG ===
05:02:24 [INFO] rounds ignorés (timer courant / hors séquence): ['00:25']
05:02:24 [INFO] 9 rounds retenus / 10 total (10 horodatés)
05:02:27 [INFO]   G/NG [05:04]: 10 matchs
05:02:30 [INFO]   G/NG [05:06]: 10 matchs
05:02:33 [INFO]   G/NG [05:08]: 10 matchs
05:02:36 [INFO]   G/NG [05:10]: 10 matchs
05:02:39 [INFO]   G/NG [05:12]: 10 matchs
05:02:42 [INFO]   G/NG [05:14]: 10 matchs
05:02:45 [INFO]   G/NG [05:16]: 10 matchs
05:02:48 [INFO]   G/NG [05:18]: 10 matchs
05:02:51 [INFO]   G/NG [05:20]: 10 matchs
05:02:51 [INFO] G/NG: 90 cotes → data/cbet_odds.json
05:03:21 [INFO] === FIN 68.5s erreurs=aucune ===
05:05:04 [INFO] === DÉBUT CYCLE mode=results ===
05:05:05 [INFO] === SCRAPE RÉSULTATS (version corrigée) ===
05:05:19 [INFO]   5 clics 'Afficher plus'
05:05:24 [INFO] Résultats: 240 → data/cbet_results.json
05:05:24 [INFO] === FIN 19.6s erreurs=aucune ===
07:33:38 [INFO] === DÉBUT CYCLE mode=1x2 ===
07:33:40 [INFO] === SCRAPE 1X2 ===
07:33:46 [WARNING] Impossible de sélectionner 1X2
07:33:46 [INFO] 9 rounds retenus / 10 total (9 horodatés)
07:33:47 [INFO]   1X2 [07:34]: 10 matchs
07:33:49 [INFO]   1X2 [07:36]: 10 matchs
07:33:50 [INFO]   1X2 [07:38]: 10 matchs
07:33:52 [INFO]   1X2 [07:40]: 10 matchs
07:33:53 [INFO]   1X2 [07:42]: 10 matchs
07:33:54 [INFO]   1X2 [07:44]: 10 matchs
07:33:56 [INFO]   1X2 [07:46]: 10 matchs
07:33:57 [INFO]   1X2 [07:48]: 10 matchs
07:33:59 [INFO]   1X2 [07:50]: 10 matchs
07:33:59 [INFO] 1X2: 9 rounds → data/congobet_1x2_rounds.json
07:34:29 [INFO] === FIN 50.7s erreurs=aucune ===
07:34:29 [INFO] === DÉBUT CYCLE mode=gng ===
07:34:29 [INFO] === SCRAPE G/NG ===
07:34:38 [INFO] rounds ignorés (timer courant / hors séquence): ['00:11']
07:34:38 [INFO] 9 rounds retenus / 10 total (10 horodatés)
07:34:41 [INFO]   G/NG [07:36]: 10 matchs
07:34:44 [INFO]   G/NG [07:38]: 10 matchs
07:34:47 [INFO]   G/NG [07:40]: 10 matchs
07:34:50 [INFO]   G/NG [07:42]: 10 matchs
07:34:53 [INFO]   G/NG [07:44]: 10 matchs
07:34:56 [INFO]   G/NG [07:46]: 10 matchs
07:34:59 [INFO]   G/NG [07:48]: 10 matchs
07:35:02 [INFO]   G/NG [07:50]: 10 matchs
07:35:05 [INFO]   G/NG [07:52]: 10 matchs
07:35:05 [INFO] G/NG: 90 cotes → data/cbet_odds.json
07:35:06 [INFO] === FIN 36.8s erreurs=aucune ===
07:36:48 [INFO] === DÉBUT CYCLE mode=results ===
07:36:48 [INFO] === SCRAPE RÉSULTATS (version corrigée) ===
07:37:01 [INFO]   5 clics 'Afficher plus'
07:37:05 [INFO] Résultats: 220 → data/cbet_results.json
07:37:36 [INFO] === FIN 47.1s erreurs=aucune ===
09:18:52 [INFO] === DÉBUT CYCLE mode=1x2 ===
09:18:53 [INFO] === SCRAPE 1X2 ===
09:19:02 [INFO] rounds ignorés (timer courant / hors séquence): ['00:48', '09:21', '09:23', '09:25']
09:19:02 [INFO] 6 rounds retenus / 10 total (10 horodatés)
09:19:03 [INFO]   1X2 [09:30]: 10 matchs
09:19:05 [INFO]   1X2 [09:32]: 10 matchs
09:19:06 [INFO]   1X2 [09:34]: 10 matchs
09:19:07 [INFO]   1X2 [09:36]: 10 matchs
09:19:09 [INFO]   1X2 [09:38]: 10 matchs
09:19:10 [INFO]   1X2 [09:40]: 10 matchs
09:19:10 [INFO] 1X2: 6 rounds → data/congobet_1x2_rounds.json
09:19:10 [INFO] === FIN 18.3s erreurs=aucune ===
09:19:10 [INFO] === DÉBUT CYCLE mode=gng ===
09:19:11 [INFO] === SCRAPE G/NG ===
09:19:22 [INFO] rounds ignorés (timer courant / hors séquence): ['00:27', '09:21', '09:23', '09:25']
09:19:22 [INFO] 6 rounds retenus / 10 total (10 horodatés)
09:19:25 [INFO]   G/NG [09:30]: 10 matchs
09:19:28 [INFO]   G/NG [09:32]: 10 matchs
09:19:31 [INFO]   G/NG [09:34]: 10 matchs
09:19:34 [INFO]   G/NG [09:36]: 10 matchs
09:19:37 [INFO]   G/NG [09:38]: 10 matchs
09:19:40 [INFO]   G/NG [09:40]: 10 matchs
09:19:40 [INFO] G/NG: 60 cotes → data/cbet_odds.json
09:20:11 [INFO] === FIN 60.2s erreurs=aucune ===
09:21:55 [INFO] === DÉBUT CYCLE mode=results ===
09:21:55 [INFO] === SCRAPE RÉSULTATS (version corrigée) ===
09:22:10 [INFO]   5 clics 'Afficher plus'
09:22:15 [INFO] Résultats: 240 → data/cbet_results.json
09:22:15 [INFO] === FIN 20.4s erreurs=aucune ===
10:48:27 [INFO] === DÉBUT CYCLE mode=1x2 ===
10:48:28 [INFO] === SCRAPE 1X2 ===
10:48:37 [INFO] rounds ignorés (timer courant / hors séquence): ['01:12']
10:48:37 [INFO] 9 rounds retenus / 10 total (10 horodatés)
10:48:38 [INFO]   1X2 [10:51]: 10 matchs
10:48:40 [INFO]   1X2 [10:53]: 10 matchs
10:48:41 [INFO]   1X2 [10:55]: 10 matchs
10:48:42 [INFO]   1X2 [10:57]: 10 matchs
10:48:44 [INFO]   1X2 [10:59]: 10 matchs
10:48:45 [INFO]   1X2 [11:01]: 10 matchs
10:48:47 [INFO]   1X2 [11:03]: 10 matchs
10:48:48 [INFO]   1X2 [11:05]: 10 matchs
10:48:49 [INFO]   1X2 [11:07]: 10 matchs
10:48:49 [INFO] 1X2: 9 rounds → data/congobet_1x2_rounds.json
10:48:50 [INFO] === FIN 22.9s erreurs=aucune ===
10:48:50 [INFO] === DÉBUT CYCLE mode=gng ===
10:48:50 [INFO] === SCRAPE G/NG ===
10:49:01 [INFO] rounds ignorés (timer courant / hors séquence): ['00:48']
10:49:01 [INFO] 9 rounds retenus / 10 total (10 horodatés)
10:49:04 [INFO]   G/NG [10:51]: 10 matchs
10:49:07 [INFO]   G/NG [10:53]: 10 matchs
10:49:10 [INFO]   G/NG [10:55]: 10 matchs
10:49:13 [INFO]   G/NG [10:57]: 10 matchs
10:49:16 [INFO]   G/NG [10:59]: 10 matchs
10:49:19 [INFO]   G/NG [11:01]: 10 matchs
10:49:22 [INFO]   G/NG [11:03]: 10 matchs
10:49:25 [INFO]   G/NG [11:05]: 10 matchs
10:49:28 [INFO]   G/NG [11:07]: 10 matchs
10:49:28 [INFO] G/NG: 90 cotes → data/cbet_odds.json
10:49:28 [INFO] === FIN 38.5s erreurs=aucune ===
10:51:11 [INFO] === DÉBUT CYCLE mode=results ===
10:51:11 [INFO] === SCRAPE RÉSULTATS (version corrigée) ===
10:51:20 [INFO]   0 clics 'Afficher plus'
10:51:20 [INFO] Résultats: 10 → data/cbet_results.json
10:51:20 [INFO] === FIN 8.9s erreurs=aucune ===
11:47:03 [INFO] === DÉBUT CYCLE mode=1x2 ===
11:47:04 [INFO] === SCRAPE 1X2 ===
11:47:11 [INFO] 10 rounds retenus / 10 total (10 horodatés)
11:47:12 [INFO]   1X2 [00:38]: 10 matchs
11:47:13 [INFO]   1X2 [11:49]: 10 matchs
11:47:15 [INFO]   1X2 [11:51]: 10 matchs
11:47:16 [INFO]   1X2 [11:53]: 10 matchs
11:47:17 [INFO]   1X2 [11:55]: 10 matchs
11:47:19 [INFO]   1X2 [11:57]: 10 matchs
11:47:20 [INFO]   1X2 [11:59]: 10 matchs
11:47:22 [INFO]   1X2 [12:01]: 10 matchs
11:47:23 [INFO]   1X2 [12:03]: 10 matchs
11:47:24 [INFO]   1X2 [12:08]: 10 matchs
11:47:24 [INFO] 1X2: 10 rounds → data/congobet_1x2_rounds.json
11:47:56 [INFO] === FIN 51.5s erreurs=aucune ===
11:47:57 [INFO] === DÉBUT CYCLE mode=gng ===
11:47:57 [INFO] === SCRAPE G/NG ===
11:48:05 [WARNING] Impossible de sélectionner G/NG
11:48:05 [INFO] === FIN 7.7s erreurs=aucune ===
11:49:50 [INFO] === DÉBUT CYCLE mode=results ===
11:49:50 [INFO] === SCRAPE RÉSULTATS (version corrigée) ===
11:50:04 [INFO]   5 clics 'Afficher plus'
11:50:09 [INFO] Résultats: 240 → data/cbet_results.json
11:50:09 [INFO] === FIN 18.7s erreurs=aucune ===
12:43:55 [INFO] === DÉBUT CYCLE mode=1x2 ===
12:43:57 [INFO] === SCRAPE 1X2 ===
12:44:03 [INFO] rounds ignorés (timer courant / hors séquence): ['00:46']
12:44:03 [INFO] 9 rounds retenus / 10 total (10 horodatés)
12:44:04 [INFO]   1X2 [12:46]: 10 matchs
12:44:05 [INFO]   1X2 [12:48]: 10 matchs
12:44:07 [INFO]   1X2 [12:50]: 10 matchs
12:44:08 [INFO]   1X2 [12:52]: 10 matchs
12:44:09 [INFO]   1X2 [12:54]: 10 matchs
12:44:11 [INFO]   1X2 [12:56]: 10 matchs
12:44:12 [INFO]   1X2 [12:58]: 10 matchs
12:44:14 [INFO]   1X2 [13:00]: 10 matchs
12:44:15 [INFO]   1X2 [13:02]: 10 matchs
12:44:15 [INFO] 1X2: 9 rounds → data/congobet_1x2_rounds.json
12:44:45 [INFO] === FIN 50.1s erreurs=aucune ===
12:44:45 [INFO] === DÉBUT CYCLE mode=gng ===
12:44:45 [INFO] === SCRAPE G/NG ===
12:44:54 [INFO] 9 rounds retenus / 10 total (9 horodatés)
12:44:57 [INFO]   G/NG [12:46]: 10 matchs
12:45:00 [INFO]   G/NG [12:48]: 10 matchs
12:45:03 [INFO]   G/NG [12:50]: 10 matchs
12:45:06 [INFO]   G/NG [12:52]: 10 matchs
12:45:09 [INFO]   G/NG [12:54]: 10 matchs
12:45:12 [INFO]   G/NG [12:56]: 10 matchs
12:45:15 [INFO]   G/NG [12:58]: 10 matchs
12:45:18 [INFO]   G/NG [13:00]: 10 matchs
12:45:21 [INFO]   G/NG [13:02]: 10 matchs
12:45:21 [INFO] G/NG: 90 cotes → data/cbet_odds.json
12:45:51 [INFO] === FIN 66.3s erreurs=aucune ===
12:47:34 [INFO] === DÉBUT CYCLE mode=results ===
12:47:34 [INFO] === SCRAPE RÉSULTATS (version corrigée) ===
12:47:45 [INFO]   4 clics 'Afficher plus'
12:47:49 [INFO] Résultats: 190 → data/cbet_results.json
12:48:19 [INFO] === FIN 44.8s erreurs=aucune ===
14:07:52 [INFO] === DÉBUT CYCLE mode=1x2 ===
14:07:53 [INFO] === SCRAPE 1X2 ===
14:08:00 [WARNING] Impossible de sélectionner 1X2
14:08:00 [INFO] 9 rounds retenus / 10 total (9 horodatés)
14:08:01 [INFO]   1X2 [14:09]: 10 matchs
14:08:03 [INFO]   1X2 [14:11]: 10 matchs
14:08:04 [INFO]   1X2 [14:13]: 10 matchs
14:08:06 [INFO]   1X2 [14:15]: 10 matchs
14:08:07 [INFO]   1X2 [14:17]: 10 matchs
14:08:09 [INFO]   1X2 [14:19]: 10 matchs
14:08:10 [INFO]   1X2 [14:21]: 10 matchs
14:08:11 [INFO]   1X2 [14:23]: 10 matchs
14:08:13 [INFO]   1X2 [14:25]: 10 matchs
14:08:13 [INFO] 1X2: 9 rounds → data/congobet_1x2_rounds.json
14:08:13 [INFO] === FIN 20.8s erreurs=aucune ===
14:08:13 [INFO] === DÉBUT CYCLE mode=gng ===
14:08:13 [INFO] === SCRAPE G/NG ===
14:08:20 [WARNING] Impossible de sélectionner G/NG
14:08:51 [INFO] === FIN 37.6s erreurs=aucune ===
14:10:34 [INFO] === DÉBUT CYCLE mode=results ===
14:10:34 [INFO] === SCRAPE RÉSULTATS (version corrigée) ===
14:10:48 [INFO]   5 clics 'Afficher plus'
14:10:51 [INFO] Résultats: 210 → data/cbet_results.json
14:10:52 [INFO] === FIN 17.6s erreurs=aucune ===
15:14:12 [INFO] === DÉBUT CYCLE mode=1x2 ===
15:14:13 [INFO] === SCRAPE 1X2 ===
15:14:22 [INFO] rounds ignorés (timer courant / hors séquence): ['00:28']
15:14:22 [INFO] 9 rounds retenus / 10 total (10 horodatés)
15:14:23 [INFO]   1X2 [15:16]: 10 matchs
15:14:24 [INFO]   1X2 [15:18]: 10 matchs
15:14:26 [INFO]   1X2 [15:20]: 10 matchs
15:14:27 [INFO]   1X2 [15:22]: 10 matchs
15:14:29 [INFO]   1X2 [15:24]: 10 matchs
15:14:30 [INFO]   1X2 [15:26]: 10 matchs
15:14:31 [INFO]   1X2 [15:28]: 10 matchs
15:14:33 [INFO]   1X2 [15:30]: 10 matchs
15:14:34 [INFO]   1X2 [15:32]: 10 matchs
15:14:34 [INFO] 1X2: 9 rounds → data/congobet_1x2_rounds.json
15:14:34 [INFO] === FIN 22.4s erreurs=aucune ===
15:14:34 [INFO] === DÉBUT CYCLE mode=gng ===
15:14:34 [INFO] === SCRAPE G/NG ===
15:14:45 [INFO] rounds ignorés (timer courant / hors séquence): ['00:03']
15:14:45 [INFO] 9 rounds retenus / 10 total (10 horodatés)
15:14:49 [INFO]   G/NG [15:16]: 10 matchs
15:14:52 [INFO]   G/NG [15:18]: 10 matchs
15:14:55 [INFO]   G/NG [15:20]: 10 matchs
15:14:58 [INFO]   G/NG [15:22]: 10 matchs
15:15:01 [INFO]   G/NG [15:24]: 10 matchs
15:15:04 [INFO]   G/NG [15:26]: 10 matchs
15:15:07 [INFO]   G/NG [15:28]: 10 matchs
15:15:10 [INFO]   G/NG [15:30]: 10 matchs
15:15:13 [INFO]   G/NG [15:32]: 10 matchs
15:15:13 [INFO] G/NG: 90 cotes → data/cbet_odds.json
15:15:44 [INFO] === FIN 69.1s erreurs=aucune ===
15:17:28 [INFO] === DÉBUT CYCLE mode=results ===
15:17:29 [INFO] === SCRAPE RÉSULTATS (version corrigée) ===
15:17:41 [INFO]   3 clics 'Afficher plus'
15:17:43 [INFO] Résultats: 150 → data/cbet_results.json
15:17:43 [INFO] === FIN 15.0s erreurs=aucune ===
16:11:05 [INFO] === DÉBUT CYCLE mode=1x2 ===
16:11:06 [INFO] === SCRAPE 1X2 ===
16:11:15 [INFO] rounds ignorés (timer courant / hors séquence): ['00:35']
16:11:15 [INFO] 9 rounds retenus / 10 total (10 horodatés)
16:11:16 [INFO]   1X2 [16:13]: 10 matchs
16:11:17 [INFO]   1X2 [16:15]: 10 matchs
16:11:19 [INFO]   1X2 [16:17]: 10 matchs
16:11:20 [INFO]   1X2 [16:19]: 10 matchs
16:11:21 [INFO]   1X2 [16:21]: 10 matchs
16:11:23 [INFO]   1X2 [16:23]: 10 matchs
16:11:24 [INFO]   1X2 [16:25]: 10 matchs
16:11:26 [INFO]   1X2 [16:27]: 10 matchs
16:11:27 [INFO]   1X2 [16:29]: 10 matchs
16:11:27 [INFO] 1X2: 9 rounds → data/congobet_1x2_rounds.json
16:11:58 [INFO] === FIN 52.6s erreurs=aucune ===
16:11:59 [INFO] === DÉBUT CYCLE mode=gng ===
16:12:00 [INFO] === SCRAPE G/NG ===
16:12:08 [WARNING] Impossible de sélectionner G/NG
16:12:39 [INFO] === FIN 38.8s erreurs=aucune ===
16:14:27 [INFO] === DÉBUT CYCLE mode=results ===
16:14:27 [INFO] === SCRAPE RÉSULTATS (version corrigée) ===
16:14:34 [INFO]   0 clics 'Afficher plus'
16:14:35 [INFO] Résultats: 40 → data/cbet_results.json
16:14:35 [INFO] === FIN 8.0s erreurs=aucune ===
17:13:40 [INFO] === DÉBUT CYCLE mode=1x2 ===
17:13:40 [INFO] === SCRAPE 1X2 ===
17:13:49 [INFO] rounds ignorés (timer courant / hors séquence): ['00:00', '17:15', '17:17', '17:19']
17:13:49 [INFO] 6 rounds retenus / 10 total (10 horodatés)
17:13:50 [INFO]   1X2 [17:24]: 10 matchs
17:13:52 [INFO]   1X2 [17:26]: 10 matchs
17:13:53 [INFO]   1X2 [17:28]: 10 matchs
17:13:55 [INFO]   1X2 [17:30]: 10 matchs
17:13:56 [INFO]   1X2 [17:32]: 10 matchs
17:13:58 [INFO]   1X2 [17:34]: 10 matchs
17:13:58 [INFO] 1X2: 6 rounds → data/congobet_1x2_rounds.json
17:13:58 [INFO] === FIN 17.9s erreurs=aucune ===
17:13:58 [INFO] === DÉBUT CYCLE mode=gng ===
17:13:58 [INFO] === SCRAPE G/NG ===
17:14:07 [WARNING] Impossible de sélectionner G/NG
17:14:37 [INFO] === FIN 39.3s erreurs=aucune ===
17:16:21 [INFO] === DÉBUT CYCLE mode=results ===
17:16:22 [INFO] === SCRAPE RÉSULTATS (version corrigée) ===
17:16:37 [INFO]   5 clics 'Afficher plus'
17:16:41 [INFO] Résultats: 240 → data/cbet_results.json
17:16:41 [INFO] === FIN 19.9s erreurs=aucune ===
18:12:10 [INFO] === DÉBUT CYCLE mode=1x2 ===
18:12:10 [INFO] === SCRAPE 1X2 ===
18:12:18 [INFO] rounds ignorés (timer courant / hors séquence): ['00:32']
18:12:18 [INFO] 9 rounds retenus / 10 total (10 horodatés)
18:12:19 [INFO]   1X2 [18:14]: 10 matchs
18:12:20 [INFO]   1X2 [18:16]: 10 matchs
18:12:22 [INFO]   1X2 [18:18]: 10 matchs
18:12:23 [INFO]   1X2 [18:20]: 10 matchs
18:12:25 [INFO]   1X2 [18:22]: 10 matchs
18:12:26 [INFO]   1X2 [18:24]: 10 matchs
18:12:27 [INFO]   1X2 [18:26]: 10 matchs
18:12:29 [INFO]   1X2 [18:28]: 10 matchs
18:12:30 [INFO]   1X2 [18:30]: 10 matchs
18:12:30 [INFO] 1X2: 9 rounds → data/congobet_1x2_rounds.json
18:12:30 [INFO] === FIN 20.4s erreurs=aucune ===
18:12:30 [INFO] === DÉBUT CYCLE mode=gng ===
18:12:31 [INFO] === SCRAPE G/NG ===
18:12:40 [INFO] rounds ignorés (timer courant / hors séquence): ['00:09']
18:12:40 [INFO] 9 rounds retenus / 10 total (10 horodatés)
18:12:43 [INFO]   G/NG [18:14]: 10 matchs
18:12:46 [INFO]   G/NG [18:16]: 10 matchs
18:12:49 [INFO]   G/NG [18:18]: 10 matchs
18:12:52 [INFO]   G/NG [18:20]: 10 matchs
18:12:55 [INFO]   G/NG [18:22]: 10 matchs
18:12:58 [INFO]   G/NG [18:24]: 10 matchs
18:13:02 [INFO]   G/NG [18:26]: 10 matchs
18:13:05 [INFO]   G/NG [18:28]: 10 matchs
18:13:08 [INFO]   G/NG [18:30]: 10 matchs
18:13:08 [INFO] G/NG: 90 cotes → data/cbet_odds.json
18:13:08 [INFO] === FIN 37.5s erreurs=aucune ===
18:14:51 [INFO] === DÉBUT CYCLE mode=results ===
18:14:51 [INFO] === SCRAPE RÉSULTATS (version corrigée) ===
18:15:04 [INFO]   5 clics 'Afficher plus'
18:15:09 [INFO] Résultats: 240 → data/cbet_results.json
18:15:09 [INFO] === FIN 18.4s erreurs=aucune ===
19:39:03 [INFO] === DÉBUT CYCLE mode=1x2 ===
19:39:04 [INFO] === SCRAPE 1X2 ===
19:39:11 [INFO] rounds ignorés (timer courant / hors séquence): ['00:38']
19:39:11 [INFO] 9 rounds retenus / 10 total (10 horodatés)
19:39:12 [INFO]   1X2 [19:41]: 10 matchs
19:39:14 [INFO]   1X2 [19:43]: 10 matchs
19:39:15 [INFO]   1X2 [19:45]: 10 matchs
19:39:16 [INFO]   1X2 [19:47]: 10 matchs
19:39:17 [INFO]   1X2 [19:49]: 10 matchs
19:39:19 [INFO]   1X2 [19:51]: 10 matchs
19:39:20 [INFO]   1X2 [19:53]: 10 matchs
19:39:21 [INFO]   1X2 [19:55]: 10 matchs
19:39:23 [INFO]   1X2 [19:57]: 10 matchs
19:39:23 [INFO] 1X2: 9 rounds → data/congobet_1x2_rounds.json
19:39:53 [INFO] === FIN 50.1s erreurs=aucune ===
19:39:53 [INFO] === DÉBUT CYCLE mode=gng ===
19:39:55 [INFO] === SCRAPE G/NG ===
19:40:01 [WARNING] Impossible de sélectionner G/NG
19:40:02 [INFO] === FIN 8.2s erreurs=aucune ===
19:41:46 [INFO] === DÉBUT CYCLE mode=results ===
19:41:47 [INFO] === SCRAPE RÉSULTATS (version corrigée) ===
19:41:59 [INFO]   5 clics 'Afficher plus'
19:42:04 [INFO] Résultats: 240 → data/cbet_results.json
19:42:04 [INFO] === FIN 17.5s erreurs=aucune ===
20:32:12 [INFO] === DÉBUT CYCLE mode=1x2 ===
20:32:14 [INFO] === SCRAPE 1X2 ===
20:32:21 [INFO] rounds ignorés (timer courant / hors séquence): ['00:28']
20:32:21 [INFO] 9 rounds retenus / 10 total (10 horodatés)
20:32:23 [INFO]   1X2 [20:34]: 10 matchs
20:32:24 [INFO]   1X2 [20:36]: 10 matchs
20:32:25 [INFO]   1X2 [20:38]: 10 matchs
20:32:27 [INFO]   1X2 [20:40]: 10 matchs
20:32:28 [INFO]   1X2 [20:42]: 10 matchs
20:32:30 [INFO]   1X2 [20:44]: 10 matchs
20:32:31 [INFO]   1X2 [20:46]: 10 matchs
20:32:32 [INFO]   1X2 [20:48]: 10 matchs
20:32:34 [INFO]   1X2 [20:50]: 10 matchs
20:32:34 [INFO] 1X2: 9 rounds → data/congobet_1x2_rounds.json
20:32:34 [INFO] === FIN 21.4s erreurs=aucune ===
20:32:34 [INFO] === DÉBUT CYCLE mode=gng ===
20:32:34 [INFO] === SCRAPE G/NG ===
20:32:43 [INFO] rounds ignorés (timer courant / hors séquence): ['00:06']
20:32:43 [INFO] 9 rounds retenus / 10 total (10 horodatés)
20:32:46 [INFO]   G/NG [20:34]: 10 matchs
20:32:49 [INFO]   G/NG [20:36]: 10 matchs
20:32:52 [INFO]   G/NG [20:38]: 10 matchs
20:32:55 [INFO]   G/NG [20:40]: 10 matchs
20:32:58 [INFO]   G/NG [20:42]: 10 matchs
20:33:01 [INFO]   G/NG [20:44]: 10 matchs
20:33:04 [INFO]   G/NG [20:46]: 10 matchs
20:33:07 [INFO]   G/NG [20:48]: 10 matchs
20:33:11 [INFO]   G/NG [20:50]: 10 matchs
20:33:11 [INFO] G/NG: 90 cotes → data/cbet_odds.json
20:33:11 [INFO] === FIN 36.7s erreurs=aucune ===
20:34:53 [INFO] === DÉBUT CYCLE mode=results ===
20:34:54 [INFO] === SCRAPE RÉSULTATS (version corrigée) ===
20:35:04 [INFO]   3 clics 'Afficher plus'
20:35:06 [INFO] Résultats: 160 → data/cbet_results.json
20:35:06 [INFO] === FIN 13.0s erreurs=aucune ===
21:29:47 [INFO] === DÉBUT CYCLE mode=1x2 ===
21:29:48 [INFO] === SCRAPE 1X2 ===
21:29:56 [WARNING] Impossible de sélectionner 1X2
21:29:56 [INFO] 9 rounds retenus / 10 total (9 horodatés)
21:29:57 [INFO]   1X2 [21:31]: 10 matchs
21:29:59 [INFO]   1X2 [21:33]: 10 matchs
21:30:00 [INFO]   1X2 [21:35]: 10 matchs
21:30:02 [INFO]   1X2 [21:37]: 10 matchs
21:30:03 [INFO]   1X2 [21:39]: 10 matchs
21:30:05 [INFO]   1X2 [21:41]: 10 matchs
21:30:06 [INFO]   1X2 [21:43]: 10 matchs
21:30:07 [INFO]   1X2 [21:45]: 10 matchs
21:30:09 [INFO]   1X2 [21:47]: 10 matchs
21:30:09 [INFO] 1X2: 9 rounds → data/congobet_1x2_rounds.json
21:30:39 [INFO] === FIN 52.0s erreurs=aucune ===
21:30:40 [INFO] === DÉBUT CYCLE mode=gng ===
21:30:40 [INFO] === SCRAPE G/NG ===
21:30:48 [WARNING] Impossible de sélectionner G/NG
21:30:48 [INFO] === FIN 7.7s erreurs=aucune ===
21:32:32 [INFO] === DÉBUT CYCLE mode=results ===
21:32:32 [INFO] === SCRAPE RÉSULTATS (version corrigée) ===
21:32:40 [INFO]   1 clics 'Afficher plus'
21:32:41 [INFO] Résultats: 50 → data/cbet_results.json
21:32:41 [INFO] === FIN 9.2s erreurs=aucune ===
22:26:34 [INFO] === DÉBUT CYCLE mode=1x2 ===
22:26:35 [INFO] === SCRAPE 1X2 ===
22:26:42 [WARNING] Impossible de sélectionner 1X2
22:26:42 [INFO] rounds ignorés (timer courant / hors séquence): ['22:27', '22:29', '22:31', '22:33', '22:35']
22:26:42 [INFO] 4 rounds retenus / 10 total (9 horodatés)
22:26:43 [INFO]   1X2 [22:40]: 10 matchs
22:26:44 [INFO]   1X2 [22:42]: 10 matchs
22:26:46 [INFO]   1X2 [22:44]: 10 matchs
22:26:47 [INFO]   1X2 [22:46]: 10 matchs
22:26:47 [INFO] 1X2: 4 rounds → data/congobet_1x2_rounds.json
22:26:47 [INFO] === FIN 13.4s erreurs=aucune ===
22:26:47 [INFO] === DÉBUT CYCLE mode=gng ===
22:26:48 [INFO] === SCRAPE G/NG ===
22:26:56 [INFO] rounds ignorés (timer courant / hors séquence): ['00:53', '22:29', '22:31', '22:33', '22:35']
22:26:56 [INFO] 5 rounds retenus / 10 total (10 horodatés)
22:26:59 [INFO]   G/NG [22:40]: 10 matchs
22:27:02 [INFO]   G/NG [22:42]: 10 matchs
22:27:05 [INFO]   G/NG [22:44]: 10 matchs
22:27:08 [INFO]   G/NG [22:46]: 10 matchs
22:27:11 [INFO]   G/NG [22:48]: 10 matchs
22:27:11 [INFO] G/NG: 50 cotes → data/cbet_odds.json
22:27:12 [INFO] === FIN 24.1s erreurs=aucune ===
22:28:54 [INFO] === DÉBUT CYCLE mode=results ===
22:28:55 [INFO] === SCRAPE RÉSULTATS (version corrigée) ===
22:29:07 [INFO]   5 clics 'Afficher plus'
22:29:11 [INFO] Résultats: 240 → data/cbet_results.json
22:29:11 [INFO] === FIN 17.1s erreurs=aucune ===
23:26:59 [INFO] === DÉBUT CYCLE mode=1x2 ===
23:27:00 [INFO] === SCRAPE 1X2 ===
23:27:07 [WARNING] Impossible de sélectionner 1X2
23:27:07 [INFO] 9 rounds retenus / 10 total (9 horodatés)
23:27:09 [INFO]   1X2 [23:28]: 10 matchs
23:27:10 [INFO]   1X2 [23:30]: 10 matchs
23:27:11 [INFO]   1X2 [23:32]: 10 matchs
23:27:13 [INFO]   1X2 [23:34]: 10 matchs
23:27:14 [INFO]   1X2 [23:36]: 10 matchs
23:27:16 [INFO]   1X2 [23:38]: 10 matchs
23:27:17 [INFO]   1X2 [23:40]: 10 matchs
23:27:18 [INFO]   1X2 [23:42]: 10 matchs
23:27:20 [INFO]   1X2 [23:44]: 10 matchs
23:27:20 [INFO] 1X2: 9 rounds → data/congobet_1x2_rounds.json
23:27:50 [INFO] === FIN 51.0s erreurs=aucune ===
23:27:50 [INFO] === DÉBUT CYCLE mode=gng ===
23:27:51 [INFO] === SCRAPE G/NG ===
23:28:00 [INFO] rounds ignorés (timer courant / hors séquence): ['00:50']
23:28:00 [INFO] 9 rounds retenus / 10 total (10 horodatés)
23:28:03 [INFO]   G/NG [23:30]: 10 matchs
23:28:06 [INFO]   G/NG [23:32]: 10 matchs
23:28:09 [INFO]   G/NG [23:34]: 10 matchs
23:28:12 [INFO]   G/NG [23:36]: 10 matchs
23:28:15 [INFO]   G/NG [23:38]: 10 matchs
23:28:18 [INFO]   G/NG [23:40]: 10 matchs
23:28:21 [INFO]   G/NG [23:42]: 10 matchs
23:28:24 [INFO]   G/NG [23:44]: 10 matchs
23:28:27 [INFO]   G/NG [23:46]: 10 matchs
23:28:27 [INFO] G/NG: 90 cotes → data/cbet_odds.json
23:28:57 [INFO] === FIN 66.7s erreurs=aucune ===
23:30:40 [INFO] === DÉBUT CYCLE mode=results ===
23:30:41 [INFO] === SCRAPE RÉSULTATS (version corrigée) ===
23:30:53 [INFO]   5 clics 'Afficher plus'
23:30:57 [INFO] Résultats: 240 → data/cbet_results.json
23:31:27 [INFO] === FIN 47.3s erreurs=aucune ===
03:52:54 [INFO] === DÉBUT CYCLE mode=1x2 ===
03:52:55 [INFO] === SCRAPE 1X2 ===
03:53:03 [INFO] rounds ignorés (timer courant / hors séquence): ['03:46']
03:53:03 [INFO] 9 rounds retenus / 10 total (10 horodatés)
03:53:05 [INFO]   1X2 [03:58]: 10 matchs
03:53:06 [INFO]   1X2 [04:00]: 10 matchs
03:53:08 [INFO]   1X2 [04:02]: 10 matchs
03:53:09 [INFO]   1X2 [04:04]: 10 matchs
03:53:10 [INFO]   1X2 [04:06]: 10 matchs
03:53:12 [INFO]   1X2 [04:08]: 10 matchs
03:53:13 [INFO]   1X2 [04:10]: 10 matchs
03:53:14 [INFO]   1X2 [04:12]: 10 matchs
03:53:16 [INFO]   1X2 [04:14]: 10 matchs
03:53:16 [INFO] 1X2: 9 rounds → data/congobet_1x2_rounds.json
03:53:16 [INFO] === FIN 21.6s erreurs=aucune ===
03:53:16 [INFO] === DÉBUT CYCLE mode=gng ===
03:53:16 [INFO] === SCRAPE G/NG ===
03:53:27 [INFO] rounds ignorés (timer courant / hors séquence): ['03:22']
03:53:27 [INFO] 9 rounds retenus / 10 total (10 horodatés)
03:53:30 [INFO]   G/NG [03:58]: 10 matchs
03:53:33 [INFO]   G/NG [04:00]: 10 matchs
03:53:36 [INFO]   G/NG [04:02]: 10 matchs
03:53:39 [INFO]   G/NG [04:04]: 10 matchs
03:53:42 [INFO]   G/NG [04:06]: 10 matchs
03:53:45 [INFO]   G/NG [04:08]: 10 matchs
03:53:48 [INFO]   G/NG [04:10]: 10 matchs
03:53:51 [INFO]   G/NG [04:12]: 10 matchs
03:53:54 [INFO]   G/NG [04:14]: 10 matchs
03:53:54 [INFO] G/NG: 90 cotes → data/cbet_odds.json
03:53:54 [INFO] === FIN 38.5s erreurs=aucune ===
03:55:37 [INFO] === DÉBUT CYCLE mode=results ===
03:55:38 [INFO] === SCRAPE RÉSULTATS (version corrigée) ===
03:55:46 [INFO]   0 clics 'Afficher plus'
03:56:01 [WARNING] Aucun conteneur de résultat trouvé
03:56:01 [INFO] === FIN 23.8s erreurs=aucune ===
06:00:11 [INFO] === DÉBUT CYCLE mode=1x2 ===
06:00:13 [INFO] === SCRAPE 1X2 ===
06:00:19 [WARNING] Impossible de sélectionner 1X2
06:00:20 [INFO] 9 rounds retenus / 10 total (9 horodatés)
06:00:21 [INFO]   1X2 [06:01]: 10 matchs
06:00:22 [INFO]   1X2 [06:03]: 10 matchs
06:00:23 [INFO]   1X2 [06:05]: 10 matchs
06:00:25 [INFO]   1X2 [06:07]: 10 matchs
06:00:26 [INFO]   1X2 [06:09]: 10 matchs
06:00:28 [INFO]   1X2 [06:11]: 10 matchs
06:00:29 [INFO]   1X2 [06:13]: 10 matchs
06:00:30 [INFO]   1X2 [06:15]: 10 matchs
06:00:32 [INFO]   1X2 [06:17]: 10 matchs
06:00:32 [INFO] 1X2: 9 rounds → data/congobet_1x2_rounds.json
06:00:32 [INFO] === FIN 20.7s erreurs=aucune ===
06:00:32 [INFO] === DÉBUT CYCLE mode=gng ===
06:00:32 [INFO] === SCRAPE G/NG ===
06:00:38 [WARNING] Impossible de sélectionner G/NG
06:00:39 [INFO] === FIN 6.6s erreurs=aucune ===
06:02:21 [INFO] === DÉBUT CYCLE mode=results ===
06:02:22 [INFO] === SCRAPE RÉSULTATS (version corrigée) ===
06:02:34 [INFO]   5 clics 'Afficher plus'
06:02:38 [INFO] Résultats: 230 → data/cbet_results.json
06:02:38 [INFO] === FIN 17.1s erreurs=aucune ===
07:55:11 [INFO] === DÉBUT CYCLE mode=1x2 ===
07:55:12 [INFO] === SCRAPE 1X2 ===
07:55:21 [INFO] rounds ignorés (timer courant / hors séquence): ['00:28']
07:55:21 [INFO] 9 rounds retenus / 10 total (10 horodatés)
07:55:22 [INFO]   1X2 [07:57]: 10 matchs
07:55:24 [INFO]   1X2 [07:59]: 10 matchs
07:55:25 [INFO]   1X2 [08:01]: 10 matchs
07:55:27 [INFO]   1X2 [08:03]: 10 matchs
07:55:28 [INFO]   1X2 [08:05]: 10 matchs
07:55:29 [INFO]   1X2 [08:07]: 10 matchs
07:55:31 [INFO]   1X2 [08:09]: 10 matchs
07:55:32 [INFO]   1X2 [08:11]: 10 matchs
07:55:33 [INFO]   1X2 [08:13]: 10 matchs
07:55:33 [INFO] 1X2: 9 rounds → data/congobet_1x2_rounds.json
07:55:34 [INFO] === FIN 22.8s erreurs=aucune ===
07:55:34 [INFO] === DÉBUT CYCLE mode=gng ===
07:55:34 [INFO] === SCRAPE G/NG ===
07:55:45 [INFO] rounds ignorés (timer courant / hors séquence): ['00:04']
07:55:45 [INFO] 9 rounds retenus / 10 total (10 horodatés)
07:55:48 [INFO]   G/NG [07:57]: 10 matchs
07:55:51 [INFO]   G/NG [07:59]: 10 matchs
07:55:54 [INFO]   G/NG [08:01]: 10 matchs
07:55:57 [INFO]   G/NG [08:03]: 10 matchs
07:56:00 [INFO]   G/NG [08:05]: 10 matchs
07:56:03 [INFO]   G/NG [08:07]: 10 matchs
07:56:06 [INFO]   G/NG [08:09]: 10 matchs
07:56:09 [INFO]   G/NG [08:11]: 10 matchs
07:56:12 [INFO]   G/NG [08:13]: 10 matchs
07:56:12 [INFO] G/NG: 90 cotes → data/cbet_odds.json
07:56:13 [INFO] === FIN 38.9s erreurs=aucune ===
07:57:56 [INFO] === DÉBUT CYCLE mode=results ===
07:57:56 [INFO] === SCRAPE RÉSULTATS (version corrigée) ===
07:58:04 [INFO]   0 clics 'Afficher plus'
07:58:05 [INFO] Résultats: 20 → data/cbet_results.json
07:58:35 [INFO] === FIN 39.0s erreurs=aucune ===
09:00:53 [INFO] === DÉBUT CYCLE mode=1x2 ===
09:00:54 [INFO] === SCRAPE 1X2 ===
09:01:01 [INFO] rounds ignorés (timer courant / hors séquence): ['00:48', '09:03', '09:05', '09:07']
09:01:01 [INFO] 6 rounds retenus / 10 total (10 horodatés)
09:01:03 [INFO]   1X2 [09:12]: 10 matchs
09:01:04 [INFO]   1X2 [09:14]: 10 matchs
09:01:05 [INFO]   1X2 [09:16]: 10 matchs
09:01:07 [INFO]   1X2 [09:18]: 10 matchs
09:01:08 [INFO]   1X2 [09:20]: 10 matchs
09:01:10 [INFO]   1X2 [09:22]: 10 matchs
09:01:10 [INFO] 1X2: 6 rounds → data/congobet_1x2_rounds.json
09:01:10 [INFO] === FIN 16.3s erreurs=aucune ===
09:01:10 [INFO] === DÉBUT CYCLE mode=gng ===
09:01:10 [INFO] === SCRAPE G/NG ===
09:01:20 [INFO] rounds ignorés (timer courant / hors séquence): ['00:29', '09:03', '09:05', '09:07']
09:01:20 [INFO] 6 rounds retenus / 10 total (10 horodatés)
09:01:23 [INFO]   G/NG [09:12]: 10 matchs
09:01:26 [INFO]   G/NG [09:14]: 10 matchs
09:01:29 [INFO]   G/NG [09:16]: 10 matchs
09:01:32 [INFO]   G/NG [09:18]: 10 matchs
09:01:35 [INFO]   G/NG [09:20]: 10 matchs
09:01:38 [INFO]   G/NG [09:22]: 10 matchs
09:01:38 [INFO] G/NG: 60 cotes → data/cbet_odds.json
09:01:38 [INFO] === FIN 28.3s erreurs=aucune ===
09:03:21 [INFO] === DÉBUT CYCLE mode=results ===
09:03:21 [INFO] === SCRAPE RÉSULTATS (version corrigée) ===
09:03:35 [INFO]   5 clics 'Afficher plus'
09:03:39 [INFO] Résultats: 240 → data/cbet_results.json
09:03:39 [INFO] === FIN 18.3s erreurs=aucune ===
10:05:51 [INFO] === DÉBUT CYCLE mode=1x2 ===
10:05:51 [INFO] === SCRAPE 1X2 ===
10:05:59 [INFO] rounds ignorés (timer courant / hors séquence): ['00:51']
10:05:59 [INFO] 9 rounds retenus / 10 total (10 horodatés)
10:06:00 [INFO]   1X2 [10:08]: 10 matchs
10:06:01 [INFO]   1X2 [10:10]: 10 matchs
10:06:03 [INFO]   1X2 [10:12]: 10 matchs
10:06:04 [INFO]   1X2 [10:14]: 10 matchs
10:06:06 [INFO]   1X2 [10:16]: 10 matchs
10:06:07 [INFO]   1X2 [10:18]: 10 matchs
10:06:08 [INFO]   1X2 [10:20]: 10 matchs
10:06:10 [INFO]   1X2 [10:22]: 10 matchs
10:06:11 [INFO]   1X2 [10:24]: 10 matchs
10:06:11 [INFO] 1X2: 9 rounds → data/congobet_1x2_rounds.json
10:06:11 [INFO] === FIN 20.6s erreurs=aucune ===
10:06:11 [INFO] === DÉBUT CYCLE mode=gng ===
10:06:12 [INFO] === SCRAPE G/NG ===
10:06:21 [INFO] rounds ignorés (timer courant / hors séquence): ['00:28']
10:06:21 [INFO] 9 rounds retenus / 10 total (10 horodatés)
10:06:24 [INFO]   G/NG [10:08]: 10 matchs
10:06:27 [INFO]   G/NG [10:10]: 10 matchs
10:06:30 [INFO]   G/NG [10:12]: 10 matchs
10:06:33 [INFO]   G/NG [10:14]: 10 matchs
10:06:36 [INFO]   G/NG [10:16]: 10 matchs
10:06:39 [INFO]   G/NG [10:18]: 10 matchs
10:06:42 [INFO]   G/NG [10:20]: 10 matchs
10:06:45 [INFO]   G/NG [10:22]: 10 matchs
10:06:48 [INFO]   G/NG [10:24]: 10 matchs
10:06:48 [INFO] G/NG: 90 cotes → data/cbet_odds.json
10:07:19 [INFO] === FIN 67.3s erreurs=aucune ===
10:09:03 [INFO] === DÉBUT CYCLE mode=results ===
10:09:03 [INFO] === SCRAPE RÉSULTATS (version corrigée) ===
10:09:17 [INFO]   5 clics 'Afficher plus'
10:09:21 [INFO] Résultats: 240 → data/cbet_results.json
10:09:51 [INFO] === FIN 48.1s erreurs=aucune ===
11:03:50 [INFO] === DÉBUT CYCLE mode=1x2 ===
11:03:50 [INFO] === SCRAPE 1X2 ===
11:03:59 [WARNING] Impossible de sélectionner 1X2
11:03:59 [INFO] 9 rounds retenus / 10 total (9 horodatés)
11:04:01 [INFO]   1X2 [11:05]: 10 matchs
11:04:03 [INFO]   1X2 [11:07]: 10 matchs
11:04:05 [INFO]   1X2 [11:09]: 10 matchs
11:04:07 [INFO]   1X2 [11:11]: 10 matchs
11:04:09 [INFO]   1X2 [11:13]: 10 matchs
11:04:10 [INFO]   1X2 [11:15]: 10 matchs
11:04:12 [INFO]   1X2 [11:17]: 10 matchs
11:04:13 [INFO]   1X2 [11:19]: 10 matchs
11:04:15 [INFO]   1X2 [11:21]: 10 matchs
11:04:15 [INFO] 1X2: 9 rounds → data/congobet_1x2_rounds.json
11:04:46 [INFO] === FIN 55.8s erreurs=aucune ===
11:04:50 [INFO] === DÉBUT CYCLE mode=gng ===
11:04:52 [INFO] === SCRAPE G/NG ===
11:05:01 [INFO] rounds ignorés (timer courant / hors séquence): ['00:48']
11:05:01 [INFO] 9 rounds retenus / 10 total (10 horodatés)
11:05:05 [INFO]   G/NG [11:07]: 10 matchs
11:05:08 [INFO]   G/NG [11:09]: 10 matchs
11:05:12 [INFO]   G/NG [11:11]: 10 matchs
11:05:16 [INFO]   G/NG [11:13]: 10 matchs
11:05:19 [INFO]   G/NG [11:15]: 10 matchs
11:05:22 [INFO]   G/NG [11:17]: 10 matchs
11:05:25 [INFO]   G/NG [11:19]: 10 matchs
11:05:29 [INFO]   G/NG [11:21]: 10 matchs
11:05:32 [INFO]   G/NG [11:23]: 10 matchs
11:05:32 [INFO] G/NG: 90 cotes → data/cbet_odds.json
11:05:32 [INFO] === FIN 42.6s erreurs=aucune ===
11:07:15 [INFO] === DÉBUT CYCLE mode=results ===
11:07:16 [INFO] === SCRAPE RÉSULTATS (version corrigée) ===
11:07:29 [INFO]   4 clics 'Afficher plus'
11:07:32 [INFO] Résultats: 180 → data/cbet_results.json
11:08:03 [INFO] === FIN 46.9s erreurs=aucune ===
11:55:44 [INFO] === DÉBUT CYCLE mode=1x2 ===
11:55:44 [INFO] === SCRAPE 1X2 ===
11:55:53 [WARNING] Impossible de sélectionner 1X2
11:55:53 [INFO] 9 rounds retenus / 10 total (9 horodatés)
11:55:55 [INFO]   1X2 [11:56]: 10 matchs
11:55:56 [INFO]   1X2 [11:58]: 10 matchs
11:55:58 [INFO]   1X2 [12:00]: 10 matchs
11:56:00 [INFO]   1X2 [12:02]: 10 matchs
11:56:02 [INFO]   1X2 [12:04]: 10 matchs
11:56:03 [INFO]   1X2 [12:06]: 10 matchs
11:56:04 [INFO]   1X2 [12:08]: 10 matchs
11:56:06 [INFO]   1X2 [12:10]: 10 matchs
11:56:08 [INFO]   1X2 [12:12]: 10 matchs
11:56:08 [INFO] 1X2: 9 rounds → data/congobet_1x2_rounds.json
11:56:08 [INFO] === FIN 23.8s erreurs=aucune ===
11:56:08 [INFO] === DÉBUT CYCLE mode=gng ===
11:56:08 [INFO] === SCRAPE G/NG ===
11:56:19 [INFO] rounds ignorés (timer courant / hors séquence): ['00:30']
11:56:19 [INFO] 9 rounds retenus / 10 total (10 horodatés)
11:56:23 [INFO]   G/NG [11:58]: 10 matchs
11:56:27 [INFO]   G/NG [12:00]: 10 matchs
11:56:31 [INFO]   G/NG [12:02]: 10 matchs
11:56:34 [INFO]   G/NG [12:04]: 10 matchs
11:56:38 [INFO]   G/NG [12:06]: 10 matchs
11:56:42 [INFO]   G/NG [12:08]: 10 matchs
11:56:45 [INFO]   G/NG [12:10]: 10 matchs
11:56:48 [INFO]   G/NG [12:12]: 10 matchs
11:56:51 [INFO]   G/NG [12:14]: 10 matchs
11:56:51 [INFO] G/NG: 90 cotes → data/cbet_odds.json
11:57:21 [INFO] === FIN 73.4s erreurs=aucune ===
11:59:05 [INFO] === DÉBUT CYCLE mode=results ===
11:59:06 [INFO] === SCRAPE RÉSULTATS (version corrigée) ===
11:59:14 [INFO]   0 clics 'Afficher plus'
11:59:15 [INFO] Résultats: 40 → data/cbet_results.json
11:59:46 [INFO] === FIN 39.6s erreurs=aucune ===
13:01:50 [INFO] === DÉBUT CYCLE mode=1x2 ===
13:01:51 [INFO] === SCRAPE 1X2 ===
13:01:59 [INFO] rounds ignorés (timer courant / hors séquence): ['00:50', '13:04']
13:01:59 [INFO] 8 rounds retenus / 10 total (10 horodatés)
13:02:01 [INFO]   1X2 [13:09]: 10 matchs
13:02:02 [INFO]   1X2 [13:11]: 10 matchs
13:02:03 [INFO]   1X2 [13:13]: 10 matchs
13:02:05 [INFO]   1X2 [13:15]: 10 matchs
13:02:07 [INFO]   1X2 [13:17]: 10 matchs
13:02:08 [INFO]   1X2 [13:19]: 10 matchs
13:02:09 [INFO]   1X2 [13:21]: 10 matchs
13:02:11 [INFO]   1X2 [13:23]: 10 matchs
13:02:11 [INFO] 1X2: 8 rounds → data/congobet_1x2_rounds.json
13:02:41 [INFO] === FIN 51.2s erreurs=aucune ===
13:02:41 [INFO] === DÉBUT CYCLE mode=gng ===
13:02:42 [INFO] === SCRAPE G/NG ===
13:02:52 [INFO] rounds ignorés (timer courant / hors séquence): ['13:04']
13:02:52 [INFO] 8 rounds retenus / 10 total (9 horodatés)
13:02:56 [INFO]   G/NG [13:09]: 10 matchs
13:02:59 [INFO]   G/NG [13:11]: 10 matchs
13:03:02 [INFO]   G/NG [13:13]: 10 matchs
13:03:05 [INFO]   G/NG [13:15]: 10 matchs
13:03:08 [INFO]   G/NG [13:17]: 10 matchs
13:03:11 [INFO]   G/NG [13:19]: 10 matchs
13:03:14 [INFO]   G/NG [13:21]: 10 matchs
13:03:18 [INFO]   G/NG [13:23]: 10 matchs
13:03:18 [INFO] G/NG: 80 cotes → data/cbet_odds.json
13:03:18 [INFO] === FIN 36.5s erreurs=aucune ===
13:05:01 [INFO] === DÉBUT CYCLE mode=results ===
13:05:01 [INFO] === SCRAPE RÉSULTATS (version corrigée) ===
13:05:16 [INFO]   5 clics 'Afficher plus'
13:05:20 [INFO] Résultats: 240 → data/cbet_results.json
13:05:20 [INFO] === FIN 19.5s erreurs=aucune ===
14:13:18 [INFO] === DÉBUT CYCLE mode=1x2 ===
14:13:19 [INFO] === SCRAPE 1X2 ===
14:13:27 [INFO] rounds ignorés (timer courant / hors séquence): ['00:22', '14:15', '14:17', '14:19', '14:21', '14:23']
14:13:27 [INFO] 4 rounds retenus / 10 total (10 horodatés)
14:13:29 [INFO]   1X2 [14:28]: 10 matchs
14:13:30 [INFO]   1X2 [14:30]: 10 matchs
14:13:31 [INFO]   1X2 [14:32]: 10 matchs
14:13:33 [INFO]   1X2 [14:34]: 10 matchs
14:13:33 [INFO] 1X2: 4 rounds → data/congobet_1x2_rounds.json
14:13:33 [INFO] === FIN 14.5s erreurs=aucune ===
14:13:33 [INFO] === DÉBUT CYCLE mode=gng ===
14:13:33 [INFO] === SCRAPE G/NG ===
14:13:43 [INFO] rounds ignorés (timer courant / hors séquence): ['00:06', '14:15', '14:17', '14:19', '14:21', '14:23']
14:13:43 [INFO] 4 rounds retenus / 10 total (10 horodatés)
14:13:46 [INFO]   G/NG [14:28]: 10 matchs
14:13:49 [INFO]   G/NG [14:30]: 10 matchs
14:13:52 [INFO]   G/NG [14:32]: 10 matchs
14:13:55 [INFO]   G/NG [14:34]: 10 matchs
14:13:55 [INFO] G/NG: 40 cotes → data/cbet_odds.json
14:14:26 [INFO] === FIN 52.6s erreurs=aucune ===
14:16:10 [INFO] === DÉBUT CYCLE mode=results ===
14:16:11 [INFO] === SCRAPE RÉSULTATS (version corrigée) ===
14:16:24 [INFO]   5 clics 'Afficher plus'
14:16:29 [INFO] Résultats: 240 → data/cbet_results.json
14:16:29 [INFO] === FIN 18.4s erreurs=aucune ===
15:06:19 [INFO] === DÉBUT CYCLE mode=1x2 ===
15:06:20 [INFO] === SCRAPE 1X2 ===
15:06:27 [INFO] rounds ignorés (timer courant / hors séquence): ['00:22']
15:06:27 [INFO] 9 rounds retenus / 10 total (10 horodatés)
15:06:28 [INFO]   1X2 [15:08]: 10 matchs
15:06:29 [INFO]   1X2 [15:10]: 10 matchs
15:06:31 [INFO]   1X2 [15:12]: 10 matchs
15:06:32 [INFO]   1X2 [15:14]: 10 matchs
15:06:34 [INFO]   1X2 [15:16]: 10 matchs
15:06:35 [INFO]   1X2 [15:18]: 10 matchs
15:06:36 [INFO]   1X2 [15:20]: 10 matchs
15:06:38 [INFO]   1X2 [15:22]: 10 matchs
15:06:39 [INFO]   1X2 [15:24]: 10 matchs
15:06:39 [INFO] 1X2: 9 rounds → data/congobet_1x2_rounds.json
15:06:39 [INFO] === FIN 19.7s erreurs=aucune ===
15:06:39 [INFO] === DÉBUT CYCLE mode=gng ===
15:06:40 [INFO] === SCRAPE G/NG ===
15:06:48 [INFO] rounds ignorés (timer courant / hors séquence): ['00:01']
15:06:48 [INFO] 9 rounds retenus / 10 total (10 horodatés)
15:06:51 [INFO]   G/NG [15:08]: 10 matchs
15:06:54 [INFO]   G/NG [15:10]: 10 matchs
15:06:57 [INFO]   G/NG [15:12]: 10 matchs
15:07:01 [INFO]   G/NG [15:14]: 10 matchs
15:07:04 [INFO]   G/NG [15:16]: 10 matchs
15:07:07 [INFO]   G/NG [15:18]: 10 matchs
15:07:10 [INFO]   G/NG [15:20]: 10 matchs
15:07:13 [INFO]   G/NG [15:22]: 10 matchs
15:07:16 [INFO]   G/NG [15:24]: 10 matchs
15:07:16 [INFO] G/NG: 90 cotes → data/cbet_odds.json
15:07:16 [INFO] === FIN 36.9s erreurs=aucune ===
15:08:59 [INFO] === DÉBUT CYCLE mode=results ===
15:09:00 [INFO] === SCRAPE RÉSULTATS (version corrigée) ===
15:09:11 [INFO]   4 clics 'Afficher plus'
15:09:14 [INFO] Résultats: 200 → data/cbet_results.json
15:09:44 [INFO] === FIN 45.1s erreurs=aucune ===
15:58:34 [INFO] === DÉBUT CYCLE mode=1x2 ===
15:58:35 [INFO] === SCRAPE 1X2 ===
15:58:41 [WARNING] Impossible de sélectionner 1X2
15:58:41 [INFO] 9 rounds retenus / 10 total (9 horodatés)
15:58:43 [INFO]   1X2 [15:59]: 10 matchs
15:58:44 [INFO]   1X2 [16:01]: 10 matchs
15:58:46 [INFO]   1X2 [16:03]: 10 matchs
15:58:47 [INFO]   1X2 [16:05]: 10 matchs
15:58:48 [INFO]   1X2 [16:07]: 10 matchs
15:58:50 [INFO]   1X2 [16:09]: 10 matchs
15:58:51 [INFO]   1X2 [16:11]: 10 matchs
15:58:52 [INFO]   1X2 [16:13]: 10 matchs
15:58:54 [INFO]   1X2 [16:15]: 10 matchs
15:58:54 [INFO] 1X2: 9 rounds → data/congobet_1x2_rounds.json
15:58:54 [INFO] === FIN 19.7s erreurs=aucune ===
15:58:54 [INFO] === DÉBUT CYCLE mode=gng ===
15:58:54 [INFO] === SCRAPE G/NG ===
15:59:03 [INFO] rounds ignorés (timer courant / hors séquence): ['00:46']
15:59:03 [INFO] 9 rounds retenus / 10 total (10 horodatés)
15:59:06 [INFO]   G/NG [16:01]: 10 matchs
15:59:09 [INFO]   G/NG [16:03]: 10 matchs
15:59:12 [INFO]   G/NG [16:05]: 10 matchs
15:59:15 [INFO]   G/NG [16:07]: 10 matchs
15:59:18 [INFO]   G/NG [16:09]: 10 matchs
15:59:21 [INFO]   G/NG [16:11]: 10 matchs
15:59:24 [INFO]   G/NG [16:13]: 10 matchs
15:59:27 [INFO]   G/NG [16:15]: 10 matchs
15:59:31 [INFO]   G/NG [16:17]: 10 matchs
15:59:31 [INFO] G/NG: 90 cotes → data/cbet_odds.json
15:59:31 [INFO] === FIN 36.5s erreurs=aucune ===
16:01:13 [INFO] === DÉBUT CYCLE mode=results ===
16:01:14 [INFO] === SCRAPE RÉSULTATS (version corrigée) ===
16:01:35 [INFO]   0 clics 'Afficher plus'
16:01:36 [INFO] Résultats: 40 → data/cbet_results.json
16:01:36 [INFO] === FIN 22.1s erreurs=aucune ===
16:54:45 [INFO] === DÉBUT CYCLE mode=1x2 ===
16:54:45 [INFO] === SCRAPE 1X2 ===
16:54:52 [WARNING] Impossible de sélectionner 1X2
16:54:52 [INFO] rounds ignorés (timer courant / hors séquence): ['16:55', '16:57', '16:59', '17:01']
16:54:52 [INFO] 5 rounds retenus / 10 total (9 horodatés)
16:54:53 [INFO]   1X2 [17:06]: 10 matchs
16:54:55 [INFO]   1X2 [17:08]: 10 matchs
16:54:56 [INFO]   1X2 [17:10]: 10 matchs
16:54:57 [INFO]   1X2 [17:12]: 10 matchs
16:54:59 [INFO]   1X2 [17:14]: 10 matchs
16:54:59 [INFO] 1X2: 5 rounds → data/congobet_1x2_rounds.json
16:54:59 [INFO] === FIN 14.3s erreurs=aucune ===
16:54:59 [INFO] === DÉBUT CYCLE mode=gng ===
16:54:59 [INFO] === SCRAPE G/NG ===
16:55:08 [INFO] rounds ignorés (timer courant / hors séquence): ['00:41', '16:57', '16:59', '17:01']
16:55:08 [INFO] 6 rounds retenus / 10 total (10 horodatés)
16:55:11 [INFO]   G/NG [17:06]: 10 matchs
16:55:14 [INFO]   G/NG [17:08]: 10 matchs
16:55:17 [INFO]   G/NG [17:10]: 10 matchs
16:55:20 [INFO]   G/NG [17:12]: 10 matchs
16:55:23 [INFO]   G/NG [17:14]: 10 matchs
16:55:26 [INFO]   G/NG [17:16]: 10 matchs
16:55:26 [INFO] G/NG: 60 cotes → data/cbet_odds.json
16:55:56 [INFO] === FIN 57.4s erreurs=aucune ===
16:57:40 [INFO] === DÉBUT CYCLE mode=results ===
16:57:40 [INFO] === SCRAPE RÉSULTATS (version corrigée) ===
16:57:52 [INFO]   5 clics 'Afficher plus'
16:57:57 [INFO] Résultats: 240 → data/cbet_results.json
16:58:27 [INFO] === FIN 47.2s erreurs=aucune ===
17:39:44 [INFO] === DÉBUT CYCLE mode=1x2 ===
17:39:45 [INFO] === SCRAPE 1X2 ===
17:39:52 [WARNING] Impossible de sélectionner 1X2
17:39:52 [INFO] 9 rounds retenus / 10 total (9 horodatés)
17:39:54 [INFO]   1X2 [17:40]: 10 matchs
17:39:55 [INFO]   1X2 [17:42]: 10 matchs
17:39:57 [INFO]   1X2 [17:44]: 10 matchs
17:39:58 [INFO]   1X2 [17:46]: 10 matchs
17:39:59 [INFO]   1X2 [17:48]: 10 matchs
17:40:01 [INFO]   1X2 [17:50]: 10 matchs
17:40:02 [INFO]   1X2 [17:52]: 10 matchs
17:40:03 [INFO]   1X2 [17:54]: 10 matchs
17:40:05 [INFO]   1X2 [17:56]: 10 matchs
17:40:05 [INFO] 1X2: 9 rounds → data/congobet_1x2_rounds.json
17:40:35 [INFO] === FIN 51.3s erreurs=aucune ===
17:40:35 [INFO] === DÉBUT CYCLE mode=gng ===
17:40:35 [INFO] === SCRAPE G/NG ===
17:40:45 [INFO] rounds ignorés (timer courant / hors séquence): ['00:05']
17:40:45 [INFO] 9 rounds retenus / 10 total (10 horodatés)
17:40:48 [INFO]   G/NG [17:42]: 10 matchs
17:40:51 [INFO]   G/NG [17:44]: 10 matchs
17:40:54 [INFO]   G/NG [17:46]: 10 matchs
17:40:57 [INFO]   G/NG [17:48]: 10 matchs
17:41:00 [INFO]   G/NG [17:50]: 10 matchs
17:41:03 [INFO]   G/NG [17:52]: 10 matchs
17:41:06 [INFO]   G/NG [17:54]: 10 matchs
17:41:09 [INFO]   G/NG [17:56]: 10 matchs
17:41:12 [INFO]   G/NG [17:58]: 10 matchs
17:41:12 [INFO] G/NG: 90 cotes → data/cbet_odds.json
17:41:12 [INFO] === FIN 37.4s erreurs=aucune ===
17:42:55 [INFO] === DÉBUT CYCLE mode=results ===
17:42:56 [INFO] === SCRAPE RÉSULTATS (version corrigée) ===
17:43:07 [INFO]   4 clics 'Afficher plus'
17:43:10 [INFO] Résultats: 180 → data/cbet_results.json
17:43:41 [INFO] === FIN 45.3s erreurs=aucune ===
18:35:10 [INFO] === DÉBUT CYCLE mode=1x2 ===
18:35:11 [INFO] === SCRAPE 1X2 ===
18:35:18 [INFO] rounds ignorés (timer courant / hors séquence): ['00:31']
18:35:18 [INFO] 9 rounds retenus / 10 total (10 horodatés)
18:35:20 [INFO]   1X2 [18:37]: 10 matchs
18:35:21 [INFO]   1X2 [18:39]: 10 matchs
18:35:22 [INFO]   1X2 [18:41]: 10 matchs
18:35:24 [INFO]   1X2 [18:43]: 10 matchs
18:35:25 [INFO]   1X2 [18:45]: 10 matchs
18:35:27 [INFO]   1X2 [18:47]: 10 matchs
18:35:28 [INFO]   1X2 [18:49]: 10 matchs
18:35:29 [INFO]   1X2 [18:51]: 10 matchs
18:35:31 [INFO]   1X2 [18:53]: 10 matchs
18:35:31 [INFO] 1X2: 9 rounds → data/congobet_1x2_rounds.json
18:35:31 [INFO] === FIN 20.6s erreurs=aucune ===
18:35:31 [INFO] === DÉBUT CYCLE mode=gng ===
18:35:31 [INFO] === SCRAPE G/NG ===
18:35:41 [INFO] rounds ignorés (timer courant / hors séquence): ['00:08']
18:35:41 [INFO] 9 rounds retenus / 10 total (10 horodatés)
18:35:44 [INFO]   G/NG [18:37]: 10 matchs
18:35:47 [INFO]   G/NG [18:39]: 10 matchs
18:35:50 [INFO]   G/NG [18:41]: 10 matchs
18:35:53 [INFO]   G/NG [18:43]: 10 matchs
18:35:56 [INFO]   G/NG [18:45]: 10 matchs
18:35:59 [INFO]   G/NG [18:47]: 10 matchs
18:36:02 [INFO]   G/NG [18:49]: 10 matchs
18:36:05 [INFO]   G/NG [18:51]: 10 matchs
18:36:08 [INFO]   G/NG [18:53]: 10 matchs
18:36:08 [INFO] G/NG: 90 cotes → data/cbet_odds.json
18:36:08 [INFO] === FIN 37.6s erreurs=aucune ===
18:37:52 [INFO] === DÉBUT CYCLE mode=results ===
18:37:52 [INFO] === SCRAPE RÉSULTATS (version corrigée) ===
18:38:00 [INFO]   1 clics 'Afficher plus'
18:38:01 [INFO] Résultats: 60 → data/cbet_results.json
18:38:31 [INFO] === FIN 39.6s erreurs=aucune ===
19:39:26 [INFO] === DÉBUT CYCLE mode=1x2 ===
19:39:27 [INFO] === SCRAPE 1X2 ===
19:39:33 [INFO] rounds ignorés (timer courant / hors séquence): ['00:16']
19:39:33 [INFO] 9 rounds retenus / 10 total (10 horodatés)
19:39:34 [INFO]   1X2 [19:44]: 10 matchs
19:39:35 [INFO]   1X2 [19:46]: 10 matchs
19:39:37 [INFO]   1X2 [19:48]: 10 matchs
19:39:38 [INFO]   1X2 [19:50]: 10 matchs
19:39:39 [INFO]   1X2 [19:52]: 10 matchs
19:39:41 [INFO]   1X2 [19:54]: 10 matchs
19:39:42 [INFO]   1X2 [19:56]: 10 matchs
19:39:44 [INFO]   1X2 [19:58]: 10 matchs
19:39:45 [INFO]   1X2 [20:00]: 10 matchs
19:39:45 [INFO] 1X2: 9 rounds → data/congobet_1x2_rounds.json
19:39:45 [INFO] === FIN 19.5s erreurs=aucune ===
19:39:45 [INFO] === DÉBUT CYCLE mode=gng ===
19:39:46 [INFO] === SCRAPE G/NG ===
19:39:54 [INFO] 9 rounds retenus / 10 total (9 horodatés)
19:39:57 [INFO]   G/NG [19:44]: 10 matchs
19:40:00 [INFO]   G/NG [19:46]: 10 matchs
19:40:03 [INFO]   G/NG [19:48]: 10 matchs
19:40:05 [INFO]   G/NG [19:50]: 10 matchs
19:40:09 [INFO]   G/NG [19:52]: 10 matchs
19:40:12 [INFO]   G/NG [19:54]: 10 matchs
19:40:15 [INFO]   G/NG [19:56]: 10 matchs
19:40:18 [INFO]   G/NG [19:58]: 10 matchs
19:40:21 [INFO]   G/NG [20:00]: 10 matchs
19:40:21 [INFO] G/NG: 90 cotes → data/cbet_odds.json
19:40:51 [INFO] === FIN 65.8s erreurs=aucune ===
19:42:34 [INFO] === DÉBUT CYCLE mode=results ===
19:42:34 [INFO] === SCRAPE RÉSULTATS (version corrigée) ===
19:42:40 [INFO]   0 clics 'Afficher plus'
19:42:55 [WARNING] Aucun conteneur de résultat trouvé
19:43:25 [INFO] === FIN 51.3s erreurs=aucune ===
20:23:05 [INFO] === DÉBUT CYCLE mode=1x2 ===
20:23:07 [INFO] === SCRAPE 1X2 ===
20:23:15 [WARNING] Impossible de sélectionner 1X2
20:23:15 [INFO] 9 rounds retenus / 10 total (9 horodatés)
20:23:17 [INFO]   1X2 [20:24]: 10 matchs
20:23:18 [INFO]   1X2 [20:26]: 10 matchs
20:23:20 [INFO]   1X2 [20:28]: 10 matchs
20:23:21 [INFO]   1X2 [20:30]: 10 matchs
20:23:22 [INFO]   1X2 [20:32]: 10 matchs
20:23:24 [INFO]   1X2 [20:34]: 10 matchs
20:23:25 [INFO]   1X2 [20:36]: 10 matchs
20:23:27 [INFO]   1X2 [20:38]: 10 matchs
20:23:28 [INFO]   1X2 [20:40]: 10 matchs
20:23:28 [INFO] 1X2: 9 rounds → data/congobet_1x2_rounds.json
20:23:28 [INFO] === FIN 22.8s erreurs=aucune ===
20:23:28 [INFO] === DÉBUT CYCLE mode=gng ===
20:23:29 [INFO] === SCRAPE G/NG ===
20:23:37 [WARNING] Impossible de sélectionner G/NG
20:24:08 [INFO] === FIN 38.7s erreurs=aucune ===
20:25:53 [INFO] === DÉBUT CYCLE mode=results ===
20:25:53 [INFO] === SCRAPE RÉSULTATS (version corrigée) ===
20:26:07 [INFO]   5 clics 'Afficher plus'
20:26:10 [INFO] Résultats: 210 → data/cbet_results.json
20:26:41 [INFO] === FIN 47.8s erreurs=aucune ===
21:05:03 [INFO] === DÉBUT CYCLE mode=1x2 ===
21:05:05 [INFO] === SCRAPE 1X2 ===
21:05:13 [INFO] rounds ignorés (timer courant / hors séquence): ['00:36']
21:05:13 [INFO] 9 rounds retenus / 10 total (10 horodatés)
21:05:15 [INFO]   1X2 [21:07]: 10 matchs
21:05:16 [INFO]   1X2 [21:09]: 10 matchs
21:05:17 [INFO]   1X2 [21:11]: 10 matchs
21:05:19 [INFO]   1X2 [21:13]: 10 matchs
21:05:20 [INFO]   1X2 [21:15]: 10 matchs
21:05:21 [INFO]   1X2 [21:17]: 10 matchs
21:05:23 [INFO]   1X2 [21:19]: 10 matchs
21:05:24 [INFO]   1X2 [21:21]: 10 matchs
21:05:26 [INFO]   1X2 [21:23]: 10 matchs
21:05:26 [INFO] 1X2: 9 rounds → data/congobet_1x2_rounds.json
21:05:26 [INFO] === FIN 22.4s erreurs=aucune ===
21:05:26 [INFO] === DÉBUT CYCLE mode=gng ===
21:05:26 [INFO] === SCRAPE G/NG ===
21:05:37 [INFO] rounds ignorés (timer courant / hors séquence): ['00:12']
21:05:37 [INFO] 9 rounds retenus / 10 total (10 horodatés)
21:05:40 [INFO]   G/NG [21:07]: 10 matchs
21:05:43 [INFO]   G/NG [21:09]: 10 matchs
21:05:46 [INFO]   G/NG [21:11]: 10 matchs
21:05:49 [INFO]   G/NG [21:13]: 10 matchs
21:05:52 [INFO]   G/NG [21:15]: 10 matchs
21:05:55 [INFO]   G/NG [21:17]: 10 matchs
21:05:58 [INFO]   G/NG [21:19]: 10 matchs
21:06:01 [INFO]   G/NG [21:21]: 10 matchs
21:06:04 [INFO]   G/NG [21:23]: 10 matchs
21:06:04 [INFO] G/NG: 90 cotes → data/cbet_odds.json
21:06:05 [INFO] === FIN 38.8s erreurs=aucune ===
21:07:48 [INFO] === DÉBUT CYCLE mode=results ===
21:07:48 [INFO] === SCRAPE RÉSULTATS (version corrigée) ===
21:07:56 [INFO]   0 clics 'Afficher plus'
21:07:57 [INFO] Résultats: 20 → data/cbet_results.json
21:08:28 [INFO] === FIN 39.2s erreurs=aucune ===
21:55:50 [INFO] === DÉBUT CYCLE mode=1x2 ===
21:55:51 [INFO] === SCRAPE 1X2 ===
21:55:59 [WARNING] Impossible de sélectionner 1X2
21:55:59 [INFO] 9 rounds retenus / 10 total (9 horodatés)
21:56:01 [INFO]   1X2 [21:57]: 10 matchs
21:56:02 [INFO]   1X2 [21:59]: 10 matchs
21:56:03 [INFO]   1X2 [22:01]: 10 matchs
21:56:05 [INFO]   1X2 [22:03]: 10 matchs
21:56:06 [INFO]   1X2 [22:05]: 10 matchs
21:56:08 [INFO]   1X2 [22:07]: 10 matchs
21:56:09 [INFO]   1X2 [22:09]: 10 matchs
21:56:10 [INFO]   1X2 [22:11]: 10 matchs
21:56:12 [INFO]   1X2 [22:13]: 10 matchs
21:56:12 [INFO] 1X2: 9 rounds → data/congobet_1x2_rounds.json
21:56:12 [INFO] === FIN 21.7s erreurs=aucune ===
21:56:12 [INFO] === DÉBUT CYCLE mode=gng ===
21:56:12 [INFO] === SCRAPE G/NG ===
21:56:21 [WARNING] Impossible de sélectionner G/NG
21:56:51 [INFO] === FIN 38.7s erreurs=aucune ===
21:58:34 [INFO] === DÉBUT CYCLE mode=results ===
21:58:34 [INFO] === SCRAPE RÉSULTATS (version corrigée) ===
21:58:49 [INFO]   5 clics 'Afficher plus'
21:58:53 [INFO] Résultats: 240 → data/cbet_results.json
21:59:23 [INFO] === FIN 49.5s erreurs=aucune ===
22:36:44 [INFO] === DÉBUT CYCLE mode=1x2 ===
22:36:45 [INFO] === SCRAPE 1X2 ===
22:36:52 [INFO] 9 rounds retenus / 10 total (9 horodatés)
22:36:53 [INFO]   1X2 [22:38]: 10 matchs
22:36:54 [INFO]   1X2 [22:40]: 10 matchs
22:36:56 [INFO]   1X2 [22:42]: 10 matchs
22:36:57 [INFO]   1X2 [22:44]: 10 matchs
22:36:58 [INFO]   1X2 [22:46]: 10 matchs
22:37:00 [INFO]   1X2 [22:48]: 10 matchs
22:37:01 [INFO]   1X2 [22:50]: 10 matchs
22:37:03 [INFO]   1X2 [22:52]: 10 matchs
22:37:04 [INFO]   1X2 [22:54]: 10 matchs
22:37:04 [INFO] 1X2: 9 rounds → data/congobet_1x2_rounds.json
22:37:34 [INFO] === FIN 50.4s erreurs=aucune ===
22:37:37 [INFO] === DÉBUT CYCLE mode=gng ===
22:37:38 [INFO] === SCRAPE G/NG ===
22:37:44 [WARNING] Impossible de sélectionner G/NG
22:37:44 [INFO] === FIN 7.4s erreurs=aucune ===
22:39:30 [INFO] === DÉBUT CYCLE mode=results ===
22:39:30 [INFO] === SCRAPE RÉSULTATS (version corrigée) ===
22:39:37 [INFO]   1 clics 'Afficher plus'
22:39:39 [INFO] Résultats: 80 → data/cbet_results.json
22:40:09 [INFO] === FIN 38.9s erreurs=aucune ===
23:24:57 [INFO] === DÉBUT CYCLE mode=1x2 ===
23:24:59 [INFO] === SCRAPE 1X2 ===
23:25:06 [WARNING] Impossible de sélectionner 1X2
23:25:06 [INFO] rounds ignorés (timer courant / hors séquence): ['23:26', '23:28', '23:30', '23:32', '23:34', '23:36']
23:25:06 [INFO] 3 rounds retenus / 10 total (9 horodatés)
23:25:07 [INFO]   1X2 [23:41]: 10 matchs
23:25:09 [INFO]   1X2 [23:43]: 10 matchs
23:25:10 [INFO]   1X2 [23:45]: 10 matchs
23:25:10 [INFO] 1X2: 3 rounds → data/congobet_1x2_rounds.json
23:25:40 [INFO] === FIN 43.2s erreurs=aucune ===
23:25:41 [INFO] === DÉBUT CYCLE mode=gng ===
23:25:41 [INFO] === SCRAPE G/NG ===
23:25:47 [WARNING] Impossible de sélectionner G/NG
23:25:47 [INFO] === FIN 6.8s erreurs=aucune ===
23:27:33 [INFO] === DÉBUT CYCLE mode=results ===
23:27:33 [INFO] === SCRAPE RÉSULTATS (version corrigée) ===
23:27:46 [INFO]   5 clics 'Afficher plus'
23:27:50 [INFO] Résultats: 240 → data/cbet_results.json
23:28:20 [INFO] === FIN 47.4s erreurs=aucune ===
00:06:37 [INFO] === DÉBUT CYCLE mode=1x2 ===
00:06:37 [INFO] === SCRAPE 1X2 ===
00:06:44 [WARNING] Impossible de sélectionner 1X2
00:06:44 [INFO] 9 rounds retenus / 10 total (9 horodatés)
00:06:46 [INFO]   1X2 [00:07]: 10 matchs
00:06:47 [INFO]   1X2 [00:09]: 10 matchs
00:06:49 [INFO]   1X2 [00:11]: 10 matchs
00:06:50 [INFO]   1X2 [00:13]: 10 matchs
00:06:51 [INFO]   1X2 [00:15]: 10 matchs
00:06:53 [INFO]   1X2 [00:17]: 10 matchs
00:06:54 [INFO]   1X2 [00:19]: 10 matchs
00:06:56 [INFO]   1X2 [00:21]: 10 matchs
00:06:57 [INFO]   1X2 [00:23]: 10 matchs
00:06:57 [INFO] 1X2: 9 rounds → data/congobet_1x2_rounds.json
00:07:27 [INFO] === FIN 50.4s erreurs=aucune ===
00:07:27 [INFO] === DÉBUT CYCLE mode=gng ===
00:07:28 [INFO] === SCRAPE G/NG ===
00:07:37 [INFO] rounds ignorés (timer courant / hors séquence): ['00:13']
00:07:37 [INFO] 9 rounds retenus / 10 total (10 horodatés)
00:07:40 [INFO]   G/NG [00:09]: 10 matchs
00:07:43 [INFO]   G/NG [00:11]: 10 matchs
00:07:46 [INFO]   G/NG [00:13]: 10 matchs
00:07:49 [INFO]   G/NG [00:15]: 10 matchs
00:07:52 [INFO]   G/NG [00:17]: 10 matchs
00:07:55 [INFO]   G/NG [00:19]: 10 matchs
00:07:58 [INFO]   G/NG [00:21]: 10 matchs
00:08:01 [INFO]   G/NG [00:23]: 10 matchs
00:08:04 [INFO]   G/NG [00:25]: 10 matchs
00:08:04 [INFO] G/NG: 90 cotes → data/cbet_odds.json
00:08:35 [INFO] === FIN 67.4s erreurs=aucune ===
00:10:22 [INFO] === DÉBUT CYCLE mode=results ===
00:10:22 [INFO] === SCRAPE RÉSULTATS (version corrigée) ===
00:10:33 [INFO]   3 clics 'Afficher plus'
00:10:35 [INFO] Résultats: 140 → data/cbet_results.json
00:11:05 [INFO] === FIN 43.3s erreurs=aucune ===
04:08:18 [INFO] === DÉBUT CYCLE mode=1x2 ===
04:08:19 [INFO] === SCRAPE 1X2 ===
04:08:28 [INFO] rounds ignorés (timer courant / hors séquence): ['00:22']
04:08:28 [INFO] 9 rounds retenus / 10 total (10 horodatés)
04:08:29 [INFO]   1X2 [04:10]: 10 matchs
04:08:31 [INFO]   1X2 [04:12]: 10 matchs
04:08:32 [INFO]   1X2 [04:14]: 10 matchs
04:08:33 [INFO]   1X2 [04:16]: 10 matchs
04:08:35 [INFO]   1X2 [04:18]: 10 matchs
04:08:36 [INFO]   1X2 [04:20]: 10 matchs
04:08:37 [INFO]   1X2 [04:22]: 10 matchs
04:08:39 [INFO]   1X2 [04:24]: 10 matchs
04:08:40 [INFO]   1X2 [04:26]: 10 matchs
04:08:40 [INFO] 1X2: 9 rounds → data/congobet_1x2_rounds.json
04:08:40 [INFO] === FIN 22.4s erreurs=aucune ===
04:08:40 [INFO] === DÉBUT CYCLE mode=gng ===
04:08:41 [INFO] === SCRAPE G/NG ===
04:08:51 [INFO] 9 rounds retenus / 10 total (9 horodatés)
04:08:54 [INFO]   G/NG [04:10]: 10 matchs
04:08:58 [INFO]   G/NG [04:12]: 10 matchs
04:09:01 [INFO]   G/NG [04:14]: 10 matchs
04:09:04 [INFO]   G/NG [04:16]: 10 matchs
04:09:07 [INFO]   G/NG [04:18]: 10 matchs
04:09:10 [INFO]   G/NG [04:20]: 10 matchs
04:09:13 [INFO]   G/NG [04:22]: 10 matchs
04:09:16 [INFO]   G/NG [04:24]: 10 matchs
04:09:19 [INFO]   G/NG [04:26]: 10 matchs
04:09:19 [INFO] G/NG: 90 cotes → data/cbet_odds.json
04:09:19 [INFO] === FIN 38.9s erreurs=aucune ===
04:11:02 [INFO] === DÉBUT CYCLE mode=results ===
04:11:03 [INFO] === SCRAPE RÉSULTATS (version corrigée) ===
04:11:15 [INFO]   3 clics 'Afficher plus'
04:11:17 [INFO] Résultats: 160 → data/cbet_results.json
04:11:48 [INFO] === FIN 45.3s erreurs=aucune ===
06:37:52 [INFO] === DÉBUT CYCLE mode=1x2 ===
06:37:53 [INFO] === SCRAPE 1X2 ===
06:38:02 [INFO] rounds ignorés (timer courant / hors séquence): ['00:48']
06:38:02 [INFO] 9 rounds retenus / 10 total (10 horodatés)
06:38:03 [INFO]   1X2 [06:40]: 10 matchs
06:38:04 [INFO]   1X2 [06:42]: 10 matchs
06:38:06 [INFO]   1X2 [06:44]: 10 matchs
06:38:07 [INFO]   1X2 [06:46]: 10 matchs
06:38:08 [INFO]   1X2 [06:48]: 10 matchs
06:38:10 [INFO]   1X2 [06:50]: 10 matchs
06:38:11 [INFO]   1X2 [06:52]: 10 matchs
06:38:13 [INFO]   1X2 [06:54]: 10 matchs
06:38:14 [INFO]   1X2 [06:56]: 10 matchs
06:38:14 [INFO] 1X2: 9 rounds → data/congobet_1x2_rounds.json
06:38:14 [INFO] === FIN 22.3s erreurs=aucune ===
06:38:14 [INFO] === DÉBUT CYCLE mode=gng ===
06:38:15 [INFO] === SCRAPE G/NG ===
06:38:24 [INFO] rounds ignorés (timer courant / hors séquence): ['00:25']
06:38:24 [INFO] 9 rounds retenus / 10 total (10 horodatés)
06:38:27 [INFO]   G/NG [06:40]: 10 matchs
06:38:30 [INFO]   G/NG [06:42]: 10 matchs
06:38:33 [INFO]   G/NG [06:44]: 10 matchs
06:38:36 [INFO]   G/NG [06:46]: 10 matchs
06:38:39 [INFO]   G/NG [06:48]: 10 matchs
06:38:42 [INFO]   G/NG [06:50]: 10 matchs
06:38:45 [INFO]   G/NG [06:52]: 10 matchs
06:38:48 [INFO]   G/NG [06:54]: 10 matchs
06:38:51 [INFO]   G/NG [06:56]: 10 matchs
06:38:51 [INFO] G/NG: 90 cotes → data/cbet_odds.json
06:38:51 [INFO] === FIN 37.2s erreurs=aucune ===
06:40:34 [INFO] === DÉBUT CYCLE mode=results ===
06:40:35 [INFO] === SCRAPE RÉSULTATS (version corrigée) ===
06:40:44 [INFO]   2 clics 'Afficher plus'
06:40:46 [INFO] Résultats: 120 → data/cbet_results.json
06:40:46 [INFO] === FIN 12.0s erreurs=aucune ===
08:23:23 [INFO] === DÉBUT CYCLE mode=1x2 ===
08:23:23 [INFO] === SCRAPE 1X2 ===
08:23:30 [INFO] rounds ignorés (timer courant / hors séquence): ['00:19']
08:23:30 [INFO] 9 rounds retenus / 10 total (10 horodatés)
08:23:32 [INFO]   1X2 [08:25]: 10 matchs
08:23:33 [INFO]   1X2 [08:27]: 10 matchs
08:23:34 [INFO]   1X2 [08:29]: 10 matchs
08:23:36 [INFO]   1X2 [08:31]: 10 matchs
08:23:37 [INFO]   1X2 [08:33]: 10 matchs
08:23:38 [INFO]   1X2 [08:35]: 10 matchs
08:23:40 [INFO]   1X2 [08:37]: 10 matchs
08:23:41 [INFO]   1X2 [08:39]: 10 matchs
08:23:43 [INFO]   1X2 [08:41]: 10 matchs
08:23:43 [INFO] 1X2: 9 rounds → data/congobet_1x2_rounds.json
08:23:43 [INFO] === FIN 20.0s erreurs=aucune ===
08:23:43 [INFO] === DÉBUT CYCLE mode=gng ===
08:23:43 [INFO] === SCRAPE G/NG ===
08:23:52 [INFO] 9 rounds retenus / 10 total (9 horodatés)
08:23:55 [INFO]   G/NG [08:25]: 10 matchs
08:23:58 [INFO]   G/NG [08:27]: 10 matchs
08:24:02 [INFO]   G/NG [08:29]: 10 matchs
08:24:05 [INFO]   G/NG [08:31]: 10 matchs
08:24:08 [INFO]   G/NG [08:33]: 10 matchs
08:24:11 [INFO]   G/NG [08:35]: 10 matchs
08:24:14 [INFO]   G/NG [08:37]: 10 matchs
08:24:17 [INFO]   G/NG [08:39]: 10 matchs
08:24:20 [INFO]   G/NG [08:41]: 10 matchs
08:24:20 [INFO] G/NG: 90 cotes → data/cbet_odds.json
08:24:50 [INFO] === FIN 67.6s erreurs=aucune ===
08:26:38 [INFO] === DÉBUT CYCLE mode=results ===
08:26:38 [INFO] === SCRAPE RÉSULTATS (version corrigée) ===
08:26:51 [INFO]   5 clics 'Afficher plus'
08:26:56 [INFO] Résultats: 230 → data/cbet_results.json
08:27:26 [INFO] === FIN 47.9s erreurs=aucune ===
09:44:16 [INFO] === DÉBUT CYCLE mode=1x2 ===
09:44:17 [INFO] === SCRAPE 1X2 ===
09:44:25 [INFO] rounds ignorés (timer courant / hors séquence): ['00:24']
09:44:25 [INFO] 9 rounds retenus / 10 total (10 horodatés)
09:44:27 [INFO]   1X2 [09:46]: 10 matchs
09:44:28 [INFO]   1X2 [09:48]: 10 matchs
09:44:30 [INFO]   1X2 [09:50]: 10 matchs
09:44:31 [INFO]   1X2 [09:52]: 10 matchs
09:44:32 [INFO]   1X2 [09:54]: 10 matchs
09:44:34 [INFO]   1X2 [09:56]: 10 matchs
09:44:35 [INFO]   1X2 [09:58]: 10 matchs
09:44:36 [INFO]   1X2 [10:00]: 10 matchs
09:44:38 [INFO]   1X2 [10:02]: 10 matchs
09:44:38 [INFO] 1X2: 9 rounds → data/congobet_1x2_rounds.json
09:45:09 [INFO] === FIN 51.8s erreurs=aucune ===
09:45:09 [INFO] === DÉBUT CYCLE mode=gng ===
09:45:09 [INFO] === SCRAPE G/NG ===
09:45:18 [WARNING] Impossible de sélectionner G/NG
09:45:49 [INFO] === FIN 39.6s erreurs=aucune ===
09:47:35 [INFO] === DÉBUT CYCLE mode=results ===
09:47:35 [INFO] === SCRAPE RÉSULTATS (version corrigée) ===
09:47:50 [INFO]   5 clics 'Afficher plus'
09:47:55 [INFO] Résultats: 240 → data/cbet_results.json
09:47:55 [INFO] === FIN 19.7s erreurs=aucune ===
10:38:28 [INFO] === DÉBUT CYCLE mode=1x2 ===
10:38:28 [INFO] === SCRAPE 1X2 ===
10:38:37 [WARNING] Impossible de sélectionner 1X2
10:38:37 [INFO] 9 rounds retenus / 10 total (9 horodatés)
10:38:38 [INFO]   1X2 [10:39]: 10 matchs
10:38:40 [INFO]   1X2 [10:41]: 10 matchs
10:38:41 [INFO]   1X2 [10:43]: 10 matchs
10:38:42 [INFO]   1X2 [10:45]: 10 matchs
10:38:44 [INFO]   1X2 [10:47]: 10 matchs
10:38:45 [INFO]   1X2 [10:49]: 10 matchs
10:38:47 [INFO]   1X2 [10:51]: 10 matchs
10:38:48 [INFO]   1X2 [10:53]: 10 matchs
10:38:49 [INFO]   1X2 [10:55]: 10 matchs
10:38:49 [INFO] 1X2: 9 rounds → data/congobet_1x2_rounds.json
10:39:20 [INFO] === FIN 51.9s erreurs=aucune ===
10:39:20 [INFO] === DÉBUT CYCLE mode=gng ===
10:39:21 [INFO] === SCRAPE G/NG ===
10:39:31 [INFO] rounds ignorés (timer courant / hors séquence): ['00:17']
10:39:31 [INFO] 9 rounds retenus / 10 total (10 horodatés)
10:39:35 [INFO]   G/NG [10:41]: 10 matchs
10:39:38 [INFO]   G/NG [10:43]: 10 matchs
10:39:41 [INFO]   G/NG [10:45]: 10 matchs
10:39:44 [INFO]   G/NG [10:47]: 10 matchs
10:39:47 [INFO]   G/NG [10:49]: 10 matchs
10:39:50 [INFO]   G/NG [10:51]: 10 matchs
10:39:53 [INFO]   G/NG [10:53]: 10 matchs
10:39:56 [INFO]   G/NG [10:55]: 10 matchs
10:39:59 [INFO]   G/NG [10:57]: 10 matchs
10:39:59 [INFO] G/NG: 90 cotes → data/cbet_odds.json
10:39:59 [INFO] === FIN 39.1s erreurs=aucune ===
10:41:43 [INFO] === DÉBUT CYCLE mode=results ===
10:41:43 [INFO] === SCRAPE RÉSULTATS (version corrigée) ===
10:41:55 [INFO]   3 clics 'Afficher plus'
10:41:58 [INFO] Résultats: 140 → data/cbet_results.json
10:41:58 [INFO] === FIN 15.0s erreurs=aucune ===
11:25:07 [INFO] === DÉBUT CYCLE mode=1x2 ===
11:25:09 [INFO] === SCRAPE 1X2 ===
11:25:15 [INFO] rounds ignorés (timer courant / hors séquence): ['00:34', '11:27']
11:25:15 [INFO] 8 rounds retenus / 10 total (10 horodatés)
11:25:16 [INFO]   1X2 [11:32]: 10 matchs
11:25:18 [INFO]   1X2 [11:34]: 10 matchs
11:25:19 [INFO]   1X2 [11:36]: 10 matchs
11:25:21 [INFO]   1X2 [11:38]: 10 matchs
11:25:22 [INFO]   1X2 [11:40]: 10 matchs
11:25:23 [INFO]   1X2 [11:42]: 10 matchs
11:25:25 [INFO]   1X2 [11:44]: 10 matchs
11:25:26 [INFO]   1X2 [11:46]: 10 matchs
11:25:26 [INFO] 1X2: 8 rounds → data/congobet_1x2_rounds.json
11:25:26 [INFO] === FIN 19.1s erreurs=aucune ===
11:25:26 [INFO] === DÉBUT CYCLE mode=gng ===
11:25:27 [INFO] === SCRAPE G/NG ===
11:25:35 [INFO] rounds ignorés (timer courant / hors séquence): ['00:14', '11:27']
11:25:35 [INFO] 8 rounds retenus / 10 total (10 horodatés)
11:25:38 [INFO]   G/NG [11:32]: 10 matchs
11:25:41 [INFO]   G/NG [11:34]: 10 matchs
11:25:44 [INFO]   G/NG [11:36]: 10 matchs
11:25:47 [INFO]   G/NG [11:38]: 10 matchs
11:25:50 [INFO]   G/NG [11:40]: 10 matchs
11:25:53 [INFO]   G/NG [11:42]: 10 matchs
11:25:56 [INFO]   G/NG [11:44]: 10 matchs
11:25:59 [INFO]   G/NG [11:46]: 10 matchs
11:25:59 [INFO] G/NG: 80 cotes → data/cbet_odds.json
11:25:59 [INFO] === FIN 32.8s erreurs=aucune ===
11:27:42 [INFO] === DÉBUT CYCLE mode=results ===
11:27:42 [INFO] === SCRAPE RÉSULTATS (version corrigée) ===
11:27:55 [INFO]   5 clics 'Afficher plus'
11:27:59 [INFO] Résultats: 240 → data/cbet_results.json
11:28:29 [INFO] === FIN 47.1s erreurs=aucune ===
12:04:43 [INFO] === DÉBUT CYCLE mode=1x2 ===
12:04:43 [INFO] === SCRAPE 1X2 ===
12:04:52 [INFO] 9 rounds retenus / 10 total (9 horodatés)
12:04:53 [INFO]   1X2 [12:06]: 10 matchs
12:04:55 [INFO]   1X2 [12:08]: 10 matchs
12:04:56 [INFO]   1X2 [12:10]: 10 matchs
12:04:57 [INFO]   1X2 [12:12]: 10 matchs
12:04:59 [INFO]   1X2 [12:14]: 10 matchs
12:05:00 [INFO]   1X2 [12:16]: 10 matchs
12:05:02 [INFO]   1X2 [12:18]: 10 matchs
12:05:03 [INFO]   1X2 [12:20]: 10 matchs
12:05:05 [INFO]   1X2 [12:22]: 10 matchs
12:05:05 [INFO] 1X2: 9 rounds → data/congobet_1x2_rounds.json
12:05:05 [INFO] === FIN 22.0s erreurs=aucune ===
12:05:05 [INFO] === DÉBUT CYCLE mode=gng ===
12:05:05 [INFO] === SCRAPE G/NG ===
12:05:13 [WARNING] Impossible de sélectionner G/NG
12:05:13 [INFO] === FIN 8.7s erreurs=aucune ===
12:06:57 [INFO] === DÉBUT CYCLE mode=results ===
12:06:57 [INFO] === SCRAPE RÉSULTATS (version corrigée) ===
12:07:10 [INFO]   4 clics 'Afficher plus'
12:07:13 [INFO] Résultats: 170 → data/cbet_results.json
12:07:13 [INFO] === FIN 16.8s erreurs=aucune ===
13:44:27 [INFO] === DÉBUT CYCLE mode=1x2 ===
13:44:29 [INFO] === SCRAPE 1X2 ===
13:44:37 [WARNING] Impossible de sélectionner 1X2
13:44:37 [INFO] 9 rounds retenus / 10 total (9 horodatés)
13:44:39 [INFO]   1X2 [13:45]: 10 matchs
13:44:40 [INFO]   1X2 [13:47]: 10 matchs
13:44:42 [INFO]   1X2 [13:49]: 10 matchs
13:44:43 [INFO]   1X2 [13:51]: 10 matchs
13:44:44 [INFO]   1X2 [13:53]: 10 matchs
13:44:46 [INFO]   1X2 [13:55]: 10 matchs
13:44:47 [INFO]   1X2 [13:57]: 10 matchs
13:44:49 [INFO]   1X2 [13:59]: 10 matchs
13:44:50 [INFO]   1X2 [14:01]: 10 matchs
13:44:50 [INFO] 1X2: 9 rounds → data/congobet_1x2_rounds.json
13:44:50 [INFO] === FIN 23.1s erreurs=aucune ===
13:44:50 [INFO] === DÉBUT CYCLE mode=gng ===
13:44:50 [INFO] === SCRAPE G/NG ===
13:45:02 [INFO] rounds ignorés (timer courant / hors séquence): ['00:47']
13:45:02 [INFO] 9 rounds retenus / 10 total (10 horodatés)
13:45:05 [INFO]   G/NG [13:47]: 10 matchs
13:45:08 [INFO]   G/NG [13:49]: 10 matchs
13:45:11 [INFO]   G/NG [13:51]: 10 matchs
13:45:14 [INFO]   G/NG [13:53]: 10 matchs
13:45:17 [INFO]   G/NG [13:55]: 10 matchs
13:45:20 [INFO]   G/NG [13:57]: 10 matchs
13:45:23 [INFO]   G/NG [13:59]: 10 matchs
13:45:26 [INFO]   G/NG [14:01]: 10 matchs
13:45:29 [INFO]   G/NG [14:03]: 10 matchs
13:45:29 [INFO] G/NG: 90 cotes → data/cbet_odds.json
13:45:59 [INFO] === FIN 69.0s erreurs=aucune ===
13:47:46 [INFO] === DÉBUT CYCLE mode=results ===
13:47:47 [INFO] === SCRAPE RÉSULTATS (version corrigée) ===
13:48:01 [INFO]   5 clics 'Afficher plus'
13:48:06 [INFO] Résultats: 240 → data/cbet_results.json
13:48:36 [INFO] === FIN 50.0s erreurs=aucune ===
14:35:28 [INFO] === DÉBUT CYCLE mode=1x2 ===
14:35:28 [INFO] === SCRAPE 1X2 ===
14:35:35 [WARNING] Impossible de sélectionner 1X2
14:35:35 [INFO] 9 rounds retenus / 10 total (9 horodatés)
14:35:37 [INFO]   1X2 [14:36]: 10 matchs
14:35:38 [INFO]   1X2 [14:38]: 10 matchs
14:35:40 [INFO]   1X2 [14:40]: 10 matchs
14:35:41 [INFO]   1X2 [14:42]: 10 matchs
14:35:42 [INFO]   1X2 [14:44]: 10 matchs
14:35:44 [INFO]   1X2 [14:46]: 10 matchs
14:35:45 [INFO]   1X2 [14:48]: 10 matchs
14:35:47 [INFO]   1X2 [14:50]: 10 matchs
14:35:48 [INFO]   1X2 [14:52]: 10 matchs
14:35:48 [INFO] 1X2: 9 rounds → data/congobet_1x2_rounds.json
14:36:19 [INFO] === FIN 50.7s erreurs=aucune ===
14:36:21 [INFO] === DÉBUT CYCLE mode=gng ===
14:36:22 [INFO] === SCRAPE G/NG ===
14:36:32 [INFO] rounds ignorés (timer courant / hors séquence): ['00:18']
14:36:32 [INFO] 9 rounds retenus / 10 total (10 horodatés)
14:36:35 [INFO]   G/NG [14:38]: 10 matchs
14:36:38 [INFO]   G/NG [14:40]: 10 matchs
14:36:41 [INFO]   G/NG [14:42]: 10 matchs
14:36:44 [INFO]   G/NG [14:44]: 10 matchs
14:36:47 [INFO]   G/NG [14:46]: 10 matchs
14:36:50 [INFO]   G/NG [14:48]: 10 matchs
14:36:53 [INFO]   G/NG [14:50]: 10 matchs
14:36:56 [INFO]   G/NG [14:52]: 10 matchs
14:36:59 [INFO]   G/NG [14:54]: 10 matchs
14:36:59 [INFO] G/NG: 90 cotes → data/cbet_odds.json
14:36:59 [INFO] === FIN 38.4s erreurs=aucune ===
14:38:43 [INFO] === DÉBUT CYCLE mode=results ===
14:38:43 [INFO] === SCRAPE RÉSULTATS (version corrigée) ===
14:38:54 [INFO]   3 clics 'Afficher plus'
14:38:56 [INFO] Résultats: 140 → data/cbet_results.json
14:38:56 [INFO] === FIN 13.2s erreurs=aucune ===
15:26:51 [INFO] === DÉBUT CYCLE mode=1x2 ===
15:26:53 [INFO] === SCRAPE 1X2 ===
15:26:59 [INFO] rounds ignorés (timer courant / hors séquence): ['02:50']
15:26:59 [INFO] 9 rounds retenus / 10 total (10 horodatés)
15:27:00 [INFO]   1X2 [15:31]: 10 matchs
15:27:01 [INFO]   1X2 [15:33]: 10 matchs
15:27:03 [INFO]   1X2 [15:35]: 10 matchs
15:27:04 [INFO]   1X2 [15:37]: 10 matchs
15:27:05 [INFO]   1X2 [15:39]: 10 matchs
15:27:06 [INFO]   1X2 [15:41]: 10 matchs
15:27:07 [INFO]   1X2 [15:43]: 10 matchs
15:27:09 [INFO]   1X2 [15:45]: 10 matchs
15:27:10 [INFO]   1X2 [15:47]: 10 matchs
15:27:10 [INFO] 1X2: 9 rounds → data/congobet_1x2_rounds.json
15:27:10 [INFO] === FIN 19.4s erreurs=aucune ===
15:27:10 [INFO] === DÉBUT CYCLE mode=gng ===
15:27:11 [INFO] === SCRAPE G/NG ===
15:27:19 [INFO] rounds ignorés (timer courant / hors séquence): ['02:30']
15:27:19 [INFO] 9 rounds retenus / 10 total (10 horodatés)
15:27:22 [INFO]   G/NG [15:31]: 10 matchs
15:27:25 [INFO]   G/NG [15:33]: 10 matchs
15:27:28 [INFO]   G/NG [15:35]: 10 matchs
15:27:31 [INFO]   G/NG [15:37]: 10 matchs
15:27:34 [INFO]   G/NG [15:39]: 10 matchs
15:27:37 [INFO]   G/NG [15:41]: 10 matchs
15:27:40 [INFO]   G/NG [15:43]: 10 matchs
15:27:43 [INFO]   G/NG [15:45]: 10 matchs
15:27:46 [INFO]   G/NG [15:47]: 10 matchs
15:27:46 [INFO] G/NG: 90 cotes → data/cbet_odds.json
15:27:47 [INFO] === FIN 36.3s erreurs=aucune ===
15:29:30 [INFO] === DÉBUT CYCLE mode=results ===
15:29:30 [INFO] === SCRAPE RÉSULTATS (version corrigée) ===
15:29:36 [INFO]   0 clics 'Afficher plus'
15:29:51 [WARNING] Aucun conteneur de résultat trouvé
15:29:51 [INFO] === FIN 21.2s erreurs=aucune ===
16:08:44 [INFO] === DÉBUT CYCLE mode=1x2 ===
16:08:45 [INFO] === SCRAPE 1X2 ===
16:08:53 [INFO] rounds ignorés (timer courant / hors séquence): ['00:56']
16:08:53 [INFO] 9 rounds retenus / 10 total (10 horodatés)
16:08:54 [INFO]   1X2 [16:11]: 10 matchs
16:08:56 [INFO]   1X2 [16:13]: 10 matchs
16:08:57 [INFO]   1X2 [16:15]: 10 matchs
16:08:59 [INFO]   1X2 [16:17]: 10 matchs
16:09:00 [INFO]   1X2 [16:19]: 10 matchs
16:09:01 [INFO]   1X2 [16:21]: 10 matchs
16:09:03 [INFO]   1X2 [16:23]: 10 matchs
16:09:04 [INFO]   1X2 [16:25]: 10 matchs
16:09:06 [INFO]   1X2 [16:27]: 10 matchs
16:09:06 [INFO] 1X2: 9 rounds → data/congobet_1x2_rounds.json
16:09:06 [INFO] === FIN 22.0s erreurs=aucune ===
16:09:06 [INFO] === DÉBUT CYCLE mode=gng ===
16:09:06 [INFO] === SCRAPE G/NG ===
16:09:17 [INFO] rounds ignorés (timer courant / hors séquence): ['00:32']
16:09:17 [INFO] 9 rounds retenus / 10 total (10 horodatés)
16:09:20 [INFO]   G/NG [16:11]: 10 matchs
16:09:23 [INFO]   G/NG [16:13]: 10 matchs
16:09:26 [INFO]   G/NG [16:15]: 10 matchs
16:09:29 [INFO]   G/NG [16:17]: 10 matchs
16:09:32 [INFO]   G/NG [16:19]: 10 matchs
16:09:35 [INFO]   G/NG [16:21]: 10 matchs
16:09:38 [INFO]   G/NG [16:23]: 10 matchs
16:09:41 [INFO]   G/NG [16:25]: 10 matchs
16:09:44 [INFO]   G/NG [16:27]: 10 matchs
16:09:44 [INFO] G/NG: 90 cotes → data/cbet_odds.json
16:10:15 [INFO] === FIN 68.8s erreurs=aucune ===
16:11:58 [INFO] === DÉBUT CYCLE mode=results ===
16:11:58 [INFO] === SCRAPE RÉSULTATS (version corrigée) ===
16:12:13 [INFO]   5 clics 'Afficher plus'
16:12:17 [INFO] Résultats: 210 → data/cbet_results.json
16:12:47 [INFO] === FIN 49.1s erreurs=aucune ===
17:06:36 [INFO] === DÉBUT CYCLE mode=1x2 ===
17:06:38 [INFO] === SCRAPE 1X2 ===
17:06:46 [INFO] rounds ignorés (timer courant / hors séquence): ['00:03']
17:06:46 [INFO] 9 rounds retenus / 10 total (10 horodatés)
17:06:48 [INFO]   1X2 [17:08]: 10 matchs
17:06:49 [INFO]   1X2 [17:10]: 10 matchs
17:06:51 [INFO]   1X2 [17:12]: 10 matchs
17:06:52 [INFO]   1X2 [17:14]: 10 matchs
17:06:53 [INFO]   1X2 [17:16]: 10 matchs
17:06:55 [INFO]   1X2 [17:18]: 10 matchs
17:06:56 [INFO]   1X2 [17:20]: 10 matchs
17:06:58 [INFO]   1X2 [17:22]: 10 matchs
17:06:59 [INFO]   1X2 [17:24]: 10 matchs
17:06:59 [INFO] 1X2: 9 rounds → data/congobet_1x2_rounds.json
17:07:30 [INFO] === FIN 53.3s erreurs=aucune ===
17:07:32 [INFO] === DÉBUT CYCLE mode=gng ===
17:07:33 [INFO] === SCRAPE G/NG ===
17:07:41 [WARNING] Impossible de sélectionner G/NG
17:07:41 [INFO] === FIN 9.1s erreurs=aucune ===
17:09:26 [INFO] === DÉBUT CYCLE mode=results ===
17:09:26 [INFO] === SCRAPE RÉSULTATS (version corrigée) ===
17:09:36 [INFO]   2 clics 'Afficher plus'
17:09:37 [INFO] Résultats: 100 → data/cbet_results.json
17:09:37 [INFO] === FIN 11.7s erreurs=aucune ===
17:59:55 [INFO] === DÉBUT CYCLE mode=1x2 ===
17:59:56 [INFO] === SCRAPE 1X2 ===
18:00:02 [INFO] rounds ignorés (timer courant / hors séquence): ['00:47', '18:02']
18:00:02 [INFO] 8 rounds retenus / 10 total (10 horodatés)
18:00:04 [INFO]   1X2 [18:07]: 10 matchs
18:00:05 [INFO]   1X2 [18:09]: 10 matchs
18:00:06 [INFO]   1X2 [18:11]: 10 matchs
18:00:08 [INFO]   1X2 [18:13]: 10 matchs
18:00:09 [INFO]   1X2 [18:15]: 10 matchs
18:00:11 [INFO]   1X2 [18:17]: 10 matchs
18:00:12 [INFO]   1X2 [18:19]: 10 matchs
18:00:14 [INFO]   1X2 [18:21]: 10 matchs
18:00:14 [INFO] 1X2: 8 rounds → data/congobet_1x2_rounds.json
18:00:44 [INFO] === FIN 48.4s erreurs=aucune ===
18:00:44 [INFO] === DÉBUT CYCLE mode=gng ===
18:00:44 [INFO] === SCRAPE G/NG ===
18:00:53 [INFO] rounds ignorés (timer courant / hors séquence): ['18:02']
18:00:53 [INFO] 8 rounds retenus / 10 total (9 horodatés)
18:00:56 [INFO]   G/NG [18:07]: 10 matchs
18:00:59 [INFO]   G/NG [18:09]: 10 matchs
18:01:02 [INFO]   G/NG [18:11]: 10 matchs
18:01:06 [INFO]   G/NG [18:13]: 10 matchs
18:01:09 [INFO]   G/NG [18:15]: 10 matchs
18:01:12 [INFO]   G/NG [18:17]: 10 matchs
18:01:15 [INFO]   G/NG [18:19]: 10 matchs
18:01:18 [INFO]   G/NG [18:21]: 10 matchs
18:01:18 [INFO] G/NG: 80 cotes → data/cbet_odds.json
18:01:18 [INFO] === FIN 34.6s erreurs=aucune ===
18:03:01 [INFO] === DÉBUT CYCLE mode=results ===
18:03:02 [INFO] === SCRAPE RÉSULTATS (version corrigée) ===
18:03:14 [INFO]   5 clics 'Afficher plus'
18:03:20 [INFO] Résultats: 240 → data/cbet_results.json
18:03:20 [INFO] === FIN 18.2s erreurs=aucune ===
19:10:15 [INFO] === DÉBUT CYCLE mode=1x2 ===
19:10:17 [INFO] === SCRAPE 1X2 ===
19:10:23 [WARNING] Impossible de sélectionner 1X2
19:10:23 [INFO] rounds ignorés (timer courant / hors séquence): ['19:11', '19:13', '19:15', '19:17', '19:19', '19:21']
19:10:23 [INFO] 3 rounds retenus / 10 total (9 horodatés)
19:10:25 [INFO]   1X2 [19:26]: 10 matchs
19:10:26 [INFO]   1X2 [19:28]: 10 matchs
19:10:28 [INFO]   1X2 [19:30]: 10 matchs
19:10:28 [INFO] 1X2: 3 rounds → data/congobet_1x2_rounds.json
19:10:58 [INFO] === FIN 42.7s erreurs=aucune ===
19:10:59 [INFO] === DÉBUT CYCLE mode=gng ===
19:11:00 [INFO] === SCRAPE G/NG ===
19:11:08 [INFO] rounds ignorés (timer courant / hors séquence): ['00:41', '19:13', '19:15', '19:17', '19:19', '19:21']
19:11:08 [INFO] 4 rounds retenus / 10 total (10 horodatés)
19:11:11 [INFO]   G/NG [19:26]: 10 matchs
19:11:14 [INFO]   G/NG [19:28]: 10 matchs
19:11:17 [INFO]   G/NG [19:30]: 10 matchs
19:11:21 [INFO]   G/NG [19:32]: 10 matchs
19:11:21 [INFO] G/NG: 40 cotes → data/cbet_odds.json
19:11:51 [INFO] === FIN 51.5s erreurs=aucune ===
19:13:35 [INFO] === DÉBUT CYCLE mode=results ===
19:13:35 [INFO] === SCRAPE RÉSULTATS (version corrigée) ===
19:13:48 [INFO]   5 clics 'Afficher plus'
19:13:52 [INFO] Résultats: 240 → data/cbet_results.json
19:14:22 [INFO] === FIN 47.4s erreurs=aucune ===
19:59:11 [INFO] === DÉBUT CYCLE mode=1x2 ===
19:59:13 [INFO] === SCRAPE 1X2 ===
19:59:20 [WARNING] Impossible de sélectionner 1X2
19:59:20 [INFO] 9 rounds retenus / 10 total (9 horodatés)
19:59:21 [INFO]   1X2 [20:00]: 10 matchs
19:59:22 [INFO]   1X2 [20:02]: 10 matchs
19:59:23 [INFO]   1X2 [20:04]: 10 matchs
19:59:25 [INFO]   1X2 [20:06]: 10 matchs
19:59:25 [INFO]   1X2 [20:08]: 10 matchs
19:59:27 [INFO]   1X2 [20:10]: 10 matchs
19:59:28 [INFO]   1X2 [20:12]: 10 matchs
19:59:30 [INFO]   1X2 [20:14]: 10 matchs
19:59:31 [INFO]   1X2 [20:16]: 10 matchs
19:59:31 [INFO] 1X2: 9 rounds → data/congobet_1x2_rounds.json
20:00:02 [INFO] === FIN 50.3s erreurs=aucune ===
20:00:02 [INFO] === DÉBUT CYCLE mode=gng ===
20:00:02 [INFO] === SCRAPE G/NG ===
20:00:11 [INFO] rounds ignorés (timer courant / hors séquence): ['00:38']
20:00:11 [INFO] 9 rounds retenus / 10 total (10 horodatés)
20:00:14 [INFO]   G/NG [20:02]: 10 matchs
20:00:17 [INFO]   G/NG [20:04]: 10 matchs
20:00:20 [INFO]   G/NG [20:06]: 10 matchs
20:00:23 [INFO]   G/NG [20:08]: 10 matchs
20:00:26 [INFO]   G/NG [20:10]: 10 matchs
20:00:29 [INFO]   G/NG [20:12]: 10 matchs
20:00:32 [INFO]   G/NG [20:14]: 10 matchs
20:00:35 [INFO]   G/NG [20:16]: 10 matchs
20:00:38 [INFO]   G/NG [20:18]: 10 matchs
20:00:38 [INFO] G/NG: 90 cotes → data/cbet_odds.json
20:00:38 [INFO] === FIN 36.6s erreurs=aucune ===
20:02:22 [INFO] === DÉBUT CYCLE mode=results ===
20:02:22 [INFO] === SCRAPE RÉSULTATS (version corrigée) ===
20:02:33 [INFO]   4 clics 'Afficher plus'
20:02:36 [INFO] Résultats: 180 → data/cbet_results.json
20:02:36 [INFO] === FIN 14.7s erreurs=aucune ===
20:53:01 [INFO] === DÉBUT CYCLE mode=1x2 ===
20:53:03 [INFO] === SCRAPE 1X2 ===
20:53:10 [INFO] rounds ignorés (timer courant / hors séquence): ['00:39']
20:53:10 [INFO] 9 rounds retenus / 10 total (10 horodatés)
20:53:11 [INFO]   1X2 [20:55]: 10 matchs
20:53:13 [INFO]   1X2 [20:57]: 10 matchs
20:53:14 [INFO]   1X2 [20:59]: 10 matchs
20:53:15 [INFO]   1X2 [21:01]: 10 matchs
20:53:17 [INFO]   1X2 [21:03]: 10 matchs
20:53:18 [INFO]   1X2 [21:05]: 10 matchs
20:53:20 [INFO]   1X2 [21:07]: 10 matchs
20:53:21 [INFO]   1X2 [21:09]: 10 matchs
20:53:22 [INFO]   1X2 [21:11]: 10 matchs
20:53:22 [INFO] 1X2: 9 rounds → data/congobet_1x2_rounds.json
20:53:22 [INFO] === FIN 21.0s erreurs=aucune ===
20:53:23 [INFO] === DÉBUT CYCLE mode=gng ===
20:53:23 [INFO] === SCRAPE G/NG ===
20:53:32 [INFO] rounds ignorés (timer courant / hors séquence): ['00:17']
20:53:32 [INFO] 9 rounds retenus / 10 total (10 horodatés)
20:53:35 [INFO]   G/NG [20:55]: 10 matchs
20:53:38 [INFO]   G/NG [20:57]: 10 matchs
20:53:41 [INFO]   G/NG [20:59]: 10 matchs
20:53:44 [INFO]   G/NG [21:01]: 10 matchs
20:53:47 [INFO]   G/NG [21:03]: 10 matchs
20:53:50 [INFO]   G/NG [21:05]: 10 matchs
20:53:53 [INFO]   G/NG [21:07]: 10 matchs
20:53:56 [INFO]   G/NG [21:09]: 10 matchs
20:54:00 [INFO]   G/NG [21:11]: 10 matchs
20:54:00 [INFO] G/NG: 90 cotes → data/cbet_odds.json
20:54:30 [INFO] === FIN 67.1s erreurs=aucune ===
20:56:13 [INFO] === DÉBUT CYCLE mode=results ===
20:56:13 [INFO] === SCRAPE RÉSULTATS (version corrigée) ===
20:56:21 [INFO]   1 clics 'Afficher plus'
20:56:22 [INFO] Résultats: 50 → data/cbet_results.json
20:56:52 [INFO] === FIN 39.0s erreurs=aucune ===
21:31:32 [INFO] === DÉBUT CYCLE mode=1x2 ===
21:31:32 [INFO] === SCRAPE 1X2 ===
21:31:41 [INFO] rounds ignorés (timer courant / hors séquence): ['00:08']
21:31:41 [INFO] 9 rounds retenus / 10 total (10 horodatés)
21:31:42 [INFO]   1X2 [21:33]: 10 matchs
21:31:44 [INFO]   1X2 [21:35]: 10 matchs
21:31:45 [INFO]   1X2 [21:37]: 10 matchs
21:31:46 [INFO]   1X2 [21:39]: 10 matchs
21:31:48 [INFO]   1X2 [21:41]: 10 matchs
21:31:49 [INFO]   1X2 [21:43]: 10 matchs
21:31:51 [INFO]   1X2 [21:45]: 10 matchs
21:31:52 [INFO]   1X2 [21:47]: 10 matchs
21:31:53 [INFO]   1X2 [21:49]: 10 matchs
21:31:53 [INFO] 1X2: 9 rounds → data/congobet_1x2_rounds.json
21:32:23 [INFO] === FIN 51.7s erreurs=aucune ===
21:32:24 [INFO] === DÉBUT CYCLE mode=gng ===
21:32:24 [INFO] === SCRAPE G/NG ===
21:32:32 [WARNING] Impossible de sélectionner G/NG
21:32:32 [INFO] === FIN 8.7s erreurs=aucune ===
21:34:16 [INFO] === DÉBUT CYCLE mode=results ===
21:34:16 [INFO] === SCRAPE RÉSULTATS (version corrigée) ===
21:34:31 [INFO]   5 clics 'Afficher plus'
21:34:35 [INFO] Résultats: 240 → data/cbet_results.json
21:34:35 [INFO] === FIN 19.5s erreurs=aucune ===
22:10:06 [INFO] === DÉBUT CYCLE mode=1x2 ===
22:10:08 [INFO] === SCRAPE 1X2 ===
22:10:14 [INFO] rounds ignorés (timer courant / hors séquence): ['00:34']
22:10:14 [INFO] 9 rounds retenus / 10 total (10 horodatés)
22:10:16 [INFO]   1X2 [22:12]: 10 matchs
22:10:17 [INFO]   1X2 [22:14]: 10 matchs
22:10:18 [INFO]   1X2 [22:16]: 10 matchs
22:10:19 [INFO]   1X2 [22:18]: 10 matchs
22:10:20 [INFO]   1X2 [22:20]: 10 matchs
22:10:22 [INFO]   1X2 [22:22]: 10 matchs
22:10:23 [INFO]   1X2 [22:24]: 10 matchs
22:10:25 [INFO]   1X2 [22:26]: 10 matchs
22:10:25 [INFO]   1X2 [22:28]: 10 matchs
22:10:25 [INFO] 1X2: 9 rounds → data/congobet_1x2_rounds.json
22:10:56 [INFO] === FIN 49.4s erreurs=aucune ===
22:10:57 [INFO] === DÉBUT CYCLE mode=gng ===
22:10:58 [INFO] === SCRAPE G/NG ===
22:11:05 [WARNING] Impossible de sélectionner G/NG
22:11:05 [INFO] === FIN 7.4s erreurs=aucune ===
22:12:52 [INFO] === DÉBUT CYCLE mode=results ===
22:12:52 [INFO] === SCRAPE RÉSULTATS (version corrigée) ===
22:12:58 [INFO]   0 clics 'Afficher plus'
22:12:59 [INFO] Résultats: 40 → data/cbet_results.json
22:13:29 [INFO] === FIN 37.3s erreurs=aucune ===
23:03:27 [INFO] === DÉBUT CYCLE mode=1x2 ===
23:03:27 [INFO] === SCRAPE 1X2 ===
23:03:34 [WARNING] Impossible de sélectionner 1X2
23:03:34 [INFO] 9 rounds retenus / 10 total (9 horodatés)
23:03:36 [INFO]   1X2 [23:04]: 10 matchs
23:03:37 [INFO]   1X2 [23:06]: 10 matchs
23:03:39 [INFO]   1X2 [23:08]: 10 matchs
23:03:40 [INFO]   1X2 [23:10]: 10 matchs
23:03:41 [INFO]   1X2 [23:12]: 10 matchs
23:03:43 [INFO]   1X2 [23:14]: 10 matchs
23:03:44 [INFO]   1X2 [23:16]: 10 matchs
23:03:45 [INFO]   1X2 [23:18]: 10 matchs
23:03:47 [INFO]   1X2 [23:23]: 10 matchs
23:03:47 [INFO] 1X2: 9 rounds → data/congobet_1x2_rounds.json
23:04:17 [INFO] === FIN 49.9s erreurs=aucune ===
23:04:17 [INFO] === DÉBUT CYCLE mode=gng ===
23:04:18 [INFO] === SCRAPE G/NG ===
23:04:26 [INFO] rounds ignorés (timer courant / hors séquence): ['00:23', '23:06', '23:08', '23:10', '23:12', '23:14', '23:16', '23:18']
23:04:26 [INFO] 2 rounds retenus / 10 total (10 horodatés)
23:04:29 [INFO]   G/NG [23:23]: 10 matchs
23:04:32 [INFO]   G/NG [23:25]: 10 matchs
23:04:32 [INFO] G/NG: 20 cotes → data/cbet_odds.json
23:04:32 [INFO] === FIN 15.2s erreurs=aucune ===
23:06:17 [INFO] === DÉBUT CYCLE mode=results ===
23:06:17 [INFO] === SCRAPE RÉSULTATS (version corrigée) ===
23:06:30 [INFO]   5 clics 'Afficher plus'
23:06:34 [INFO] Résultats: 240 → data/cbet_results.json
23:06:34 [INFO] === FIN 17.3s erreurs=aucune ===
23:59:00 [INFO] === DÉBUT CYCLE mode=1x2 ===
23:59:01 [INFO] === SCRAPE 1X2 ===
23:59:07 [INFO] rounds ignorés (timer courant / hors séquence): ['00:42']
23:59:07 [INFO] 9 rounds retenus / 10 total (10 horodatés)
23:59:08 [INFO]   1X2 [00:01]: 10 matchs
23:59:09 [INFO]   1X2 [00:03]: 10 matchs
23:59:10 [INFO]   1X2 [00:05]: 10 matchs
23:59:11 [INFO]   1X2 [00:07]: 10 matchs
23:59:13 [INFO]   1X2 [00:09]: 10 matchs
23:59:14 [INFO]   1X2 [00:11]: 10 matchs
23:59:15 [INFO]   1X2 [00:13]: 10 matchs
23:59:17 [INFO]   1X2 [00:15]: 10 matchs
23:59:18 [INFO]   1X2 [00:17]: 10 matchs
23:59:18 [INFO] 1X2: 9 rounds → data/congobet_1x2_rounds.json
23:59:48 [INFO] === FIN 48.0s erreurs=aucune ===
23:59:48 [INFO] === DÉBUT CYCLE mode=gng ===
23:59:49 [INFO] === SCRAPE G/NG ===
23:59:55 [WARNING] Impossible de sélectionner G/NG
23:59:55 [INFO] === FIN 6.8s erreurs=aucune ===
00:01:38 [INFO] === DÉBUT CYCLE mode=results ===
00:01:39 [INFO] === SCRAPE RÉSULTATS (version corrigée) ===
00:01:50 [INFO]   4 clics 'Afficher plus'
00:01:53 [INFO] Résultats: 190 → data/cbet_results.json
00:01:53 [INFO] === FIN 14.9s erreurs=aucune ===
03:38:59 [INFO] === DÉBUT CYCLE mode=1x2 ===
03:39:01 [INFO] === SCRAPE 1X2 ===
03:39:10 [WARNING] Impossible de sélectionner 1X2
03:39:10 [INFO] 9 rounds retenus / 10 total (9 horodatés)
03:39:11 [INFO]   1X2 [03:40]: 10 matchs
03:39:13 [INFO]   1X2 [03:42]: 10 matchs
03:39:14 [INFO]   1X2 [03:44]: 10 matchs
03:39:15 [INFO]   1X2 [03:46]: 10 matchs
03:39:17 [INFO]   1X2 [03:48]: 10 matchs
03:39:18 [INFO]   1X2 [03:50]: 10 matchs
03:39:20 [INFO]   1X2 [03:52]: 10 matchs
03:39:21 [INFO]   1X2 [03:54]: 10 matchs
03:39:23 [INFO]   1X2 [03:56]: 10 matchs
03:39:23 [INFO] 1X2: 9 rounds → data/congobet_1x2_rounds.json
03:39:23 [INFO] === FIN 23.7s erreurs=aucune ===
03:39:23 [INFO] === DÉBUT CYCLE mode=gng ===
03:39:23 [INFO] === SCRAPE G/NG ===
03:39:31 [WARNING] Impossible de sélectionner G/NG
03:40:02 [INFO] === FIN 38.7s erreurs=aucune ===
03:41:49 [INFO] === DÉBUT CYCLE mode=results ===
03:41:49 [INFO] === SCRAPE RÉSULTATS (version corrigée) ===
03:41:59 [INFO]   2 clics 'Afficher plus'
03:42:01 [INFO] Résultats: 110 → data/cbet_results.json
03:42:01 [INFO] === FIN 12.2s erreurs=aucune ===
06:30:34 [INFO] === DÉBUT CYCLE mode=1x2 ===
06:30:35 [INFO] === SCRAPE 1X2 ===
06:30:42 [INFO] rounds ignorés (timer courant / hors séquence): ['00:07']
06:30:42 [INFO] 9 rounds retenus / 10 total (10 horodatés)
06:30:44 [INFO]   1X2 [06:32]: 10 matchs
06:30:45 [INFO]   1X2 [06:34]: 10 matchs
06:30:46 [INFO]   1X2 [06:36]: 10 matchs
06:30:48 [INFO]   1X2 [06:38]: 10 matchs
06:30:49 [INFO]   1X2 [06:40]: 10 matchs
06:30:50 [INFO]   1X2 [06:42]: 10 matchs
06:30:52 [INFO]   1X2 [06:44]: 10 matchs
06:30:53 [INFO]   1X2 [06:46]: 10 matchs
06:30:55 [INFO]   1X2 [06:48]: 10 matchs
06:30:55 [INFO] 1X2: 9 rounds → data/congobet_1x2_rounds.json
06:30:55 [INFO] === FIN 20.6s erreurs=aucune ===
06:30:55 [INFO] === DÉBUT CYCLE mode=gng ===
06:30:55 [INFO] === SCRAPE G/NG ===
06:31:03 [WARNING] Impossible de sélectionner G/NG
06:31:34 [INFO] === FIN 38.6s erreurs=aucune ===
06:33:21 [INFO] === DÉBUT CYCLE mode=results ===
06:33:21 [INFO] === SCRAPE RÉSULTATS (version corrigée) ===
06:33:33 [INFO]   4 clics 'Afficher plus'
06:33:36 [INFO] Résultats: 170 → data/cbet_results.json
06:33:36 [INFO] === FIN 15.7s erreurs=aucune ===
09:04:58 [INFO] === DÉBUT CYCLE mode=1x2 ===
09:04:59 [INFO] === SCRAPE 1X2 ===
09:05:08 [WARNING] Impossible de sélectionner 1X2
09:05:08 [INFO] 9 rounds retenus / 10 total (9 horodatés)
09:05:09 [INFO]   1X2 [09:06]: 10 matchs
09:05:11 [INFO]   1X2 [09:08]: 10 matchs
09:05:12 [INFO]   1X2 [09:10]: 10 matchs
09:05:13 [INFO]   1X2 [09:12]: 10 matchs
09:05:15 [INFO]   1X2 [09:14]: 10 matchs
09:05:16 [INFO]   1X2 [09:16]: 10 matchs
09:05:18 [INFO]   1X2 [09:18]: 10 matchs
09:05:19 [INFO]   1X2 [09:20]: 10 matchs
09:05:21 [INFO]   1X2 [09:22]: 10 matchs
09:05:21 [INFO] 1X2: 9 rounds → data/congobet_1x2_rounds.json
09:05:21 [INFO] === FIN 22.3s erreurs=aucune ===
09:05:21 [INFO] === DÉBUT CYCLE mode=gng ===
09:05:21 [INFO] === SCRAPE G/NG ===
09:05:30 [WARNING] Impossible de sélectionner G/NG
09:06:01 [INFO] === FIN 39.5s erreurs=aucune ===
09:07:46 [INFO] === DÉBUT CYCLE mode=results ===
09:07:46 [INFO] === SCRAPE RÉSULTATS (version corrigée) ===
09:07:58 [INFO]   3 clics 'Afficher plus'
09:08:01 [INFO] Résultats: 160 → data/cbet_results.json
09:08:32 [INFO] === FIN 45.7s erreurs=aucune ===
11:13:27 [INFO] === DÉBUT CYCLE mode=1x2 ===
11:13:29 [INFO] === SCRAPE 1X2 ===
11:13:37 [INFO] rounds ignorés (timer courant / hors séquence): ['01:12']
11:13:37 [INFO] 9 rounds retenus / 10 total (10 horodatés)
11:13:39 [INFO]   1X2 [11:16]: 10 matchs
11:13:40 [INFO]   1X2 [11:18]: 10 matchs
11:13:41 [INFO]   1X2 [11:20]: 10 matchs
11:13:43 [INFO]   1X2 [11:22]: 10 matchs
11:13:44 [INFO]   1X2 [11:24]: 10 matchs
11:13:46 [INFO]   1X2 [11:26]: 10 matchs
11:13:47 [INFO]   1X2 [11:28]: 10 matchs
11:13:48 [INFO]   1X2 [11:30]: 10 matchs
11:13:50 [INFO]   1X2 [11:32]: 10 matchs
11:13:50 [INFO] 1X2: 9 rounds → data/congobet_1x2_rounds.json
11:13:50 [INFO] === FIN 22.6s erreurs=aucune ===
11:13:50 [INFO] === DÉBUT CYCLE mode=gng ===
11:13:50 [INFO] === SCRAPE G/NG ===
11:14:00 [INFO] rounds ignorés (timer courant / hors séquence): ['00:49']
11:14:00 [INFO] 9 rounds retenus / 10 total (10 horodatés)
11:14:03 [INFO]   G/NG [11:16]: 10 matchs
11:14:06 [INFO]   G/NG [11:18]: 10 matchs
11:14:09 [INFO]   G/NG [11:20]: 10 matchs
11:14:12 [INFO]   G/NG [11:22]: 10 matchs
11:14:15 [INFO]   G/NG [11:24]: 10 matchs
11:14:18 [INFO]   G/NG [11:26]: 10 matchs
11:14:21 [INFO]   G/NG [11:28]: 10 matchs
11:14:24 [INFO]   G/NG [11:30]: 10 matchs
11:14:27 [INFO]   G/NG [11:32]: 10 matchs
11:14:27 [INFO] G/NG: 90 cotes → data/cbet_odds.json
11:14:57 [INFO] === FIN 67.4s erreurs=aucune ===
11:16:41 [INFO] === DÉBUT CYCLE mode=results ===
11:16:42 [INFO] === SCRAPE RÉSULTATS (version corrigée) ===
11:16:49 [INFO]   0 clics 'Afficher plus'
11:16:49 [INFO] Résultats: 10 → data/cbet_results.json
11:16:49 [INFO] === FIN 7.7s erreurs=aucune ===
12:57:01 [INFO] === DÉBUT CYCLE mode=1x2 ===
12:57:02 [INFO] === SCRAPE 1X2 ===
12:57:11 [INFO] rounds ignorés (timer courant / hors séquence): ['00:38']
12:57:11 [INFO] 9 rounds retenus / 10 total (10 horodatés)
12:57:12 [INFO]   1X2 [12:59]: 10 matchs
12:57:14 [INFO]   1X2 [13:01]: 10 matchs
12:57:15 [INFO]   1X2 [13:03]: 10 matchs
12:57:17 [INFO]   1X2 [13:05]: 10 matchs
12:57:18 [INFO]   1X2 [13:07]: 10 matchs
12:57:19 [INFO]   1X2 [13:09]: 10 matchs
12:57:21 [INFO]   1X2 [13:11]: 10 matchs
12:57:22 [INFO]   1X2 [13:13]: 10 matchs
12:57:24 [INFO]   1X2 [13:15]: 10 matchs
12:57:24 [INFO] 1X2: 9 rounds → data/congobet_1x2_rounds.json
12:57:24 [INFO] === FIN 22.8s erreurs=aucune ===
12:57:24 [INFO] === DÉBUT CYCLE mode=gng ===
12:57:24 [INFO] === SCRAPE G/NG ===
12:57:35 [INFO] rounds ignorés (timer courant / hors séquence): ['00:14']
12:57:35 [INFO] 9 rounds retenus / 10 total (10 horodatés)
12:57:38 [INFO]   G/NG [12:59]: 10 matchs
12:57:41 [INFO]   G/NG [13:01]: 10 matchs
12:57:44 [INFO]   G/NG [13:03]: 10 matchs
12:57:47 [INFO]   G/NG [13:05]: 10 matchs
12:57:50 [INFO]   G/NG [13:07]: 10 matchs
12:57:53 [INFO]   G/NG [13:09]: 10 matchs
12:57:56 [INFO]   G/NG [13:11]: 10 matchs
12:57:59 [INFO]   G/NG [13:13]: 10 matchs
12:58:02 [INFO]   G/NG [13:15]: 10 matchs
12:58:02 [INFO] G/NG: 90 cotes → data/cbet_odds.json
12:58:32 [INFO] === FIN 68.4s erreurs=aucune ===
13:00:16 [INFO] === DÉBUT CYCLE mode=results ===
13:00:16 [INFO] === SCRAPE RÉSULTATS (version corrigée) ===
13:00:28 [INFO]   3 clics 'Afficher plus'
13:00:30 [INFO] Résultats: 130 → data/cbet_results.json
13:01:01 [INFO] === FIN 44.9s erreurs=aucune ===
15:10:38 [INFO] === DÉBUT CYCLE mode=1x2 ===
15:10:38 [INFO] === SCRAPE 1X2 ===
15:10:47 [INFO] rounds ignorés (timer courant / hors séquence): ['01:02']
15:10:47 [INFO] 9 rounds retenus / 10 total (10 horodatés)
15:10:48 [INFO]   1X2 [15:13]: 10 matchs
15:10:50 [INFO]   1X2 [15:15]: 10 matchs
15:10:51 [INFO]   1X2 [15:17]: 10 matchs
15:10:53 [INFO]   1X2 [15:19]: 10 matchs
15:10:54 [INFO]   1X2 [15:21]: 10 matchs
15:10:56 [INFO]   1X2 [15:23]: 10 matchs
15:10:57 [INFO]   1X2 [15:25]: 10 matchs
15:10:58 [INFO]   1X2 [15:27]: 10 matchs
15:11:00 [INFO]   1X2 [15:29]: 10 matchs
15:11:00 [INFO] 1X2: 9 rounds → data/congobet_1x2_rounds.json
15:11:00 [INFO] === FIN 22.2s erreurs=aucune ===
15:11:00 [INFO] === DÉBUT CYCLE mode=gng ===
15:11:00 [INFO] === SCRAPE G/NG ===
15:11:11 [INFO] rounds ignorés (timer courant / hors séquence): ['00:38']
15:11:11 [INFO] 9 rounds retenus / 10 total (10 horodatés)
15:11:14 [INFO]   G/NG [15:13]: 10 matchs
15:11:17 [INFO]   G/NG [15:15]: 10 matchs
15:11:20 [INFO]   G/NG [15:17]: 10 matchs
15:11:23 [INFO]   G/NG [15:19]: 10 matchs
15:11:26 [INFO]   G/NG [15:21]: 10 matchs
15:11:29 [INFO]   G/NG [15:23]: 10 matchs
15:11:33 [INFO]   G/NG [15:25]: 10 matchs
15:11:36 [INFO]   G/NG [15:27]: 10 matchs
15:11:39 [INFO]   G/NG [15:29]: 10 matchs
15:11:39 [INFO] G/NG: 90 cotes → data/cbet_odds.json
15:11:39 [INFO] === FIN 38.6s erreurs=aucune ===
15:13:22 [INFO] === DÉBUT CYCLE mode=results ===
15:13:23 [INFO] === SCRAPE RÉSULTATS (version corrigée) ===
15:13:31 [INFO]   0 clics 'Afficher plus'
15:13:31 [INFO] Résultats: 10 → data/cbet_results.json
15:14:01 [INFO] === FIN 39.0s erreurs=aucune ===
17:01:37 [INFO] === DÉBUT CYCLE mode=1x2 ===
17:01:38 [INFO] === SCRAPE 1X2 ===
17:01:45 [WARNING] Impossible de sélectionner 1X2
17:01:45 [INFO] 9 rounds retenus / 10 total (9 horodatés)
17:01:47 [INFO]   1X2 [17:02]: 10 matchs
17:01:48 [INFO]   1X2 [17:04]: 10 matchs
17:01:49 [INFO]   1X2 [17:06]: 10 matchs
17:01:51 [INFO]   1X2 [17:08]: 10 matchs
17:01:52 [INFO]   1X2 [17:10]: 10 matchs
17:01:53 [INFO]   1X2 [17:12]: 10 matchs
17:01:55 [INFO]   1X2 [17:14]: 10 matchs
17:01:56 [INFO]   1X2 [17:16]: 10 matchs
17:01:58 [INFO]   1X2 [17:18]: 10 matchs
17:01:58 [INFO] 1X2: 9 rounds → data/congobet_1x2_rounds.json
17:02:28 [INFO] === FIN 50.5s erreurs=aucune ===
17:02:28 [INFO] === DÉBUT CYCLE mode=gng ===
17:02:28 [INFO] === SCRAPE G/NG ===
17:02:38 [INFO] rounds ignorés (timer courant / hors séquence): ['00:11']
17:02:38 [INFO] 9 rounds retenus / 10 total (10 horodatés)
17:02:41 [INFO]   G/NG [17:04]: 10 matchs
17:02:44 [INFO]   G/NG [17:06]: 10 matchs
17:02:47 [INFO]   G/NG [17:08]: 10 matchs
17:02:50 [INFO]   G/NG [17:10]: 10 matchs
17:02:53 [INFO]   G/NG [17:12]: 10 matchs
17:02:56 [INFO]   G/NG [17:14]: 10 matchs
17:02:59 [INFO]   G/NG [17:16]: 10 matchs
17:03:02 [INFO]   G/NG [17:18]: 10 matchs
17:03:05 [INFO]   G/NG [17:20]: 10 matchs
17:03:05 [INFO] G/NG: 90 cotes → data/cbet_odds.json
17:03:05 [INFO] === FIN 37.7s erreurs=aucune ===
17:04:49 [INFO] === DÉBUT CYCLE mode=results ===
17:04:49 [INFO] === SCRAPE RÉSULTATS (version corrigée) ===
17:05:01 [INFO]   4 clics 'Afficher plus'
17:05:04 [INFO] Résultats: 170 → data/cbet_results.json
17:05:04 [INFO] === FIN 15.5s erreurs=aucune ===
18:24:14 [INFO] === DÉBUT CYCLE mode=1x2 ===
18:24:14 [INFO] === SCRAPE 1X2 ===
18:24:57 [INFO] rounds ignorés (timer courant / hors séquence): ['00:52']
18:24:57 [INFO] 9 rounds retenus / 10 total (10 horodatés)
18:25:04 [INFO]   1X2 [18:27]: 10 matchs
18:25:11 [INFO]   1X2 [18:29]: 10 matchs
18:25:21 [INFO]   1X2 [18:31]: 10 matchs
18:25:33 [INFO]   1X2 [18:33]: 10 matchs
18:25:44 [INFO]   1X2 [18:35]: 10 matchs
18:25:54 [INFO]   1X2 [18:37]: 10 matchs
18:26:00 [INFO]   1X2 [18:39]: 10 matchs
18:26:07 [INFO]   1X2 [18:41]: 10 matchs
18:26:18 [INFO]   1X2 [18:43]: 10 matchs
18:26:18 [INFO] 1X2: 9 rounds → data/congobet_1x2_rounds.json
18:26:18 [INFO] === FIN 124.3s erreurs=aucune ===
18:26:18 [INFO] === DÉBUT CYCLE mode=gng ===
18:26:18 [INFO] === SCRAPE G/NG ===
18:26:53 [INFO] rounds ignorés (timer courant / hors séquence): ['00:56']
18:26:53 [INFO] 9 rounds retenus / 10 total (10 horodatés)
18:26:56 [INFO]   G/NG [18:29]: 10 matchs
18:26:59 [INFO]   G/NG [18:31]: 10 matchs
18:27:02 [INFO]   G/NG [18:33]: 10 matchs
18:27:05 [INFO]   G/NG [18:35]: 10 matchs
18:27:08 [INFO]   G/NG [18:37]: 10 matchs
18:27:11 [INFO]   G/NG [18:39]: 10 matchs
18:27:15 [INFO]   G/NG [18:41]: 10 matchs
18:27:18 [INFO]   G/NG [18:43]: 10 matchs
18:27:21 [INFO]   G/NG [18:45]: 10 matchs
18:27:21 [INFO] G/NG: 90 cotes → data/cbet_odds.json
18:27:51 [INFO] === FIN 92.6s erreurs=aucune ===
18:29:34 [INFO] === DÉBUT CYCLE mode=results ===
18:29:34 [INFO] === SCRAPE RÉSULTATS (version corrigée) ===
18:30:00 [INFO]   4 clics 'Afficher plus'
18:30:03 [INFO] Résultats: 200 → data/cbet_results.json
18:30:03 [INFO] === FIN 29.1s erreurs=aucune ===
20:01:02 [INFO] === DÉBUT CYCLE mode=1x2 ===
20:01:03 [INFO] === SCRAPE 1X2 ===
20:01:11 [WARNING] Impossible de sélectionner 1X2
20:01:11 [INFO] 9 rounds retenus / 10 total (9 horodatés)
20:01:13 [INFO]   1X2 [20:02]: 10 matchs
20:01:14 [INFO]   1X2 [20:04]: 10 matchs
20:01:16 [INFO]   1X2 [20:06]: 10 matchs
20:01:17 [INFO]   1X2 [20:08]: 10 matchs
20:01:19 [INFO]   1X2 [20:10]: 10 matchs
20:01:20 [INFO]   1X2 [20:12]: 10 matchs
20:01:21 [INFO]   1X2 [20:14]: 10 matchs
20:01:23 [INFO]   1X2 [20:16]: 10 matchs
20:01:24 [INFO]   1X2 [20:18]: 10 matchs
20:01:24 [INFO] 1X2: 9 rounds → data/congobet_1x2_rounds.json
20:01:24 [INFO] === FIN 21.9s erreurs=aucune ===
20:01:24 [INFO] === DÉBUT CYCLE mode=gng ===
20:01:25 [INFO] === SCRAPE G/NG ===
20:01:33 [WARNING] Impossible de sélectionner G/NG
20:02:03 [INFO] === FIN 38.8s erreurs=aucune ===
20:03:47 [INFO] === DÉBUT CYCLE mode=results ===
20:03:47 [INFO] === SCRAPE RÉSULTATS (version corrigée) ===
20:04:02 [INFO]   5 clics 'Afficher plus'
20:04:07 [INFO] Résultats: 240 → data/cbet_results.json
20:04:37 [INFO] === FIN 49.7s erreurs=aucune ===
21:16:03 [INFO] === DÉBUT CYCLE mode=1x2 ===
21:16:04 [INFO] === SCRAPE 1X2 ===
21:16:11 [WARNING] Impossible de sélectionner 1X2
21:16:11 [INFO] 9 rounds retenus / 10 total (9 horodatés)
21:16:12 [INFO]   1X2 [21:17]: 10 matchs
21:16:14 [INFO]   1X2 [21:19]: 10 matchs
21:16:15 [INFO]   1X2 [21:21]: 10 matchs
21:16:17 [INFO]   1X2 [21:23]: 10 matchs
21:16:18 [INFO]   1X2 [21:25]: 10 matchs
21:16:20 [INFO]   1X2 [21:27]: 10 matchs
21:16:21 [INFO]   1X2 [21:29]: 10 matchs
21:16:22 [INFO]   1X2 [21:31]: 10 matchs
21:16:24 [INFO]   1X2 [21:33]: 10 matchs
21:16:24 [INFO] 1X2: 9 rounds → data/congobet_1x2_rounds.json
21:16:54 [INFO] === FIN 50.6s erreurs=aucune ===
21:16:54 [INFO] === DÉBUT CYCLE mode=gng ===
21:16:54 [INFO] === SCRAPE G/NG ===
21:17:03 [INFO] rounds ignorés (timer courant / hors séquence): ['00:46']
21:17:03 [INFO] 9 rounds retenus / 10 total (10 horodatés)
21:17:07 [INFO]   G/NG [21:19]: 10 matchs
21:17:10 [INFO]   G/NG [21:21]: 10 matchs
21:17:13 [INFO]   G/NG [21:23]: 10 matchs
21:17:16 [INFO]   G/NG [21:25]: 10 matchs
21:17:19 [INFO]   G/NG [21:27]: 10 matchs
21:17:22 [INFO]   G/NG [21:29]: 10 matchs
21:17:25 [INFO]   G/NG [21:31]: 10 matchs
21:17:28 [INFO]   G/NG [21:33]: 10 matchs
21:17:31 [INFO]   G/NG [21:35]: 10 matchs
21:17:31 [INFO] G/NG: 90 cotes → data/cbet_odds.json
21:18:01 [INFO] === FIN 66.9s erreurs=aucune ===
21:19:44 [INFO] === DÉBUT CYCLE mode=results ===
21:19:45 [INFO] === SCRAPE RÉSULTATS (version corrigée) ===
21:19:58 [INFO]   5 clics 'Afficher plus'
21:20:02 [INFO] Résultats: 240 → data/cbet_results.json
21:20:32 [INFO] === FIN 47.9s erreurs=aucune ===
22:16:43 [INFO] === DÉBUT CYCLE mode=1x2 ===
22:16:43 [INFO] === SCRAPE 1X2 ===
22:16:52 [INFO] 9 rounds retenus / 10 total (9 horodatés)
22:16:53 [INFO]   1X2 [22:18]: 10 matchs
22:16:55 [INFO]   1X2 [22:20]: 10 matchs
22:16:56 [INFO]   1X2 [22:22]: 10 matchs
22:16:57 [INFO]   1X2 [22:24]: 10 matchs
22:16:59 [INFO]   1X2 [22:26]: 10 matchs
22:17:00 [INFO]   1X2 [22:28]: 10 matchs
22:17:02 [INFO]   1X2 [22:30]: 10 matchs
22:17:03 [INFO]   1X2 [22:32]: 10 matchs
22:17:04 [INFO]   1X2 [22:34]: 10 matchs
22:17:04 [INFO] 1X2: 9 rounds → data/congobet_1x2_rounds.json
22:17:05 [INFO] === FIN 22.0s erreurs=aucune ===
22:17:05 [INFO] === DÉBUT CYCLE mode=gng ===
22:17:05 [INFO] === SCRAPE G/NG ===
22:17:13 [WARNING] Impossible de sélectionner G/NG
22:17:43 [INFO] === FIN 38.6s erreurs=aucune ===
22:19:27 [INFO] === DÉBUT CYCLE mode=results ===
22:19:27 [INFO] === SCRAPE RÉSULTATS (version corrigée) ===
22:19:39 [INFO]   3 clics 'Afficher plus'
22:19:42 [INFO] Résultats: 160 → data/cbet_results.json
22:19:42 [INFO] === FIN 15.3s erreurs=aucune ===
23:13:32 [INFO] === DÉBUT CYCLE mode=1x2 ===
23:13:32 [INFO] === SCRAPE 1X2 ===
23:13:41 [INFO] rounds ignorés (timer courant / hors séquence): ['00:08']
23:13:41 [INFO] 9 rounds retenus / 10 total (10 horodatés)
23:13:42 [INFO]   1X2 [23:15]: 10 matchs
23:13:44 [INFO]   1X2 [23:17]: 10 matchs
23:13:45 [INFO]   1X2 [23:19]: 10 matchs
23:13:46 [INFO]   1X2 [23:21]: 10 matchs
23:13:48 [INFO]   1X2 [23:23]: 10 matchs
23:13:49 [INFO]   1X2 [23:25]: 10 matchs
23:13:51 [INFO]   1X2 [23:27]: 10 matchs
23:13:52 [INFO]   1X2 [23:29]: 10 matchs
23:13:53 [INFO]   1X2 [23:31]: 10 matchs
23:13:53 [INFO] 1X2: 9 rounds → data/congobet_1x2_rounds.json
23:14:24 [INFO] === FIN 51.8s erreurs=aucune ===
23:14:26 [INFO] === DÉBUT CYCLE mode=gng ===
23:14:27 [INFO] === SCRAPE G/NG ===
23:14:35 [WARNING] Impossible de sélectionner G/NG
23:14:35 [INFO] === FIN 9.6s erreurs=aucune ===
23:16:21 [INFO] === DÉBUT CYCLE mode=results ===
23:16:21 [INFO] === SCRAPE RÉSULTATS (version corrigée) ===
23:16:31 [INFO]   1 clics 'Afficher plus'
23:16:32 [INFO] Résultats: 50 → data/cbet_results.json
23:16:32 [INFO] === FIN 10.9s erreurs=aucune ===
00:09:13 [INFO] === DÉBUT CYCLE mode=1x2 ===
00:09:14 [INFO] === SCRAPE 1X2 ===
00:09:20 [INFO] rounds ignorés (timer courant / hors séquence): ['00:29', '00:11', '00:13', '00:15', '00:17', '00:19']
00:09:20 [INFO] 4 rounds retenus / 10 total (10 horodatés)
00:09:21 [INFO]   1X2 [00:24]: 10 matchs
00:09:22 [INFO]   1X2 [00:26]: 10 matchs
00:09:23 [INFO]   1X2 [00:28]: 10 matchs
00:09:25 [INFO]   1X2 [00:30]: 10 matchs
00:09:25 [INFO] 1X2: 4 rounds → data/congobet_1x2_rounds.json
00:09:56 [INFO] === FIN 42.0s erreurs=aucune ===
00:09:59 [INFO] === DÉBUT CYCLE mode=gng ===
00:10:01 [INFO] === SCRAPE G/NG ===
00:10:07 [WARNING] Impossible de sélectionner G/NG
00:10:37 [INFO] === FIN 38.4s erreurs=aucune ===
00:12:24 [INFO] === DÉBUT CYCLE mode=results ===
00:12:24 [INFO] === SCRAPE RÉSULTATS (version corrigée) ===
00:12:36 [INFO]   5 clics 'Afficher plus'
00:12:41 [INFO] Résultats: 240 → data/cbet_results.json
00:12:41 [INFO] === FIN 17.5s erreurs=aucune ===
03:48:51 [INFO] === DÉBUT CYCLE mode=1x2 ===
03:48:53 [INFO] === SCRAPE 1X2 ===
03:49:00 [WARNING] Impossible de sélectionner 1X2
03:49:00 [INFO] 9 rounds retenus / 10 total (9 horodatés)
03:49:01 [INFO]   1X2 [03:50]: 10 matchs
03:49:03 [INFO]   1X2 [03:52]: 10 matchs
03:49:04 [INFO]   1X2 [03:54]: 10 matchs
03:49:05 [INFO]   1X2 [03:56]: 10 matchs
03:49:07 [INFO]   1X2 [03:58]: 10 matchs
03:49:08 [INFO]   1X2 [04:00]: 10 matchs
03:49:10 [INFO]   1X2 [04:02]: 10 matchs
03:49:11 [INFO]   1X2 [04:04]: 10 matchs
03:49:12 [INFO]   1X2 [04:06]: 10 matchs
03:49:12 [INFO] 1X2: 9 rounds → data/congobet_1x2_rounds.json
03:49:13 [INFO] === FIN 21.5s erreurs=aucune ===
03:49:13 [INFO] === DÉBUT CYCLE mode=gng ===
03:49:13 [INFO] === SCRAPE G/NG ===
03:49:19 [WARNING] Impossible de sélectionner G/NG
03:49:50 [INFO] === FIN 37.0s erreurs=aucune ===
03:51:37 [INFO] === DÉBUT CYCLE mode=results ===
03:51:37 [INFO] === SCRAPE RÉSULTATS (version corrigée) ===
03:51:50 [INFO]   5 clics 'Afficher plus'
03:51:54 [INFO] Résultats: 240 → data/cbet_results.json
03:51:54 [INFO] === FIN 17.5s erreurs=aucune ===
06:07:42 [INFO] === DÉBUT CYCLE mode=1x2 ===
06:07:42 [INFO] === SCRAPE 1X2 ===
06:07:51 [WARNING] Impossible de sélectionner 1X2
06:07:51 [INFO] 9 rounds retenus / 10 total (9 horodatés)
06:07:53 [INFO]   1X2 [06:08]: 10 matchs
06:07:54 [INFO]   1X2 [06:10]: 10 matchs
06:07:55 [INFO]   1X2 [06:12]: 10 matchs
06:07:57 [INFO]   1X2 [06:14]: 10 matchs
06:07:58 [INFO]   1X2 [06:16]: 10 matchs
06:07:59 [INFO]   1X2 [06:18]: 10 matchs
06:08:01 [INFO]   1X2 [06:20]: 10 matchs
06:08:02 [INFO]   1X2 [06:22]: 10 matchs
06:08:03 [INFO]   1X2 [06:24]: 10 matchs
06:08:03 [INFO] 1X2: 9 rounds → data/congobet_1x2_rounds.json
06:08:33 [INFO] === FIN 51.8s erreurs=aucune ===
06:08:34 [INFO] === DÉBUT CYCLE mode=gng ===
06:08:34 [INFO] === SCRAPE G/NG ===
06:08:46 [INFO] rounds ignorés (timer courant / hors séquence): ['00:03']
06:08:46 [INFO] 9 rounds retenus / 10 total (10 horodatés)
06:08:49 [INFO]   G/NG [06:10]: 10 matchs
06:08:52 [INFO]   G/NG [06:12]: 10 matchs
06:08:55 [INFO]   G/NG [06:14]: 10 matchs
06:08:58 [INFO]   G/NG [06:16]: 10 matchs
06:09:01 [INFO]   G/NG [06:18]: 10 matchs
06:09:04 [INFO]   G/NG [06:20]: 10 matchs
06:09:07 [INFO]   G/NG [06:22]: 10 matchs
06:09:10 [INFO]   G/NG [06:24]: 10 matchs
06:09:13 [INFO]   G/NG [06:26]: 10 matchs
06:09:13 [INFO] G/NG: 90 cotes → data/cbet_odds.json
06:09:43 [INFO] === FIN 69.3s erreurs=aucune ===
06:11:28 [INFO] === DÉBUT CYCLE mode=results ===
06:11:28 [INFO] === SCRAPE RÉSULTATS (version corrigée) ===
06:11:40 [INFO]   3 clics 'Afficher plus'
06:11:42 [INFO] Résultats: 150 → data/cbet_results.json
06:11:42 [INFO] === FIN 14.8s erreurs=aucune ===
08:26:03 [INFO] === DÉBUT CYCLE mode=1x2 ===
08:26:03 [INFO] === SCRAPE 1X2 ===
08:26:10 [INFO] rounds ignorés (timer courant / hors séquence): ['00:39']
08:26:10 [INFO] 9 rounds retenus / 10 total (10 horodatés)
08:26:11 [INFO]   1X2 [08:28]: 10 matchs
08:26:12 [INFO]   1X2 [08:30]: 10 matchs
08:26:13 [INFO]   1X2 [08:32]: 10 matchs
08:26:15 [INFO]   1X2 [08:34]: 10 matchs
08:26:15 [INFO]   1X2 [08:36]: 10 matchs
08:26:17 [INFO]   1X2 [08:38]: 10 matchs
08:26:18 [INFO]   1X2 [08:40]: 10 matchs
08:26:20 [INFO]   1X2 [08:42]: 10 matchs
08:26:21 [INFO]   1X2 [08:44]: 10 matchs
08:26:21 [INFO] 1X2: 9 rounds → data/congobet_1x2_rounds.json
08:26:21 [INFO] === FIN 18.4s erreurs=aucune ===
08:26:21 [INFO] === DÉBUT CYCLE mode=gng ===
08:26:22 [INFO] === SCRAPE G/NG ===
08:26:30 [INFO] rounds ignorés (timer courant / hors séquence): ['00:19']
08:26:30 [INFO] 9 rounds retenus / 10 total (10 horodatés)
08:26:33 [INFO]   G/NG [08:28]: 10 matchs
08:26:36 [INFO]   G/NG [08:30]: 10 matchs
08:26:39 [INFO]   G/NG [08:32]: 10 matchs
08:26:42 [INFO]   G/NG [08:34]: 10 matchs
08:26:45 [INFO]   G/NG [08:36]: 10 matchs
08:26:47 [INFO]   G/NG [08:38]: 10 matchs
08:26:50 [INFO]   G/NG [08:40]: 10 matchs
08:26:54 [INFO]   G/NG [08:42]: 10 matchs
08:26:57 [INFO]   G/NG [08:44]: 10 matchs
08:26:57 [INFO] G/NG: 90 cotes → data/cbet_odds.json
08:26:57 [INFO] === FIN 35.5s erreurs=aucune ===
08:28:40 [INFO] === DÉBUT CYCLE mode=results ===
08:28:41 [INFO] === SCRAPE RÉSULTATS (version corrigée) ===
08:28:48 [INFO]   1 clics 'Afficher plus'
08:28:49 [INFO] Résultats: 50 → data/cbet_results.json
08:28:49 [INFO] === FIN 8.6s erreurs=aucune ===
10:17:58 [INFO] === DÉBUT CYCLE mode=1x2 ===
10:17:59 [INFO] === SCRAPE 1X2 ===
10:18:06 [WARNING] Impossible de sélectionner 1X2
10:18:06 [INFO] 9 rounds retenus / 10 total (9 horodatés)
10:18:07 [INFO]   1X2 [10:19]: 10 matchs
10:18:08 [INFO]   1X2 [10:21]: 10 matchs
10:18:09 [INFO]   1X2 [10:23]: 10 matchs
10:18:10 [INFO]   1X2 [10:25]: 10 matchs
10:18:11 [INFO]   1X2 [10:27]: 10 matchs
10:18:12 [INFO]   1X2 [10:29]: 10 matchs
10:18:14 [INFO]   1X2 [10:31]: 10 matchs
10:18:15 [INFO]   1X2 [10:33]: 10 matchs
10:18:17 [INFO]   1X2 [10:35]: 10 matchs
10:18:17 [INFO] 1X2: 9 rounds → data/congobet_1x2_rounds.json
10:18:47 [INFO] === FIN 49.1s erreurs=aucune ===
10:18:47 [INFO] === DÉBUT CYCLE mode=gng ===
10:18:47 [INFO] === SCRAPE G/NG ===
10:18:56 [INFO] rounds ignorés (timer courant / hors séquence): ['00:53']
10:18:56 [INFO] 9 rounds retenus / 10 total (10 horodatés)
10:18:59 [INFO]   G/NG [10:21]: 10 matchs
10:19:02 [INFO]   G/NG [10:23]: 10 matchs
10:19:05 [INFO]   G/NG [10:25]: 10 matchs
10:19:08 [INFO]   G/NG [10:27]: 10 matchs
10:19:11 [INFO]   G/NG [10:29]: 10 matchs
10:19:14 [INFO]   G/NG [10:31]: 10 matchs
10:19:17 [INFO]   G/NG [10:33]: 10 matchs
10:19:20 [INFO]   G/NG [10:35]: 10 matchs
10:19:24 [INFO]   G/NG [10:37]: 10 matchs
10:19:24 [INFO] G/NG: 90 cotes → data/cbet_odds.json
10:19:24 [INFO] === FIN 36.6s erreurs=aucune ===
10:21:07 [INFO] === DÉBUT CYCLE mode=results ===
10:21:08 [INFO] === SCRAPE RÉSULTATS (version corrigée) ===
10:21:20 [INFO]   5 clics 'Afficher plus'
10:21:24 [INFO] Résultats: 220 → data/cbet_results.json
10:21:54 [INFO] === FIN 47.1s erreurs=aucune ===
11:42:32 [INFO] === DÉBUT CYCLE mode=1x2 ===
11:42:33 [INFO] === SCRAPE 1X2 ===
11:42:41 [INFO] rounds ignorés (timer courant / hors séquence): ['00:08']
11:42:41 [INFO] 9 rounds retenus / 10 total (10 horodatés)
11:42:43 [INFO]   1X2 [11:44]: 10 matchs
11:42:44 [INFO]   1X2 [11:46]: 10 matchs
11:42:45 [INFO]   1X2 [11:48]: 10 matchs
11:42:47 [INFO]   1X2 [11:50]: 10 matchs
11:42:48 [INFO]   1X2 [11:52]: 10 matchs
11:42:50 [INFO]   1X2 [11:54]: 10 matchs
11:42:51 [INFO]   1X2 [11:56]: 10 matchs
11:42:52 [INFO]   1X2 [11:58]: 10 matchs
11:42:54 [INFO]   1X2 [12:00]: 10 matchs
11:42:54 [INFO] 1X2: 9 rounds → data/congobet_1x2_rounds.json
11:42:54 [INFO] === FIN 21.8s erreurs=aucune ===
11:42:54 [INFO] === DÉBUT CYCLE mode=gng ===
11:42:54 [INFO] === SCRAPE G/NG ===
11:43:03 [WARNING] Impossible de sélectionner G/NG
11:43:03 [INFO] === FIN 9.1s erreurs=aucune ===
11:44:47 [INFO] === DÉBUT CYCLE mode=results ===
11:44:47 [INFO] === SCRAPE RÉSULTATS (version corrigée) ===
11:45:02 [INFO]   5 clics 'Afficher plus'
11:45:06 [INFO] Résultats: 240 → data/cbet_results.json
11:45:38 [INFO] === FIN 50.0s erreurs=aucune ===
12:57:02 [INFO] === DÉBUT CYCLE mode=1x2 ===
12:57:03 [INFO] === SCRAPE 1X2 ===
12:57:09 [INFO] rounds ignorés (timer courant / hors séquence): ['00:40']
12:57:09 [INFO] 9 rounds retenus / 10 total (10 horodatés)
12:57:10 [INFO]   1X2 [12:59]: 10 matchs
12:57:12 [INFO]   1X2 [13:01]: 10 matchs
12:57:13 [INFO]   1X2 [13:03]: 10 matchs
12:57:14 [INFO]   1X2 [13:05]: 10 matchs
12:57:16 [INFO]   1X2 [13:07]: 10 matchs
12:57:17 [INFO]   1X2 [13:09]: 10 matchs
12:57:19 [INFO]   1X2 [13:11]: 10 matchs
12:57:20 [INFO]   1X2 [13:13]: 10 matchs
12:57:21 [INFO]   1X2 [13:15]: 10 matchs
12:57:21 [INFO] 1X2: 9 rounds → data/congobet_1x2_rounds.json
12:57:21 [INFO] === FIN 19.3s erreurs=aucune ===
12:57:22 [INFO] === DÉBUT CYCLE mode=gng ===
12:57:22 [INFO] === SCRAPE G/NG ===
12:57:31 [INFO] rounds ignorés (timer courant / hors séquence): ['00:18']
12:57:31 [INFO] 9 rounds retenus / 10 total (10 horodatés)
12:57:34 [INFO]   G/NG [12:59]: 10 matchs
12:57:37 [INFO]   G/NG [13:01]: 10 matchs
12:57:40 [INFO]   G/NG [13:03]: 10 matchs
12:57:43 [INFO]   G/NG [13:05]: 10 matchs
12:57:46 [INFO]   G/NG [13:07]: 10 matchs
12:57:50 [INFO]   G/NG [13:09]: 10 matchs
12:57:53 [INFO]   G/NG [13:11]: 10 matchs
12:57:56 [INFO]   G/NG [13:13]: 10 matchs
12:57:59 [INFO]   G/NG [13:15]: 10 matchs
12:57:59 [INFO] G/NG: 90 cotes → data/cbet_odds.json
12:58:29 [INFO] === FIN 67.2s erreurs=aucune ===
13:00:13 [INFO] === DÉBUT CYCLE mode=results ===
13:00:14 [INFO] === SCRAPE RÉSULTATS (version corrigée) ===
13:00:26 [INFO]   5 clics 'Afficher plus'
13:00:30 [INFO] Résultats: 220 → data/cbet_results.json
13:01:00 [INFO] === FIN 47.3s erreurs=aucune ===
16:55:31 [INFO] === DÉBUT CYCLE mode=1x2 ===
16:55:31 [INFO] === SCRAPE 1X2 ===
16:55:40 [WARNING] Impossible de sélectionner 1X2
16:55:40 [INFO] 9 rounds retenus / 10 total (9 horodatés)
16:55:42 [INFO]   1X2 [16:56]: 10 matchs
16:55:43 [INFO]   1X2 [16:58]: 10 matchs
16:55:44 [INFO]   1X2 [17:00]: 10 matchs
16:55:46 [INFO]   1X2 [17:02]: 10 matchs
16:55:47 [INFO]   1X2 [17:04]: 10 matchs
16:55:48 [INFO]   1X2 [17:06]: 10 matchs
16:55:50 [INFO]   1X2 [17:08]: 10 matchs
16:55:51 [INFO]   1X2 [17:10]: 10 matchs
16:55:53 [INFO]   1X2 [17:12]: 10 matchs
16:55:53 [INFO] 1X2: 9 rounds → data/congobet_1x2_rounds.json
16:56:23 [INFO] === FIN 51.8s erreurs=aucune ===
16:56:23 [INFO] === DÉBUT CYCLE mode=gng ===
16:56:24 [INFO] === SCRAPE G/NG ===
16:56:35 [INFO] rounds ignorés (timer courant / hors séquence): ['00:14']
16:56:35 [INFO] 9 rounds retenus / 10 total (10 horodatés)
16:56:38 [INFO]   G/NG [16:58]: 10 matchs
16:56:41 [INFO]   G/NG [17:00]: 10 matchs
16:56:44 [INFO]   G/NG [17:02]: 10 matchs
16:56:47 [INFO]   G/NG [17:04]: 10 matchs
16:56:50 [INFO]   G/NG [17:06]: 10 matchs
16:56:53 [INFO]   G/NG [17:08]: 10 matchs
16:56:56 [INFO]   G/NG [17:10]: 10 matchs
16:56:59 [INFO]   G/NG [17:12]: 10 matchs
16:57:02 [INFO]   G/NG [17:14]: 10 matchs
16:57:02 [INFO] G/NG: 90 cotes → data/cbet_odds.json
16:57:33 [INFO] === FIN 69.1s erreurs=aucune ===
16:59:17 [INFO] === DÉBUT CYCLE mode=results ===
16:59:17 [INFO] === SCRAPE RÉSULTATS (version corrigée) ===
16:59:32 [INFO]   5 clics 'Afficher plus'
16:59:36 [INFO] Résultats: 230 → data/cbet_results.json
16:59:36 [INFO] === FIN 19.5s erreurs=aucune ===
18:07:47 [INFO] === DÉBUT CYCLE mode=1x2 ===
18:07:47 [INFO] === SCRAPE 1X2 ===
18:07:56 [WARNING] Impossible de sélectionner 1X2
18:07:56 [INFO] 9 rounds retenus / 10 total (9 horodatés)
18:07:57 [INFO]   1X2 [18:09]: 10 matchs
18:07:59 [INFO]   1X2 [18:11]: 10 matchs
18:08:00 [INFO]   1X2 [18:13]: 10 matchs
18:08:02 [INFO]   1X2 [18:15]: 10 matchs
18:08:03 [INFO]   1X2 [18:17]: 10 matchs
18:08:05 [INFO]   1X2 [18:19]: 10 matchs
18:08:06 [INFO]   1X2 [18:21]: 10 matchs
18:08:08 [INFO]   1X2 [18:23]: 10 matchs
18:08:09 [INFO]   1X2 [18:25]: 10 matchs
18:08:09 [INFO] 1X2: 9 rounds → data/congobet_1x2_rounds.json
18:08:40 [INFO] === FIN 52.4s erreurs=aucune ===
18:08:42 [INFO] === DÉBUT CYCLE mode=gng ===
18:08:43 [INFO] === SCRAPE G/NG ===
18:08:52 [WARNING] Impossible de sélectionner G/NG
18:09:22 [INFO] === FIN 39.8s erreurs=aucune ===
18:11:10 [INFO] === DÉBUT CYCLE mode=results ===
18:11:11 [INFO] === SCRAPE RÉSULTATS (version corrigée) ===
18:11:25 [INFO]   4 clics 'Afficher plus'
18:11:30 [INFO] Résultats: 200 → data/cbet_results.json
18:11:30 [INFO] === FIN 19.7s erreurs=aucune ===
19:50:39 [INFO] === DÉBUT CYCLE mode=1x2 ===
19:50:41 [INFO] === SCRAPE 1X2 ===
19:50:49 [INFO] rounds ignorés (timer courant / hors séquence): ['00:00', '19:52', '19:54', '19:56', '19:58', '20:00', '20:02', '20:04']
19:50:49 [INFO] 2 rounds retenus / 10 total (10 horodatés)
19:50:51 [INFO]   1X2 [20:09]: 10 matchs
19:50:52 [INFO]   1X2 [20:11]: 10 matchs
19:50:52 [INFO] 1X2: 2 rounds → data/congobet_1x2_rounds.json
19:51:22 [INFO] === FIN 43.1s erreurs=aucune ===
19:51:23 [INFO] === DÉBUT CYCLE mode=gng ===
19:51:23 [INFO] === SCRAPE G/NG ===
19:51:31 [WARNING] Impossible de sélectionner G/NG
19:51:31 [INFO] === FIN 8.7s erreurs=aucune ===
19:53:15 [INFO] === DÉBUT CYCLE mode=results ===
19:53:15 [INFO] === SCRAPE RÉSULTATS (version corrigée) ===
19:53:30 [INFO]   5 clics 'Afficher plus'
19:53:35 [INFO] Résultats: 240 → data/cbet_results.json
19:53:35 [INFO] === FIN 19.9s erreurs=aucune ===
20:48:15 [INFO] === DÉBUT CYCLE mode=1x2 ===
20:48:16 [INFO] === SCRAPE 1X2 ===
20:48:24 [WARNING] Impossible de sélectionner 1X2
20:48:24 [INFO] 9 rounds retenus / 10 total (9 horodatés)
20:48:25 [INFO]   1X2 [20:49]: 10 matchs
20:48:27 [INFO]   1X2 [20:51]: 10 matchs
20:48:28 [INFO]   1X2 [20:53]: 10 matchs
20:48:29 [INFO]   1X2 [20:55]: 10 matchs
20:48:31 [INFO]   1X2 [20:57]: 10 matchs
20:48:32 [INFO]   1X2 [20:59]: 10 matchs
20:48:34 [INFO]   1X2 [21:01]: 10 matchs
20:48:35 [INFO]   1X2 [21:03]: 10 matchs
20:48:36 [INFO]   1X2 [21:05]: 10 matchs
20:48:36 [INFO] 1X2: 9 rounds → data/congobet_1x2_rounds.json
20:49:06 [INFO] === FIN 51.8s erreurs=aucune ===
20:49:07 [INFO] === DÉBUT CYCLE mode=gng ===
20:49:07 [INFO] === SCRAPE G/NG ===
20:49:16 [INFO] rounds ignorés (timer courant / hors séquence): ['00:33']
20:49:16 [INFO] 9 rounds retenus / 10 total (10 horodatés)
20:49:20 [INFO]   G/NG [20:51]: 10 matchs
20:49:23 [INFO]   G/NG [20:53]: 10 matchs
20:49:26 [INFO]   G/NG [20:55]: 10 matchs
20:49:29 [INFO]   G/NG [20:57]: 10 matchs
20:49:32 [INFO]   G/NG [20:59]: 10 matchs
20:49:35 [INFO]   G/NG [21:01]: 10 matchs
20:49:38 [INFO]   G/NG [21:03]: 10 matchs
20:49:41 [INFO]   G/NG [21:05]: 10 matchs
20:49:44 [INFO]   G/NG [21:07]: 10 matchs
20:49:44 [INFO] G/NG: 90 cotes → data/cbet_odds.json
20:50:14 [INFO] === FIN 67.3s erreurs=aucune ===
20:51:59 [INFO] === DÉBUT CYCLE mode=results ===
20:51:59 [INFO] === SCRAPE RÉSULTATS (version corrigée) ===
20:52:12 [INFO]   5 clics 'Afficher plus'
20:52:16 [INFO] Résultats: 210 → data/cbet_results.json
20:52:48 [INFO] === FIN 47.6s erreurs=aucune ===
21:52:38 [INFO] === DÉBUT CYCLE mode=1x2 ===
21:52:39 [INFO] === SCRAPE 1X2 ===
21:52:48 [INFO] rounds ignorés (timer courant / hors séquence): ['00:02']
21:52:48 [INFO] 9 rounds retenus / 10 total (10 horodatés)
21:52:49 [INFO]   1X2 [21:54]: 10 matchs
21:52:51 [INFO]   1X2 [21:56]: 10 matchs
21:52:52 [INFO]   1X2 [21:58]: 10 matchs
21:52:53 [INFO]   1X2 [22:00]: 10 matchs
21:52:55 [INFO]   1X2 [22:02]: 10 matchs
21:52:56 [INFO]   1X2 [22:04]: 10 matchs
21:52:58 [INFO]   1X2 [22:06]: 10 matchs
21:52:59 [INFO]   1X2 [22:08]: 10 matchs
21:53:01 [INFO]   1X2 [22:10]: 10 matchs
21:53:01 [INFO] 1X2: 9 rounds → data/congobet_1x2_rounds.json
21:53:01 [INFO] === FIN 22.2s erreurs=aucune ===
21:53:01 [INFO] === DÉBUT CYCLE mode=gng ===
21:53:01 [INFO] === SCRAPE G/NG ===
21:53:10 [WARNING] Impossible de sélectionner G/NG
21:53:40 [INFO] === FIN 39.0s erreurs=aucune ===
21:55:24 [INFO] === DÉBUT CYCLE mode=results ===
21:55:24 [INFO] === SCRAPE RÉSULTATS (version corrigée) ===
21:55:37 [INFO]   3 clics 'Afficher plus'
21:55:39 [INFO] Résultats: 130 → data/cbet_results.json
21:56:09 [INFO] === FIN 45.4s erreurs=aucune ===
22:40:02 [INFO] === DÉBUT CYCLE mode=1x2 ===
22:40:02 [INFO] === SCRAPE 1X2 ===
22:40:09 [INFO] rounds ignorés (timer courant / hors séquence): ['00:40', '22:42']
22:40:09 [INFO] 8 rounds retenus / 10 total (10 horodatés)
22:40:10 [INFO]   1X2 [22:47]: 10 matchs
22:40:11 [INFO]   1X2 [22:49]: 10 matchs
22:40:13 [INFO]   1X2 [22:51]: 10 matchs
22:40:14 [INFO]   1X2 [22:53]: 10 matchs
22:40:15 [INFO]   1X2 [22:55]: 10 matchs
22:40:17 [INFO]   1X2 [22:57]: 10 matchs
22:40:18 [INFO]   1X2 [22:59]: 10 matchs
22:40:19 [INFO]   1X2 [23:01]: 10 matchs
22:40:19 [INFO] 1X2: 8 rounds → data/congobet_1x2_rounds.json
22:40:49 [INFO] === FIN 47.7s erreurs=aucune ===
22:40:50 [INFO] === DÉBUT CYCLE mode=gng ===
22:40:50 [INFO] === SCRAPE G/NG ===
22:40:56 [WARNING] Impossible de sélectionner G/NG
22:41:26 [INFO] === FIN 36.8s erreurs=aucune ===
22:43:10 [INFO] === DÉBUT CYCLE mode=results ===
22:43:10 [INFO] === SCRAPE RÉSULTATS (version corrigée) ===
22:43:23 [INFO]   5 clics 'Afficher plus'
22:43:28 [INFO] Résultats: 240 → data/cbet_results.json
22:43:28 [INFO] === FIN 17.6s erreurs=aucune ===
23:32:14 [INFO] === DÉBUT CYCLE mode=1x2 ===
23:32:15 [INFO] === SCRAPE 1X2 ===
23:32:24 [WARNING] Impossible de sélectionner 1X2
23:32:24 [INFO] 9 rounds retenus / 10 total (9 horodatés)
23:32:25 [INFO]   1X2 [23:33]: 10 matchs
23:32:27 [INFO]   1X2 [23:35]: 10 matchs
23:32:28 [INFO]   1X2 [23:37]: 10 matchs
23:32:29 [INFO]   1X2 [23:39]: 10 matchs
23:32:31 [INFO]   1X2 [23:41]: 10 matchs
23:32:32 [INFO]   1X2 [23:43]: 10 matchs
23:32:33 [INFO]   1X2 [23:45]: 10 matchs
23:32:35 [INFO]   1X2 [23:47]: 10 matchs
23:32:36 [INFO]   1X2 [23:49]: 10 matchs
23:32:36 [INFO] 1X2: 9 rounds → data/congobet_1x2_rounds.json
23:33:06 [INFO] === FIN 52.2s erreurs=aucune ===
23:33:06 [INFO] === DÉBUT CYCLE mode=gng ===
23:33:07 [INFO] === SCRAPE G/NG ===
23:33:19 [INFO] rounds ignorés (timer courant / hors séquence): ['00:31']
23:33:19 [INFO] 9 rounds retenus / 10 total (10 horodatés)
23:33:22 [INFO]   G/NG [23:35]: 10 matchs
23:33:25 [INFO]   G/NG [23:37]: 10 matchs
23:33:28 [INFO]   G/NG [23:39]: 10 matchs
23:33:31 [INFO]   G/NG [23:41]: 10 matchs
23:33:34 [INFO]   G/NG [23:43]: 10 matchs
23:33:37 [INFO]   G/NG [23:45]: 10 matchs
23:33:40 [INFO]   G/NG [23:47]: 10 matchs
23:33:43 [INFO]   G/NG [23:49]: 10 matchs
23:33:46 [INFO]   G/NG [23:51]: 10 matchs
23:33:46 [INFO] G/NG: 90 cotes → data/cbet_odds.json
23:34:16 [INFO] === FIN 69.3s erreurs=aucune ===
23:35:59 [INFO] === DÉBUT CYCLE mode=results ===
23:35:59 [INFO] === SCRAPE RÉSULTATS (version corrigée) ===
23:36:13 [INFO]   5 clics 'Afficher plus'
23:36:17 [INFO] Résultats: 240 → data/cbet_results.json
23:36:47 [INFO] === FIN 47.6s erreurs=aucune ===
01:13:41 [INFO] === DÉBUT CYCLE mode=1x2 ===
01:13:41 [INFO] === SCRAPE 1X2 ===
01:13:50 [WARNING] Impossible de sélectionner 1X2
01:13:50 [INFO] rounds ignorés (timer courant / hors séquence): ['01:14', '01:16', '01:18', '01:20']
01:13:50 [INFO] 5 rounds retenus / 10 total (9 horodatés)
01:13:51 [INFO]   1X2 [01:25]: 10 matchs
01:13:53 [INFO]   1X2 [01:27]: 10 matchs
01:13:54 [INFO]   1X2 [01:29]: 10 matchs
01:13:55 [INFO]   1X2 [01:31]: 10 matchs
01:13:57 [INFO]   1X2 [01:33]: 10 matchs
01:13:57 [INFO] 1X2: 5 rounds → data/congobet_1x2_rounds.json
01:13:57 [INFO] === FIN 16.1s erreurs=aucune ===
01:13:57 [INFO] === DÉBUT CYCLE mode=gng ===
01:13:57 [INFO] === SCRAPE G/NG ===
01:14:08 [INFO] rounds ignorés (timer courant / hors séquence): ['00:41', '01:16', '01:18', '01:20']
01:14:08 [INFO] 6 rounds retenus / 10 total (10 horodatés)
01:14:11 [INFO]   G/NG [01:25]: 10 matchs
01:14:14 [INFO]   G/NG [01:27]: 10 matchs
01:14:17 [INFO]   G/NG [01:29]: 10 matchs
01:14:20 [INFO]   G/NG [01:31]: 10 matchs
01:14:23 [INFO]   G/NG [01:33]: 10 matchs
01:14:26 [INFO]   G/NG [01:35]: 10 matchs
01:14:26 [INFO] G/NG: 60 cotes → data/cbet_odds.json
01:14:26 [INFO] === FIN 29.3s erreurs=aucune ===
01:16:10 [INFO] === DÉBUT CYCLE mode=results ===
01:16:10 [INFO] === SCRAPE RÉSULTATS (version corrigée) ===
01:16:25 [INFO]   5 clics 'Afficher plus'
01:16:29 [INFO] Résultats: 240 → data/cbet_results.json
01:17:00 [INFO] === FIN 49.5s erreurs=aucune ===
04:45:14 [INFO] === DÉBUT CYCLE mode=1x2 ===
04:45:15 [INFO] === SCRAPE 1X2 ===
04:45:23 [INFO] rounds ignorés (timer courant / hors séquence): ['00:26']
04:45:23 [INFO] 9 rounds retenus / 10 total (10 horodatés)
04:45:25 [INFO]   1X2 [04:47]: 10 matchs
04:45:26 [INFO]   1X2 [04:49]: 10 matchs
04:45:28 [INFO]   1X2 [04:51]: 10 matchs
04:45:29 [INFO]   1X2 [04:53]: 10 matchs
04:45:30 [INFO]   1X2 [04:55]: 10 matchs
04:45:32 [INFO]   1X2 [04:57]: 10 matchs
04:45:33 [INFO]   1X2 [04:59]: 10 matchs
04:45:34 [INFO]   1X2 [05:01]: 10 matchs
04:45:36 [INFO]   1X2 [05:03]: 10 matchs
04:45:36 [INFO] 1X2: 9 rounds → data/congobet_1x2_rounds.json
04:45:36 [INFO] === FIN 21.5s erreurs=aucune ===
04:45:36 [INFO] === DÉBUT CYCLE mode=gng ===
04:45:36 [INFO] === SCRAPE G/NG ===
04:45:47 [INFO] rounds ignorés (timer courant / hors séquence): ['00:02']
04:45:47 [INFO] 9 rounds retenus / 10 total (10 horodatés)
04:45:50 [INFO]   G/NG [04:47]: 10 matchs
04:45:53 [INFO]   G/NG [04:49]: 10 matchs
04:45:56 [INFO]   G/NG [04:51]: 10 matchs
04:45:59 [INFO]   G/NG [04:53]: 10 matchs
04:46:02 [INFO]   G/NG [04:55]: 10 matchs
04:46:06 [INFO]   G/NG [04:57]: 10 matchs
04:46:09 [INFO]   G/NG [04:59]: 10 matchs
04:46:12 [INFO]   G/NG [05:01]: 10 matchs
04:46:15 [INFO]   G/NG [05:03]: 10 matchs
04:46:15 [INFO] G/NG: 90 cotes → data/cbet_odds.json
04:46:45 [INFO] === FIN 69.0s erreurs=aucune ===
04:48:29 [INFO] === DÉBUT CYCLE mode=results ===
04:48:29 [INFO] === SCRAPE RÉSULTATS (version corrigée) ===
04:48:44 [INFO]   5 clics 'Afficher plus'
04:48:48 [INFO] Résultats: 220 → data/cbet_results.json
04:48:48 [INFO] === FIN 19.3s erreurs=aucune ===
07:27:17 [INFO] === DÉBUT CYCLE mode=1x2 ===
07:27:17 [INFO] === SCRAPE 1X2 ===
07:27:24 [INFO] rounds ignorés (timer courant / hors séquence): ['00:25']
07:27:24 [INFO] 9 rounds retenus / 10 total (10 horodatés)
07:27:25 [INFO]   1X2 [07:29]: 10 matchs
07:27:27 [INFO]   1X2 [07:31]: 10 matchs
07:27:28 [INFO]   1X2 [07:33]: 10 matchs
07:27:30 [INFO]   1X2 [07:35]: 10 matchs
07:27:31 [INFO]   1X2 [07:37]: 10 matchs
07:27:32 [INFO]   1X2 [07:39]: 10 matchs
07:27:34 [INFO]   1X2 [07:41]: 10 matchs
07:27:35 [INFO]   1X2 [07:43]: 10 matchs
07:27:37 [INFO]   1X2 [07:45]: 10 matchs
07:27:37 [INFO] 1X2: 9 rounds → data/congobet_1x2_rounds.json
07:28:07 [INFO] === FIN 49.9s erreurs=aucune ===
07:28:07 [INFO] === DÉBUT CYCLE mode=gng ===
07:28:07 [INFO] === SCRAPE G/NG ===
07:28:14 [WARNING] Impossible de sélectionner G/NG
07:28:45 [INFO] === FIN 37.6s erreurs=aucune ===
07:30:31 [INFO] === DÉBUT CYCLE mode=results ===
07:30:32 [INFO] === SCRAPE RÉSULTATS (version corrigée) ===
07:30:45 [INFO]   5 clics 'Afficher plus'
07:30:50 [INFO] Résultats: 240 → data/cbet_results.json
07:31:20 [INFO] === FIN 48.1s erreurs=aucune ===
09:42:31 [INFO] === DÉBUT CYCLE mode=1x2 ===
09:42:34 [INFO] === SCRAPE 1X2 ===
09:42:40 [WARNING] Impossible de sélectionner 1X2
09:42:40 [INFO] 9 rounds retenus / 10 total (9 horodatés)
09:42:42 [INFO]   1X2 [09:43]: 10 matchs
09:42:43 [INFO]   1X2 [09:45]: 10 matchs
09:42:44 [INFO]   1X2 [09:47]: 10 matchs
09:42:46 [INFO]   1X2 [09:49]: 10 matchs
09:42:47 [INFO]   1X2 [09:51]: 10 matchs
09:42:49 [INFO]   1X2 [09:53]: 10 matchs
09:42:50 [INFO]   1X2 [09:55]: 10 matchs
09:42:50 [INFO]   1X2 [09:57]: 10 matchs
09:42:52 [INFO]   1X2 [09:59]: 10 matchs
09:42:52 [INFO] 1X2: 9 rounds → data/congobet_1x2_rounds.json
09:42:52 [INFO] === FIN 20.4s erreurs=aucune ===
09:42:52 [INFO] === DÉBUT CYCLE mode=gng ===
09:42:52 [INFO] === SCRAPE G/NG ===
09:43:01 [INFO] rounds ignorés (timer courant / hors séquence): ['00:48']
09:43:01 [INFO] 9 rounds retenus / 10 total (10 horodatés)
09:43:04 [INFO]   G/NG [09:45]: 10 matchs
09:43:07 [INFO]   G/NG [09:47]: 10 matchs
09:43:10 [INFO]   G/NG [09:49]: 10 matchs
09:43:12 [INFO]   G/NG [09:51]: 10 matchs
09:43:15 [INFO]   G/NG [09:53]: 10 matchs
09:43:18 [INFO]   G/NG [09:55]: 10 matchs
09:43:21 [INFO]   G/NG [09:57]: 10 matchs
09:43:24 [INFO]   G/NG [09:59]: 10 matchs
09:43:27 [INFO]   G/NG [10:01]: 10 matchs
09:43:27 [INFO] G/NG: 90 cotes → data/cbet_odds.json
09:43:58 [INFO] === FIN 65.5s erreurs=aucune ===
09:45:42 [INFO] === DÉBUT CYCLE mode=results ===
09:45:42 [INFO] === SCRAPE RÉSULTATS (version corrigée) ===
09:45:52 [INFO]   3 clics 'Afficher plus'
09:45:54 [INFO] Résultats: 130 → data/cbet_results.json
09:45:54 [INFO] === FIN 12.5s erreurs=aucune ===
11:30:27 [INFO] === DÉBUT CYCLE mode=1x2 ===
11:30:27 [INFO] === SCRAPE 1X2 ===
11:30:36 [INFO] rounds ignorés (timer courant / hors séquence): ['00:14']
11:30:36 [INFO] 9 rounds retenus / 10 total (10 horodatés)
11:30:37 [INFO]   1X2 [11:32]: 10 matchs
11:30:38 [INFO]   1X2 [11:34]: 10 matchs
11:30:40 [INFO]   1X2 [11:36]: 10 matchs
11:30:41 [INFO]   1X2 [11:38]: 10 matchs
11:30:43 [INFO]   1X2 [11:40]: 10 matchs
11:30:44 [INFO]   1X2 [11:42]: 10 matchs
11:30:45 [INFO]   1X2 [11:44]: 10 matchs
11:30:47 [INFO]   1X2 [11:46]: 10 matchs
11:30:48 [INFO]   1X2 [11:48]: 10 matchs
11:30:48 [INFO] 1X2: 9 rounds → data/congobet_1x2_rounds.json
11:30:48 [INFO] === FIN 21.8s erreurs=aucune ===
11:30:48 [INFO] === DÉBUT CYCLE mode=gng ===
11:30:49 [INFO] === SCRAPE G/NG ===
11:30:57 [WARNING] Impossible de sélectionner G/NG
11:31:27 [INFO] === FIN 38.8s erreurs=aucune ===
11:33:12 [INFO] === DÉBUT CYCLE mode=results ===
11:33:12 [INFO] === SCRAPE RÉSULTATS (version corrigée) ===
11:33:27 [INFO]   5 clics 'Afficher plus'
11:33:31 [INFO] Résultats: 240 → data/cbet_results.json
11:33:31 [INFO] === FIN 19.5s erreurs=aucune ===
13:17:33 [INFO] === DÉBUT CYCLE mode=1x2 ===
13:17:33 [INFO] === SCRAPE 1X2 ===
13:17:42 [WARNING] Impossible de sélectionner 1X2
13:17:42 [INFO] 9 rounds retenus / 10 total (9 horodatés)
13:17:43 [INFO]   1X2 [13:18]: 10 matchs
13:17:45 [INFO]   1X2 [13:20]: 10 matchs
13:17:46 [INFO]   1X2 [13:22]: 10 matchs
13:17:48 [INFO]   1X2 [13:24]: 10 matchs
13:17:49 [INFO]   1X2 [13:26]: 10 matchs
13:17:50 [INFO]   1X2 [13:28]: 10 matchs
13:17:52 [INFO]   1X2 [13:30]: 10 matchs
13:17:53 [INFO]   1X2 [13:32]: 10 matchs
13:17:54 [INFO]   1X2 [13:34]: 10 matchs
13:17:54 [INFO] 1X2: 9 rounds → data/congobet_1x2_rounds.json
13:17:54 [INFO] === FIN 21.7s erreurs=aucune ===
13:17:55 [INFO] === DÉBUT CYCLE mode=gng ===
13:17:55 [INFO] === SCRAPE G/NG ===
13:18:05 [INFO] rounds ignorés (timer courant / hors séquence): ['00:43']
13:18:05 [INFO] 9 rounds retenus / 10 total (10 horodatés)
13:18:08 [INFO]   G/NG [13:20]: 10 matchs
13:18:12 [INFO]   G/NG [13:22]: 10 matchs
13:18:15 [INFO]   G/NG [13:24]: 10 matchs
13:18:18 [INFO]   G/NG [13:26]: 10 matchs
13:18:21 [INFO]   G/NG [13:28]: 10 matchs
13:18:24 [INFO]   G/NG [13:30]: 10 matchs
13:18:27 [INFO]   G/NG [13:32]: 10 matchs
13:18:30 [INFO]   G/NG [13:34]: 10 matchs
13:18:33 [INFO]   G/NG [13:36]: 10 matchs
13:18:33 [INFO] G/NG: 90 cotes → data/cbet_odds.json
13:18:33 [INFO] === FIN 38.2s erreurs=aucune ===
13:20:17 [INFO] === DÉBUT CYCLE mode=results ===
13:20:17 [INFO] === SCRAPE RÉSULTATS (version corrigée) ===
13:20:24 [INFO]   0 clics 'Afficher plus'
13:20:25 [INFO] Résultats: 20 → data/cbet_results.json
13:20:25 [INFO] === FIN 8.2s erreurs=aucune ===
15:38:21 [INFO] === DÉBUT CYCLE mode=1x2 ===
15:38:23 [INFO] === SCRAPE 1X2 ===
15:38:30 [WARNING] Impossible de sélectionner 1X2
15:38:30 [INFO] rounds ignorés (timer courant / hors séquence): ['15:39', '15:41', '15:43', '15:45', '15:47', '15:49']
15:38:30 [INFO] 3 rounds retenus / 10 total (9 horodatés)
15:38:31 [INFO]   1X2 [15:54]: 10 matchs
15:38:33 [INFO]   1X2 [15:56]: 10 matchs
15:38:34 [INFO]   1X2 [15:58]: 10 matchs
15:38:34 [INFO] 1X2: 3 rounds → data/congobet_1x2_rounds.json
15:38:34 [INFO] === FIN 12.7s erreurs=aucune ===
15:38:34 [INFO] === DÉBUT CYCLE mode=gng ===
15:38:35 [INFO] === SCRAPE G/NG ===
15:38:41 [WARNING] Impossible de sélectionner G/NG
15:38:41 [INFO] === FIN 6.8s erreurs=aucune ===
15:40:25 [INFO] === DÉBUT CYCLE mode=results ===
15:40:25 [INFO] === SCRAPE RÉSULTATS (version corrigée) ===
15:40:38 [INFO]   5 clics 'Afficher plus'
15:40:42 [INFO] Résultats: 240 → data/cbet_results.json
15:41:12 [INFO] === FIN 47.2s erreurs=aucune ===
17:11:46 [INFO] === DÉBUT CYCLE mode=1x2 ===
17:11:47 [INFO] === SCRAPE 1X2 ===
17:11:56 [INFO] rounds ignorés (timer courant / hors séquence): ['01:53']
17:11:56 [INFO] 9 rounds retenus / 10 total (10 horodatés)
17:11:57 [INFO]   1X2 [17:15]: 10 matchs
17:11:59 [INFO]   1X2 [17:17]: 10 matchs
17:12:00 [INFO]   1X2 [17:19]: 10 matchs
17:12:02 [INFO]   1X2 [17:21]: 10 matchs
17:12:03 [INFO]   1X2 [17:23]: 10 matchs
17:12:04 [INFO]   1X2 [17:25]: 10 matchs
17:12:06 [INFO]   1X2 [17:27]: 10 matchs
17:12:07 [INFO]   1X2 [17:29]: 10 matchs
17:12:08 [INFO]   1X2 [17:31]: 10 matchs
17:12:08 [INFO] 1X2: 9 rounds → data/congobet_1x2_rounds.json
17:12:09 [INFO] === FIN 23.0s erreurs=aucune ===
17:12:09 [INFO] === DÉBUT CYCLE mode=gng ===
17:12:09 [INFO] === SCRAPE G/NG ===
17:12:20 [INFO] rounds ignorés (timer courant / hors séquence): ['01:29']
17:12:20 [INFO] 9 rounds retenus / 10 total (10 horodatés)
17:12:23 [INFO]   G/NG [17:15]: 10 matchs
17:12:26 [INFO]   G/NG [17:17]: 10 matchs
17:12:29 [INFO]   G/NG [17:19]: 10 matchs
17:12:32 [INFO]   G/NG [17:21]: 10 matchs
17:12:35 [INFO]   G/NG [17:23]: 10 matchs
17:12:38 [INFO]   G/NG [17:25]: 10 matchs
17:12:41 [INFO]   G/NG [17:27]: 10 matchs
17:12:44 [INFO]   G/NG [17:29]: 10 matchs
17:12:47 [INFO]   G/NG [17:31]: 10 matchs
17:12:47 [INFO] G/NG: 90 cotes → data/cbet_odds.json
17:12:47 [INFO] === FIN 38.6s erreurs=aucune ===
17:14:31 [INFO] === DÉBUT CYCLE mode=results ===
17:14:31 [INFO] === SCRAPE RÉSULTATS (version corrigée) ===
17:14:40 [INFO]   0 clics 'Afficher plus'
17:14:55 [WARNING] Aucun conteneur de résultat trouvé
17:14:55 [INFO] === FIN 23.6s erreurs=aucune ===
19:05:42 [INFO] === DÉBUT CYCLE mode=1x2 ===
19:05:43 [INFO] === SCRAPE 1X2 ===
19:05:53 [WARNING] Impossible de sélectionner 1X2
19:05:53 [INFO] 9 rounds retenus / 10 total (9 horodatés)
19:05:54 [INFO]   1X2 [19:06]: 10 matchs
19:05:55 [INFO]   1X2 [19:08]: 10 matchs
19:05:57 [INFO]   1X2 [19:10]: 10 matchs
19:05:58 [INFO]   1X2 [19:12]: 10 matchs
19:06:00 [INFO]   1X2 [19:14]: 10 matchs
19:06:01 [INFO]   1X2 [19:16]: 10 matchs
19:06:02 [INFO]   1X2 [19:18]: 10 matchs
19:06:04 [INFO]   1X2 [19:20]: 10 matchs
19:06:05 [INFO]   1X2 [19:22]: 10 matchs
19:06:05 [INFO] 1X2: 9 rounds → data/congobet_1x2_rounds.json
19:06:05 [INFO] === FIN 23.4s erreurs=aucune ===
19:06:05 [INFO] === DÉBUT CYCLE mode=gng ===
19:06:06 [INFO] === SCRAPE G/NG ===
19:06:17 [INFO] rounds ignorés (timer courant / hors séquence): ['00:32']
19:06:17 [INFO] 9 rounds retenus / 10 total (10 horodatés)
19:06:20 [INFO]   G/NG [19:08]: 10 matchs
19:06:23 [INFO]   G/NG [19:10]: 10 matchs
19:06:26 [INFO]   G/NG [19:12]: 10 matchs
19:06:29 [INFO]   G/NG [19:14]: 10 matchs
19:06:32 [INFO]   G/NG [19:16]: 10 matchs
19:06:35 [INFO]   G/NG [19:18]: 10 matchs
19:06:38 [INFO]   G/NG [19:20]: 10 matchs
19:06:41 [INFO]   G/NG [19:22]: 10 matchs
19:06:44 [INFO]   G/NG [19:24]: 10 matchs
19:06:44 [INFO] G/NG: 90 cotes → data/cbet_odds.json
19:06:44 [INFO] === FIN 39.0s erreurs=aucune ===
19:08:28 [INFO] === DÉBUT CYCLE mode=results ===
19:08:29 [INFO] === SCRAPE RÉSULTATS (version corrigée) ===
19:08:42 [INFO]   4 clics 'Afficher plus'
19:08:45 [INFO] Résultats: 180 → data/cbet_results.json
19:08:45 [INFO] === FIN 17.2s erreurs=aucune ===
20:28:08 [INFO] === DÉBUT CYCLE mode=1x2 ===
20:28:09 [INFO] === SCRAPE 1X2 ===
20:28:15 [WARNING] Impossible de sélectionner 1X2
20:28:15 [INFO] 9 rounds retenus / 10 total (9 horodatés)
20:28:16 [INFO]   1X2 [20:29]: 10 matchs
20:28:18 [INFO]   1X2 [20:31]: 10 matchs
20:28:19 [INFO]   1X2 [20:33]: 10 matchs
20:28:21 [INFO]   1X2 [20:35]: 10 matchs
20:28:22 [INFO]   1X2 [20:37]: 10 matchs
20:28:23 [INFO]   1X2 [20:39]: 10 matchs
20:28:24 [INFO]   1X2 [20:41]: 10 matchs
20:28:26 [INFO]   1X2 [20:43]: 10 matchs
20:28:27 [INFO]   1X2 [20:45]: 10 matchs
20:28:27 [INFO] 1X2: 9 rounds → data/congobet_1x2_rounds.json
20:28:57 [INFO] === FIN 49.2s erreurs=aucune ===
20:28:58 [INFO] === DÉBUT CYCLE mode=gng ===
20:28:58 [INFO] === SCRAPE G/NG ===
20:29:06 [INFO] rounds ignorés (timer courant / hors séquence): ['00:42']
20:29:06 [INFO] 9 rounds retenus / 10 total (10 horodatés)
20:29:10 [INFO]   G/NG [20:31]: 10 matchs
20:29:13 [INFO]   G/NG [20:33]: 10 matchs
20:29:16 [INFO]   G/NG [20:35]: 10 matchs
20:29:19 [INFO]   G/NG [20:37]: 10 matchs
20:29:22 [INFO]   G/NG [20:39]: 10 matchs
20:29:25 [INFO]   G/NG [20:41]: 10 matchs
20:29:28 [INFO]   G/NG [20:43]: 10 matchs
20:29:31 [INFO]   G/NG [20:45]: 10 matchs
20:29:34 [INFO]   G/NG [20:47]: 10 matchs
20:29:34 [INFO] G/NG: 90 cotes → data/cbet_odds.json
20:30:04 [INFO] === FIN 65.9s erreurs=aucune ===
20:31:49 [INFO] === DÉBUT CYCLE mode=results ===
20:31:49 [INFO] === SCRAPE RÉSULTATS (version corrigée) ===
20:32:01 [INFO]   4 clics 'Afficher plus'
20:32:04 [INFO] Résultats: 200 → data/cbet_results.json
20:32:04 [INFO] === FIN 15.1s erreurs=aucune ===
21:41:39 [INFO] === DÉBUT CYCLE mode=1x2 ===
21:41:39 [INFO] === SCRAPE 1X2 ===
21:41:45 [WARNING] Impossible de sélectionner 1X2
21:41:45 [INFO] 9 rounds retenus / 10 total (9 horodatés)
21:41:46 [INFO]   1X2 [21:42]: 10 matchs
21:41:48 [INFO]   1X2 [21:44]: 10 matchs
21:41:49 [INFO]   1X2 [21:46]: 10 matchs
21:41:50 [INFO]   1X2 [21:48]: 10 matchs
21:41:51 [INFO]   1X2 [21:50]: 10 matchs
21:41:52 [INFO]   1X2 [21:52]: 10 matchs
21:41:54 [INFO]   1X2 [21:54]: 10 matchs
21:41:55 [INFO]   1X2 [21:56]: 10 matchs
21:41:57 [INFO]   1X2 [21:58]: 10 matchs
21:41:57 [INFO] 1X2: 9 rounds → data/congobet_1x2_rounds.json
21:41:57 [INFO] === FIN 18.1s erreurs=aucune ===
21:41:57 [INFO] === DÉBUT CYCLE mode=gng ===
21:41:57 [INFO] === SCRAPE G/NG ===
21:42:06 [INFO] rounds ignorés (timer courant / hors séquence): ['00:43']
21:42:06 [INFO] 9 rounds retenus / 10 total (10 horodatés)
21:42:08 [INFO]   G/NG [21:44]: 10 matchs
21:42:11 [INFO]   G/NG [21:46]: 10 matchs
21:42:14 [INFO]   G/NG [21:48]: 10 matchs
21:42:17 [INFO]   G/NG [21:50]: 10 matchs
21:42:20 [INFO]   G/NG [21:52]: 10 matchs
21:42:22 [INFO]   G/NG [21:54]: 10 matchs
21:42:25 [INFO]   G/NG [21:56]: 10 matchs
21:42:28 [INFO]   G/NG [21:58]: 10 matchs
21:42:32 [INFO]   G/NG [22:00]: 10 matchs
21:42:32 [INFO] G/NG: 90 cotes → data/cbet_odds.json
21:42:32 [INFO] === FIN 34.8s erreurs=aucune ===
21:44:15 [INFO] === DÉBUT CYCLE mode=results ===
21:44:15 [INFO] === SCRAPE RÉSULTATS (version corrigée) ===
21:44:27 [INFO]   4 clics 'Afficher plus'
21:44:30 [INFO] Résultats: 170 → data/cbet_results.json
21:45:00 [INFO] === FIN 44.5s erreurs=aucune ===
22:31:10 [INFO] === DÉBUT CYCLE mode=1x2 ===
22:31:11 [INFO] === SCRAPE 1X2 ===
22:31:18 [INFO] rounds ignorés (timer courant / hors séquence): ['00:32']
22:31:18 [INFO] 9 rounds retenus / 10 total (10 horodatés)
22:31:19 [INFO]   1X2 [22:33]: 10 matchs
22:31:20 [INFO]   1X2 [22:35]: 10 matchs
22:31:22 [INFO]   1X2 [22:37]: 10 matchs
22:31:23 [INFO]   1X2 [22:39]: 10 matchs
22:31:24 [INFO]   1X2 [22:41]: 10 matchs
22:31:26 [INFO]   1X2 [22:43]: 10 matchs
22:31:27 [INFO]   1X2 [22:45]: 10 matchs
22:31:29 [INFO]   1X2 [22:47]: 10 matchs
22:31:30 [INFO]   1X2 [22:49]: 10 matchs
22:31:30 [INFO] 1X2: 9 rounds → data/congobet_1x2_rounds.json
22:32:00 [INFO] === FIN 50.1s erreurs=aucune ===
22:32:01 [INFO] === DÉBUT CYCLE mode=gng ===
22:32:01 [INFO] === SCRAPE G/NG ===
22:32:08 [WARNING] Impossible de sélectionner G/NG
22:32:08 [INFO] === FIN 7.6s erreurs=aucune ===
22:33:54 [INFO] === DÉBUT CYCLE mode=results ===
22:33:55 [INFO] === SCRAPE RÉSULTATS (version corrigée) ===
22:34:01 [INFO]   0 clics 'Afficher plus'
22:34:01 [INFO] Résultats: 20 → data/cbet_results.json
22:34:31 [INFO] === FIN 37.3s erreurs=aucune ===
23:30:27 [INFO] === DÉBUT CYCLE mode=1x2 ===
23:30:27 [INFO] === SCRAPE 1X2 ===
23:30:34 [WARNING] Impossible de sélectionner 1X2
23:30:34 [INFO] rounds ignorés (timer courant / hors séquence): ['23:31', '23:33', '23:35', '23:37', '23:39', '23:41', '23:43']
23:30:34 [INFO] 2 rounds retenus / 10 total (9 horodatés)
23:30:36 [INFO]   1X2 [23:48]: 10 matchs
23:30:37 [INFO]   1X2 [23:50]: 10 matchs
23:30:37 [INFO] 1X2: 2 rounds → data/congobet_1x2_rounds.json
23:31:07 [INFO] === FIN 40.3s erreurs=aucune ===
23:31:07 [INFO] === DÉBUT CYCLE mode=gng ===
23:31:08 [INFO] === SCRAPE G/NG ===
23:31:17 [INFO] rounds ignorés (timer courant / hors séquence): ['00:31', '23:33', '23:35', '23:37', '23:39', '23:41', '23:43']
23:31:17 [INFO] 3 rounds retenus / 10 total (10 horodatés)
23:31:20 [INFO]   G/NG [23:48]: 10 matchs
23:31:23 [INFO]   G/NG [23:50]: 10 matchs
23:31:26 [INFO]   G/NG [23:52]: 10 matchs
23:31:26 [INFO] G/NG: 30 cotes → data/cbet_odds.json
23:31:26 [INFO] === FIN 18.9s erreurs=aucune ===
23:33:10 [INFO] === DÉBUT CYCLE mode=results ===
23:33:10 [INFO] === SCRAPE RÉSULTATS (version corrigée) ===
23:33:23 [INFO]   5 clics 'Afficher plus'
23:33:26 [INFO] Résultats: 240 → data/cbet_results.json
23:33:26 [INFO] === FIN 16.8s erreurs=aucune ===
01:17:51 [INFO] === DÉBUT CYCLE mode=1x2 ===
01:17:53 [INFO] === SCRAPE 1X2 ===
01:18:02 [WARNING] Impossible de sélectionner 1X2
01:18:02 [INFO] 9 rounds retenus / 10 total (9 horodatés)
01:18:04 [INFO]   1X2 [01:19]: 10 matchs
01:18:05 [INFO]   1X2 [01:21]: 10 matchs
01:18:06 [INFO]   1X2 [01:23]: 10 matchs
01:18:08 [INFO]   1X2 [01:25]: 10 matchs
01:18:09 [INFO]   1X2 [01:27]: 10 matchs
01:18:11 [INFO]   1X2 [01:29]: 10 matchs
01:18:12 [INFO]   1X2 [01:31]: 10 matchs
01:18:13 [INFO]   1X2 [01:33]: 10 matchs
01:18:15 [INFO]   1X2 [01:35]: 10 matchs
01:18:15 [INFO] 1X2: 9 rounds → data/congobet_1x2_rounds.json
01:18:15 [INFO] === FIN 23.7s erreurs=aucune ===
01:18:15 [INFO] === DÉBUT CYCLE mode=gng ===
01:18:15 [INFO] === SCRAPE G/NG ===
01:18:24 [WARNING] Impossible de sélectionner G/NG
01:18:24 [INFO] === FIN 8.7s erreurs=aucune ===
01:20:08 [INFO] === DÉBUT CYCLE mode=results ===
01:20:08 [INFO] === SCRAPE RÉSULTATS (version corrigée) ===
01:20:18 [INFO]   1 clics 'Afficher plus'
01:20:19 [INFO] Résultats: 60 → data/cbet_results.json
01:20:19 [INFO] === FIN 11.0s erreurs=aucune ===
04:46:07 [INFO] === DÉBUT CYCLE mode=1x2 ===
04:46:08 [INFO] === SCRAPE 1X2 ===
04:46:15 [WARNING] Impossible de sélectionner 1X2
04:46:15 [INFO] rounds ignorés (timer courant / hors séquence): ['04:47', '04:49', '04:51', '04:53', '04:55', '04:57', '04:59']
04:46:15 [INFO] 2 rounds retenus / 10 total (9 horodatés)
04:46:16 [INFO]   1X2 [05:04]: 10 matchs
04:46:17 [INFO]   1X2 [05:06]: 10 matchs
04:46:17 [INFO] 1X2: 2 rounds → data/congobet_1x2_rounds.json
04:46:17 [INFO] === FIN 10.2s erreurs=aucune ===
04:46:17 [INFO] === DÉBUT CYCLE mode=gng ===
04:46:18 [INFO] === SCRAPE G/NG ===
04:46:24 [WARNING] Impossible de sélectionner G/NG
04:46:55 [INFO] === FIN 36.7s erreurs=aucune ===
04:48:41 [INFO] === DÉBUT CYCLE mode=results ===
04:48:41 [INFO] === SCRAPE RÉSULTATS (version corrigée) ===
04:48:54 [INFO]   5 clics 'Afficher plus'
04:48:58 [INFO] Résultats: 230 → data/cbet_results.json
04:49:29 [INFO] === FIN 47.6s erreurs=aucune ===
07:34:18 [INFO] === DÉBUT CYCLE mode=1x2 ===
07:34:20 [INFO] === SCRAPE 1X2 ===
07:34:27 [WARNING] Impossible de sélectionner 1X2
07:34:27 [INFO] rounds ignorés (timer courant / hors séquence): ['07:35', '07:37']
07:34:27 [INFO] 7 rounds retenus / 10 total (9 horodatés)
07:34:28 [INFO]   1X2 [07:42]: 10 matchs
07:34:30 [INFO]   1X2 [07:44]: 10 matchs
07:34:31 [INFO]   1X2 [07:46]: 10 matchs
07:34:33 [INFO]   1X2 [07:48]: 10 matchs
07:34:34 [INFO]   1X2 [07:50]: 10 matchs
07:34:36 [INFO]   1X2 [07:52]: 10 matchs
07:34:37 [INFO]   1X2 [07:54]: 10 matchs
07:34:37 [INFO] 1X2: 7 rounds → data/congobet_1x2_rounds.json
07:35:08 [INFO] === FIN 49.1s erreurs=aucune ===
07:35:08 [INFO] === DÉBUT CYCLE mode=gng ===
07:35:09 [INFO] === SCRAPE G/NG ===
07:35:18 [INFO] rounds ignorés (timer courant / hors séquence): ['00:30', '07:37']
07:35:18 [INFO] 8 rounds retenus / 10 total (10 horodatés)
07:35:22 [INFO]   G/NG [07:42]: 10 matchs
07:35:25 [INFO]   G/NG [07:44]: 10 matchs
07:35:28 [INFO]   G/NG [07:46]: 10 matchs
07:35:31 [INFO]   G/NG [07:48]: 10 matchs
07:35:34 [INFO]   G/NG [07:50]: 10 matchs
07:35:37 [INFO]   G/NG [07:52]: 10 matchs
07:35:40 [INFO]   G/NG [07:54]: 10 matchs
07:35:43 [INFO]   G/NG [07:56]: 10 matchs
07:35:43 [INFO] G/NG: 80 cotes → data/cbet_odds.json
07:36:13 [INFO] === FIN 65.1s erreurs=aucune ===
07:37:57 [INFO] === DÉBUT CYCLE mode=results ===
07:37:58 [INFO] === SCRAPE RÉSULTATS (version corrigée) ===
07:38:11 [INFO]   5 clics 'Afficher plus'
07:38:15 [INFO] Résultats: 240 → data/cbet_results.json
07:38:46 [INFO] === FIN 48.1s erreurs=aucune ===
10:03:52 [INFO] === DÉBUT CYCLE mode=1x2 ===
10:03:53 [INFO] === SCRAPE 1X2 ===
10:04:01 [WARNING] Impossible de sélectionner 1X2
10:04:01 [INFO] rounds ignorés (timer courant / hors séquence): ['10:05', '10:07', '10:09', '10:11', '10:13', '10:15']
10:04:01 [INFO] 3 rounds retenus / 10 total (9 horodatés)
10:04:02 [INFO]   1X2 [10:20]: 10 matchs
10:04:04 [INFO]   1X2 [10:22]: 10 matchs
10:04:05 [INFO]   1X2 [10:24]: 10 matchs
10:04:05 [INFO] 1X2: 3 rounds → data/congobet_1x2_rounds.json
10:04:05 [INFO] === FIN 13.4s erreurs=aucune ===
10:04:05 [INFO] === DÉBUT CYCLE mode=gng ===
10:04:06 [INFO] === SCRAPE G/NG ===
10:04:13 [WARNING] Impossible de sélectionner G/NG
10:04:13 [INFO] === FIN 7.4s erreurs=aucune ===
10:05:57 [INFO] === DÉBUT CYCLE mode=results ===
10:05:58 [INFO] === SCRAPE RÉSULTATS (version corrigée) ===
10:06:11 [INFO]   5 clics 'Afficher plus'
10:06:15 [INFO] Résultats: 240 → data/cbet_results.json
10:06:46 [INFO] === FIN 48.5s erreurs=aucune ===
12:00:05 [INFO] === DÉBUT CYCLE mode=1x2 ===
12:00:06 [INFO] === SCRAPE 1X2 ===
12:00:14 [WARNING] Impossible de sélectionner 1X2
12:00:14 [INFO] 9 rounds retenus / 10 total (9 horodatés)
12:00:16 [INFO]   1X2 [12:01]: 10 matchs
12:00:17 [INFO]   1X2 [12:03]: 10 matchs
12:00:18 [INFO]   1X2 [12:05]: 10 matchs
12:00:20 [INFO]   1X2 [12:07]: 10 matchs
12:00:21 [INFO]   1X2 [12:09]: 10 matchs
12:00:23 [INFO]   1X2 [12:11]: 10 matchs
12:00:24 [INFO]   1X2 [12:13]: 10 matchs
12:00:25 [INFO]   1X2 [12:15]: 10 matchs
12:00:27 [INFO]   1X2 [12:17]: 10 matchs
12:00:27 [INFO] 1X2: 9 rounds → data/congobet_1x2_rounds.json
12:00:57 [INFO] === FIN 51.4s erreurs=aucune ===
12:00:57 [INFO] === DÉBUT CYCLE mode=gng ===
12:00:57 [INFO] === SCRAPE G/NG ===
12:01:06 [INFO] rounds ignorés (timer courant / hors séquence): ['00:43']
12:01:06 [INFO] 9 rounds retenus / 10 total (10 horodatés)
12:01:10 [INFO]   G/NG [12:03]: 10 matchs
12:01:13 [INFO]   G/NG [12:05]: 10 matchs
12:01:16 [INFO]   G/NG [12:07]: 10 matchs
12:01:19 [INFO]   G/NG [12:09]: 10 matchs
12:01:22 [INFO]   G/NG [12:11]: 10 matchs
12:01:25 [INFO]   G/NG [12:13]: 10 matchs
12:01:28 [INFO]   G/NG [12:15]: 10 matchs
12:01:31 [INFO]   G/NG [12:17]: 10 matchs
12:01:34 [INFO]   G/NG [12:19]: 10 matchs
12:01:34 [INFO] G/NG: 90 cotes → data/cbet_odds.json
12:02:05 [INFO] === FIN 67.2s erreurs=aucune ===
12:03:51 [INFO] === DÉBUT CYCLE mode=results ===
12:03:52 [INFO] === SCRAPE RÉSULTATS (version corrigée) ===
12:04:01 [INFO]   2 clics 'Afficher plus'
12:04:03 [INFO] Résultats: 120 → data/cbet_results.json
12:04:34 [INFO] === FIN 41.6s erreurs=aucune ===
14:37:10 [INFO] === DÉBUT CYCLE mode=1x2 ===
14:37:10 [INFO] === SCRAPE 1X2 ===
14:37:19 [INFO] rounds ignorés (timer courant / hors séquence): ['00:31']
14:37:19 [INFO] 9 rounds retenus / 10 total (10 horodatés)
14:37:20 [INFO]   1X2 [14:39]: 10 matchs
14:37:22 [INFO]   1X2 [14:41]: 10 matchs
14:37:23 [INFO]   1X2 [14:43]: 10 matchs
14:37:24 [INFO]   1X2 [14:45]: 10 matchs
14:37:26 [INFO]   1X2 [14:47]: 10 matchs
14:37:27 [INFO]   1X2 [14:49]: 10 matchs
14:37:29 [INFO]   1X2 [14:51]: 10 matchs
14:37:30 [INFO]   1X2 [14:53]: 10 matchs
14:37:32 [INFO]   1X2 [14:55]: 10 matchs
14:37:32 [INFO] 1X2: 9 rounds → data/congobet_1x2_rounds.json
14:38:02 [INFO] === FIN 52.0s erreurs=aucune ===
14:38:02 [INFO] === DÉBUT CYCLE mode=gng ===
14:38:03 [INFO] === SCRAPE G/NG ===
14:38:11 [WARNING] Impossible de sélectionner G/NG
14:38:41 [INFO] === FIN 39.1s erreurs=aucune ===
14:40:30 [INFO] === DÉBUT CYCLE mode=results ===
14:40:30 [INFO] === SCRAPE RÉSULTATS (version corrigée) ===
14:40:41 [INFO]   2 clics 'Afficher plus'
14:40:43 [INFO] Résultats: 110 → data/cbet_results.json
14:41:13 [INFO] === FIN 43.4s erreurs=aucune ===
16:26:30 [INFO] === DÉBUT CYCLE mode=1x2 ===
16:26:31 [INFO] === SCRAPE 1X2 ===
16:26:40 [INFO] rounds ignorés (timer courant / hors séquence): ['00:10']
16:26:40 [INFO] 9 rounds retenus / 10 total (10 horodatés)
16:26:41 [INFO]   1X2 [16:28]: 10 matchs
16:26:43 [INFO]   1X2 [16:30]: 10 matchs
16:26:44 [INFO]   1X2 [16:32]: 10 matchs
16:26:45 [INFO]   1X2 [16:34]: 10 matchs
16:26:47 [INFO]   1X2 [16:36]: 10 matchs
16:26:48 [INFO]   1X2 [16:38]: 10 matchs
16:26:50 [INFO]   1X2 [16:40]: 10 matchs
16:26:51 [INFO]   1X2 [16:42]: 10 matchs
16:26:52 [INFO]   1X2 [16:44]: 10 matchs
16:26:52 [INFO] 1X2: 9 rounds → data/congobet_1x2_rounds.json
16:27:23 [INFO] === FIN 52.5s erreurs=aucune ===
16:27:23 [INFO] === DÉBUT CYCLE mode=gng ===
16:27:23 [INFO] === SCRAPE G/NG ===
16:27:31 [WARNING] Impossible de sélectionner G/NG
16:28:01 [INFO] === FIN 38.8s erreurs=aucune ===
16:29:47 [INFO] === DÉBUT CYCLE mode=results ===
16:29:47 [INFO] === SCRAPE RÉSULTATS (version corrigée) ===
16:30:02 [INFO]   5 clics 'Afficher plus'
16:30:07 [INFO] Résultats: 240 → data/cbet_results.json
16:30:07 [INFO] === FIN 19.8s erreurs=aucune ===
18:06:49 [INFO] === DÉBUT CYCLE mode=1x2 ===
18:06:51 [INFO] === SCRAPE 1X2 ===
18:06:57 [INFO] rounds ignorés (timer courant / hors séquence): ['00:51', '18:09']
18:06:57 [INFO] 8 rounds retenus / 10 total (10 horodatés)
18:06:58 [INFO]   1X2 [18:14]: 10 matchs
18:07:00 [INFO]   1X2 [18:16]: 10 matchs
18:07:01 [INFO]   1X2 [18:18]: 10 matchs
18:07:02 [INFO]   1X2 [18:20]: 10 matchs
18:07:03 [INFO]   1X2 [18:22]: 10 matchs
18:07:05 [INFO]   1X2 [18:24]: 10 matchs
18:07:06 [INFO]   1X2 [18:26]: 10 matchs
18:07:08 [INFO]   1X2 [18:28]: 10 matchs
18:07:08 [INFO] 1X2: 8 rounds → data/congobet_1x2_rounds.json
18:07:38 [INFO] === FIN 48.7s erreurs=aucune ===
18:07:39 [INFO] === DÉBUT CYCLE mode=gng ===
18:07:39 [INFO] === SCRAPE G/NG ===
18:07:48 [INFO] rounds ignorés (timer courant / hors séquence): ['00:01', '18:09']
18:07:48 [INFO] 8 rounds retenus / 10 total (10 horodatés)
18:07:51 [INFO]   G/NG [18:14]: 10 matchs
18:07:54 [INFO]   G/NG [18:16]: 10 matchs
18:07:57 [INFO]   G/NG [18:18]: 10 matchs
18:08:00 [INFO]   G/NG [18:20]: 10 matchs
18:08:03 [INFO]   G/NG [18:22]: 10 matchs
18:08:06 [INFO]   G/NG [18:24]: 10 matchs
18:08:09 [INFO]   G/NG [18:26]: 10 matchs
18:08:12 [INFO]   G/NG [18:28]: 10 matchs
18:08:12 [INFO] G/NG: 80 cotes → data/cbet_odds.json
18:08:43 [INFO] === FIN 63.4s erreurs=aucune ===
18:10:29 [INFO] === DÉBUT CYCLE mode=results ===
18:10:29 [INFO] === SCRAPE RÉSULTATS (version corrigée) ===
18:10:42 [INFO]   5 clics 'Afficher plus'
18:10:46 [INFO] Résultats: 240 → data/cbet_results.json
18:11:16 [INFO] === FIN 47.4s erreurs=aucune ===
19:52:28 [INFO] === DÉBUT CYCLE mode=1x2 ===
19:52:29 [INFO] === SCRAPE 1X2 ===
19:52:35 [WARNING] Impossible de sélectionner 1X2
19:52:35 [INFO] 9 rounds retenus / 10 total (9 horodatés)
19:52:37 [INFO]   1X2 [19:53]: 10 matchs
19:52:38 [INFO]   1X2 [19:55]: 10 matchs
19:52:39 [INFO]   1X2 [19:57]: 10 matchs
19:52:40 [INFO]   1X2 [19:59]: 10 matchs
19:52:41 [INFO]   1X2 [20:01]: 10 matchs
19:52:43 [INFO]   1X2 [20:03]: 10 matchs
19:52:44 [INFO]   1X2 [20:05]: 10 matchs
19:52:46 [INFO]   1X2 [20:07]: 10 matchs
19:52:47 [INFO]   1X2 [20:09]: 10 matchs
19:52:47 [INFO] 1X2: 9 rounds → data/congobet_1x2_rounds.json
19:52:47 [INFO] === FIN 19.4s erreurs=aucune ===
19:52:47 [INFO] === DÉBUT CYCLE mode=gng ===
19:52:47 [INFO] === SCRAPE G/NG ===
19:52:56 [INFO] rounds ignorés (timer courant / hors séquence): ['00:53']
19:52:56 [INFO] 9 rounds retenus / 10 total (10 horodatés)
19:52:58 [INFO]   G/NG [19:55]: 10 matchs
19:53:01 [INFO]   G/NG [19:57]: 10 matchs
19:53:04 [INFO]   G/NG [19:59]: 10 matchs
19:53:07 [INFO]   G/NG [20:01]: 10 matchs
19:53:10 [INFO]   G/NG [20:03]: 10 matchs
19:53:13 [INFO]   G/NG [20:05]: 10 matchs
19:53:16 [INFO]   G/NG [20:07]: 10 matchs
19:53:19 [INFO]   G/NG [20:09]: 10 matchs
19:53:22 [INFO]   G/NG [20:11]: 10 matchs
19:53:22 [INFO] G/NG: 90 cotes → data/cbet_odds.json
19:53:52 [INFO] === FIN 65.3s erreurs=aucune ===
19:55:37 [INFO] === DÉBUT CYCLE mode=results ===
19:55:37 [INFO] === SCRAPE RÉSULTATS (version corrigée) ===
19:55:45 [INFO]   2 clics 'Afficher plus'
19:55:47 [INFO] Résultats: 110 → data/cbet_results.json
19:55:47 [INFO] === FIN 10.6s erreurs=aucune ===
20:54:26 [INFO] === DÉBUT CYCLE mode=1x2 ===
20:54:27 [INFO] === SCRAPE 1X2 ===
20:54:35 [INFO] rounds ignorés (timer courant / hors séquence): ['00:14']
20:54:35 [INFO] 9 rounds retenus / 10 total (10 horodatés)
20:54:36 [INFO]   1X2 [20:56]: 10 matchs
20:54:38 [INFO]   1X2 [20:58]: 10 matchs
20:54:39 [INFO]   1X2 [21:00]: 10 matchs
20:54:41 [INFO]   1X2 [21:02]: 10 matchs
20:54:42 [INFO]   1X2 [21:04]: 10 matchs
20:54:43 [INFO]   1X2 [21:06]: 10 matchs
20:54:45 [INFO]   1X2 [21:08]: 10 matchs
20:54:46 [INFO]   1X2 [21:10]: 10 matchs
20:54:47 [INFO]   1X2 [21:12]: 10 matchs
20:54:47 [INFO] 1X2: 9 rounds → data/congobet_1x2_rounds.json
20:54:48 [INFO] === FIN 21.9s erreurs=aucune ===
20:54:48 [INFO] === DÉBUT CYCLE mode=gng ===
20:54:48 [INFO] === SCRAPE G/NG ===
20:54:57 [WARNING] Impossible de sélectionner G/NG
20:54:57 [INFO] === FIN 8.9s erreurs=aucune ===
20:56:40 [INFO] === DÉBUT CYCLE mode=results ===
20:56:41 [INFO] === SCRAPE RÉSULTATS (version corrigée) ===
20:56:49 [INFO]   0 clics 'Afficher plus'
20:56:50 [INFO] Résultats: 20 → data/cbet_results.json
20:57:20 [INFO] === FIN 39.2s erreurs=aucune ===
21:48:03 [INFO] === DÉBUT CYCLE mode=1x2 ===
21:48:03 [INFO] === SCRAPE 1X2 ===
21:48:10 [INFO] rounds ignorés (timer courant / hors séquence): ['00:39']
21:48:10 [INFO] 9 rounds retenus / 10 total (10 horodatés)
21:48:12 [INFO]   1X2 [21:50]: 10 matchs
21:48:13 [INFO]   1X2 [21:52]: 10 matchs
21:48:14 [INFO]   1X2 [21:54]: 10 matchs
21:48:16 [INFO]   1X2 [21:56]: 10 matchs
21:48:17 [INFO]   1X2 [21:58]: 10 matchs
21:48:19 [INFO]   1X2 [22:00]: 10 matchs
21:48:20 [INFO]   1X2 [22:02]: 10 matchs
21:48:21 [INFO]   1X2 [22:04]: 10 matchs
21:48:23 [INFO]   1X2 [22:06]: 10 matchs
21:48:23 [INFO] 1X2: 9 rounds → data/congobet_1x2_rounds.json
21:48:23 [INFO] === FIN 20.1s erreurs=aucune ===
21:48:23 [INFO] === DÉBUT CYCLE mode=gng ===
21:48:23 [INFO] === SCRAPE G/NG ===
21:48:32 [INFO] rounds ignorés (timer courant / hors séquence): ['00:17']
21:48:32 [INFO] 9 rounds retenus / 10 total (10 horodatés)
21:48:35 [INFO]   G/NG [21:50]: 10 matchs
21:48:38 [INFO]   G/NG [21:52]: 10 matchs
21:48:41 [INFO]   G/NG [21:54]: 10 matchs
21:48:44 [INFO]   G/NG [21:56]: 10 matchs
21:48:47 [INFO]   G/NG [21:58]: 10 matchs
21:48:50 [INFO]   G/NG [22:00]: 10 matchs
21:48:53 [INFO]   G/NG [22:02]: 10 matchs
21:48:57 [INFO]   G/NG [22:04]: 10 matchs
21:49:00 [INFO]   G/NG [22:06]: 10 matchs
21:49:00 [INFO] G/NG: 90 cotes → data/cbet_odds.json
21:49:00 [INFO] === FIN 36.9s erreurs=aucune ===
21:50:44 [INFO] === DÉBUT CYCLE mode=results ===
21:50:44 [INFO] === SCRAPE RÉSULTATS (version corrigée) ===
21:50:57 [INFO]   5 clics 'Afficher plus'
21:51:02 [INFO] Résultats: 240 → data/cbet_results.json
21:51:02 [INFO] === FIN 18.2s erreurs=aucune ===
22:46:19 [INFO] === DÉBUT CYCLE mode=1x2 ===
22:46:21 [INFO] === SCRAPE 1X2 ===
22:46:29 [WARNING] Impossible de sélectionner 1X2
22:46:29 [INFO] 9 rounds retenus / 10 total (9 horodatés)
22:46:30 [INFO]   1X2 [22:47]: 10 matchs
22:46:32 [INFO]   1X2 [22:49]: 10 matchs
22:46:33 [INFO]   1X2 [22:51]: 10 matchs
22:46:35 [INFO]   1X2 [22:53]: 10 matchs
22:46:36 [INFO]   1X2 [22:55]: 10 matchs
22:46:37 [INFO]   1X2 [22:57]: 10 matchs
22:46:39 [INFO]   1X2 [22:59]: 10 matchs
22:46:40 [INFO]   1X2 [23:01]: 10 matchs
22:46:42 [INFO]   1X2 [23:03]: 10 matchs
22:46:42 [INFO] 1X2: 9 rounds → data/congobet_1x2_rounds.json
22:47:13 [INFO] === FIN 52.5s erreurs=aucune ===
22:47:16 [INFO] === DÉBUT CYCLE mode=gng ===
22:47:18 [INFO] === SCRAPE G/NG ===
22:47:28 [INFO] rounds ignorés (timer courant / hors séquence): ['00:21']
22:47:28 [INFO] 9 rounds retenus / 10 total (10 horodatés)
22:47:31 [INFO]   G/NG [22:49]: 10 matchs
22:47:34 [INFO]   G/NG [22:51]: 10 matchs
22:47:38 [INFO]   G/NG [22:53]: 10 matchs
22:47:41 [INFO]   G/NG [22:55]: 10 matchs
22:47:44 [INFO]   G/NG [22:57]: 10 matchs
22:47:47 [INFO]   G/NG [22:59]: 10 matchs
22:47:50 [INFO]   G/NG [23:01]: 10 matchs
22:47:53 [INFO]   G/NG [23:03]: 10 matchs
22:47:56 [INFO]   G/NG [23:05]: 10 matchs
22:47:56 [INFO] G/NG: 90 cotes → data/cbet_odds.json
22:47:56 [INFO] === FIN 40.0s erreurs=aucune ===
22:49:40 [INFO] === DÉBUT CYCLE mode=results ===
22:49:40 [INFO] === SCRAPE RÉSULTATS (version corrigée) ===
22:49:54 [INFO]   4 clics 'Afficher plus'
22:49:57 [INFO] Résultats: 190 → data/cbet_results.json
22:50:27 [INFO] === FIN 47.2s erreurs=aucune ===
23:37:52 [INFO] === DÉBUT CYCLE mode=1x2 ===
23:37:54 [INFO] === SCRAPE 1X2 ===
23:38:03 [INFO] rounds ignorés (timer courant / hors séquence): ['00:46']
23:38:03 [INFO] 9 rounds retenus / 10 total (10 horodatés)
23:38:04 [INFO]   1X2 [23:40]: 10 matchs
23:38:06 [INFO]   1X2 [23:42]: 10 matchs
23:38:07 [INFO]   1X2 [23:44]: 10 matchs
23:38:09 [INFO]   1X2 [23:46]: 10 matchs
23:38:10 [INFO]   1X2 [23:48]: 10 matchs
23:38:11 [INFO]   1X2 [23:50]: 10 matchs
23:38:13 [INFO]   1X2 [23:52]: 10 matchs
23:38:14 [INFO]   1X2 [23:54]: 10 matchs
23:38:16 [INFO]   1X2 [23:56]: 10 matchs
23:38:16 [INFO] 1X2: 9 rounds → data/congobet_1x2_rounds.json
23:38:16 [INFO] === FIN 23.2s erreurs=aucune ===
23:38:16 [INFO] === DÉBUT CYCLE mode=gng ===
23:38:16 [INFO] === SCRAPE G/NG ===
23:38:27 [INFO] rounds ignorés (timer courant / hors séquence): ['00:22']
23:38:27 [INFO] 9 rounds retenus / 10 total (10 horodatés)
23:38:30 [INFO]   G/NG [23:40]: 10 matchs
23:38:33 [INFO]   G/NG [23:42]: 10 matchs
23:38:36 [INFO]   G/NG [23:44]: 10 matchs
23:38:39 [INFO]   G/NG [23:46]: 10 matchs
23:38:42 [INFO]   G/NG [23:48]: 10 matchs
23:38:45 [INFO]   G/NG [23:50]: 10 matchs
23:38:48 [INFO]   G/NG [23:52]: 10 matchs
23:38:51 [INFO]   G/NG [23:54]: 10 matchs
23:38:54 [INFO]   G/NG [23:56]: 10 matchs
23:38:54 [INFO] G/NG: 90 cotes → data/cbet_odds.json
23:38:54 [INFO] === FIN 38.7s erreurs=aucune ===
23:40:38 [INFO] === DÉBUT CYCLE mode=results ===
23:40:39 [INFO] === SCRAPE RÉSULTATS (version corrigée) ===
23:40:48 [INFO]   1 clics 'Afficher plus'
23:40:49 [INFO] Résultats: 50 → data/cbet_results.json
23:41:19 [INFO] === FIN 40.8s erreurs=aucune ===
01:23:53 [INFO] === DÉBUT CYCLE mode=1x2 ===
01:23:54 [INFO] === SCRAPE 1X2 ===
01:24:02 [WARNING] Impossible de sélectionner 1X2
01:24:02 [INFO] 9 rounds retenus / 10 total (9 horodatés)
01:24:04 [INFO]   1X2 [01:25]: 10 matchs
01:24:05 [INFO]   1X2 [01:27]: 10 matchs
01:24:07 [INFO]   1X2 [01:29]: 10 matchs
01:24:08 [INFO]   1X2 [01:31]: 10 matchs
01:24:09 [INFO]   1X2 [01:33]: 10 matchs
01:24:11 [INFO]   1X2 [01:35]: 10 matchs
01:24:12 [INFO]   1X2 [01:37]: 10 matchs
01:24:14 [INFO]   1X2 [01:39]: 10 matchs
01:24:15 [INFO]   1X2 [01:41]: 10 matchs
01:24:15 [INFO] 1X2: 9 rounds → data/congobet_1x2_rounds.json
01:24:45 [INFO] === FIN 51.9s erreurs=aucune ===
01:24:45 [INFO] === DÉBUT CYCLE mode=gng ===
01:24:46 [INFO] === SCRAPE G/NG ===
01:24:56 [INFO] rounds ignorés (timer courant / hors séquence): ['00:52']
01:24:56 [INFO] 9 rounds retenus / 10 total (10 horodatés)
01:24:59 [INFO]   G/NG [01:27]: 10 matchs
01:25:02 [INFO]   G/NG [01:29]: 10 matchs
01:25:05 [INFO]   G/NG [01:31]: 10 matchs
01:25:08 [INFO]   G/NG [01:33]: 10 matchs
01:25:11 [INFO]   G/NG [01:35]: 10 matchs
01:25:14 [INFO]   G/NG [01:37]: 10 matchs
01:25:18 [INFO]   G/NG [01:39]: 10 matchs
01:25:21 [INFO]   G/NG [01:41]: 10 matchs
01:25:24 [INFO]   G/NG [01:43]: 10 matchs
01:25:24 [INFO] G/NG: 90 cotes → data/cbet_odds.json
01:25:24 [INFO] === FIN 38.5s erreurs=aucune ===
01:27:07 [INFO] === DÉBUT CYCLE mode=results ===
01:27:08 [INFO] === SCRAPE RÉSULTATS (version corrigée) ===
01:27:21 [INFO]   4 clics 'Afficher plus'
01:27:24 [INFO] Résultats: 190 → data/cbet_results.json
01:27:55 [INFO] === FIN 47.2s erreurs=aucune ===
04:29:35 [INFO] === DÉBUT CYCLE mode=1x2 ===
04:29:37 [INFO] === SCRAPE 1X2 ===
04:29:44 [INFO] rounds ignorés (timer courant / hors séquence): ['00:05', '04:31', '04:33', '04:35', '04:37', '04:39', '04:41']
04:29:44 [INFO] 3 rounds retenus / 10 total (10 horodatés)
04:29:45 [INFO]   1X2 [04:46]: 10 matchs
04:29:47 [INFO]   1X2 [04:48]: 10 matchs
04:29:48 [INFO]   1X2 [04:50]: 10 matchs
04:29:48 [INFO] 1X2: 3 rounds → data/congobet_1x2_rounds.json
04:30:18 [INFO] === FIN 43.4s erreurs=aucune ===
04:30:22 [INFO] === DÉBUT CYCLE mode=gng ===
04:30:24 [INFO] === SCRAPE G/NG ===
04:30:32 [WARNING] Impossible de sélectionner G/NG
04:30:32 [INFO] === FIN 10.4s erreurs=aucune ===
04:32:17 [INFO] === DÉBUT CYCLE mode=results ===
04:32:18 [INFO] === SCRAPE RÉSULTATS (version corrigée) ===
04:32:31 [INFO]   5 clics 'Afficher plus'
04:32:35 [INFO] Résultats: 240 → data/cbet_results.json
04:32:35 [INFO] === FIN 18.0s erreurs=aucune ===
06:19:53 [INFO] === DÉBUT CYCLE mode=1x2 ===
06:19:54 [INFO] === SCRAPE 1X2 ===
06:20:00 [WARNING] Impossible de sélectionner 1X2
06:20:00 [INFO] 9 rounds retenus / 10 total (9 horodatés)
06:20:01 [INFO]   1X2 [06:21]: 10 matchs
06:20:02 [INFO]   1X2 [06:23]: 10 matchs
06:20:03 [INFO]   1X2 [06:25]: 10 matchs
06:20:04 [INFO]   1X2 [06:27]: 10 matchs
06:20:05 [INFO]   1X2 [06:29]: 10 matchs
06:20:06 [INFO]   1X2 [06:31]: 10 matchs
06:20:08 [INFO]   1X2 [06:33]: 10 matchs
06:20:09 [INFO]   1X2 [06:35]: 10 matchs
06:20:11 [INFO]   1X2 [06:37]: 10 matchs
06:20:11 [INFO] 1X2: 9 rounds → data/congobet_1x2_rounds.json
06:20:11 [INFO] === FIN 17.3s erreurs=aucune ===
06:20:11 [INFO] === DÉBUT CYCLE mode=gng ===
06:20:11 [INFO] === SCRAPE G/NG ===
06:20:17 [WARNING] Impossible de sélectionner G/NG
06:20:17 [INFO] === FIN 6.6s erreurs=aucune ===
06:22:01 [INFO] === DÉBUT CYCLE mode=results ===
06:22:02 [INFO] === SCRAPE RÉSULTATS (version corrigée) ===
06:22:09 [INFO]   1 clics 'Afficher plus'
06:22:10 [INFO] Résultats: 80 → data/cbet_results.json
06:22:10 [INFO] === FIN 8.8s erreurs=aucune ===
08:01:48 [INFO] === DÉBUT CYCLE mode=1x2 ===
08:01:49 [INFO] === SCRAPE 1X2 ===
08:01:58 [INFO] rounds ignorés (timer courant / hors séquence): ['00:51']
08:01:58 [INFO] 9 rounds retenus / 10 total (10 horodatés)
08:01:59 [INFO]   1X2 [08:04]: 10 matchs
08:02:01 [INFO]   1X2 [08:06]: 10 matchs
08:02:02 [INFO]   1X2 [08:08]: 10 matchs
08:02:04 [INFO]   1X2 [08:10]: 10 matchs
08:02:05 [INFO]   1X2 [08:12]: 10 matchs
08:02:06 [INFO]   1X2 [08:14]: 10 matchs
08:02:08 [INFO]   1X2 [08:16]: 10 matchs
08:02:09 [INFO]   1X2 [08:18]: 10 matchs
08:02:11 [INFO]   1X2 [08:20]: 10 matchs
08:02:11 [INFO] 1X2: 9 rounds → data/congobet_1x2_rounds.json
08:02:11 [INFO] === FIN 22.3s erreurs=aucune ===
08:02:11 [INFO] === DÉBUT CYCLE mode=gng ===
08:02:11 [INFO] === SCRAPE G/NG ===
08:02:22 [INFO] rounds ignorés (timer courant / hors séquence): ['00:27']
08:02:22 [INFO] 9 rounds retenus / 10 total (10 horodatés)
08:02:25 [INFO]   G/NG [08:04]: 10 matchs
08:02:28 [INFO]   G/NG [08:06]: 10 matchs
08:02:31 [INFO]   G/NG [08:08]: 10 matchs
08:02:34 [INFO]   G/NG [08:10]: 10 matchs
08:02:37 [INFO]   G/NG [08:12]: 10 matchs
08:02:40 [INFO]   G/NG [08:14]: 10 matchs
08:02:44 [INFO]   G/NG [08:16]: 10 matchs
08:02:47 [INFO]   G/NG [08:18]: 10 matchs
08:02:50 [INFO]   G/NG [08:20]: 10 matchs
08:02:50 [INFO] G/NG: 90 cotes → data/cbet_odds.json
08:02:50 [INFO] === FIN 38.9s erreurs=aucune ===
08:04:34 [INFO] === DÉBUT CYCLE mode=results ===
08:04:34 [INFO] === SCRAPE RÉSULTATS (version corrigée) ===
08:04:48 [INFO]   4 clics 'Afficher plus'
08:04:52 [INFO] Résultats: 200 → data/cbet_results.json
08:05:22 [INFO] === FIN 47.8s erreurs=aucune ===
09:48:22 [INFO] === DÉBUT CYCLE mode=1x2 ===
09:48:23 [INFO] === SCRAPE 1X2 ===
09:48:31 [WARNING] Impossible de sélectionner 1X2
09:48:31 [INFO] rounds ignorés (timer courant / hors séquence): ['09:49', '09:51', '09:53', '09:55', '09:57']
09:48:31 [INFO] 4 rounds retenus / 10 total (9 horodatés)
09:48:32 [INFO]   1X2 [10:02]: 10 matchs
09:48:34 [INFO]   1X2 [10:04]: 10 matchs
09:48:35 [INFO]   1X2 [10:06]: 10 matchs
09:48:36 [INFO]   1X2 [10:08]: 10 matchs
09:48:36 [INFO] 1X2: 4 rounds → data/congobet_1x2_rounds.json
09:49:08 [INFO] === FIN 44.4s erreurs=aucune ===
09:49:10 [INFO] === DÉBUT CYCLE mode=gng ===
09:49:13 [INFO] === SCRAPE G/NG ===
09:49:22 [INFO] rounds ignorés (timer courant / hors séquence): ['00:26', '09:51', '09:53', '09:55', '09:57']
09:49:22 [INFO] 5 rounds retenus / 10 total (10 horodatés)
09:49:25 [INFO]   G/NG [10:02]: 10 matchs
09:49:28 [INFO]   G/NG [10:04]: 10 matchs
09:49:32 [INFO]   G/NG [10:06]: 10 matchs
09:49:35 [INFO]   G/NG [10:08]: 10 matchs
09:49:38 [INFO]   G/NG [10:10]: 10 matchs
09:49:38 [INFO] G/NG: 50 cotes → data/cbet_odds.json
09:49:38 [INFO] === FIN 27.3s erreurs=aucune ===
09:51:23 [INFO] === DÉBUT CYCLE mode=results ===
09:51:23 [INFO] === SCRAPE RÉSULTATS (version corrigée) ===
09:51:36 [INFO]   5 clics 'Afficher plus'
09:51:41 [INFO] Résultats: 240 → data/cbet_results.json
09:51:41 [INFO] === FIN 17.9s erreurs=aucune ===
10:59:43 [INFO] === DÉBUT CYCLE mode=1x2 ===
10:59:43 [INFO] === SCRAPE 1X2 ===
10:59:50 [WARNING] Impossible de sélectionner 1X2
10:59:50 [INFO] 9 rounds retenus / 10 total (9 horodatés)
10:59:51 [INFO]   1X2 [11:00]: 10 matchs
10:59:52 [INFO]   1X2 [11:02]: 10 matchs
10:59:53 [INFO]   1X2 [11:04]: 10 matchs
10:59:55 [INFO]   1X2 [11:06]: 10 matchs
10:59:56 [INFO]   1X2 [11:08]: 10 matchs
10:59:57 [INFO]   1X2 [11:10]: 10 matchs
10:59:59 [INFO]   1X2 [11:12]: 10 matchs
11:00:00 [INFO]   1X2 [11:14]: 10 matchs
11:00:02 [INFO]   1X2 [11:16]: 10 matchs
11:00:02 [INFO] 1X2: 9 rounds → data/congobet_1x2_rounds.json
11:00:32 [INFO] === FIN 48.9s erreurs=aucune ===
11:00:32 [INFO] === DÉBUT CYCLE mode=gng ===
11:00:32 [INFO] === SCRAPE G/NG ===
11:00:41 [INFO] 10 rounds retenus / 10 total (10 horodatés)
11:00:43 [INFO]   G/NG [00:08]: 10 matchs
11:00:46 [INFO]   G/NG [11:02]: 10 matchs
11:00:49 [INFO]   G/NG [11:04]: 10 matchs
11:00:52 [INFO]   G/NG [11:06]: 10 matchs
11:00:55 [INFO]   G/NG [11:08]: 10 matchs
11:00:58 [INFO]   G/NG [11:10]: 10 matchs
11:01:01 [INFO]   G/NG [11:12]: 10 matchs
11:01:04 [INFO]   G/NG [11:14]: 10 matchs
11:01:08 [INFO]   G/NG [11:16]: 10 matchs
11:01:11 [INFO]   G/NG [11:21]: 10 matchs
11:01:11 [INFO] G/NG: 100 cotes → data/cbet_odds.json
11:01:41 [INFO] === FIN 69.1s erreurs=aucune ===
11:03:25 [INFO] === DÉBUT CYCLE mode=results ===
11:03:25 [INFO] === SCRAPE RÉSULTATS (version corrigée) ===
11:03:38 [INFO]   5 clics 'Afficher plus'
11:03:43 [INFO] Résultats: 240 → data/cbet_results.json
11:03:43 [INFO] === FIN 17.7s erreurs=aucune ===
12:13:42 [INFO] === DÉBUT CYCLE mode=1x2 ===
12:13:42 [INFO] === SCRAPE 1X2 ===
12:13:51 [INFO] 9 rounds retenus / 10 total (9 horodatés)
12:13:53 [INFO]   1X2 [12:15]: 10 matchs
12:13:54 [INFO]   1X2 [12:17]: 10 matchs
12:13:55 [INFO]   1X2 [12:19]: 10 matchs
12:13:57 [INFO]   1X2 [12:21]: 10 matchs
12:13:58 [INFO]   1X2 [12:23]: 10 matchs
12:14:00 [INFO]   1X2 [12:25]: 10 matchs
12:14:01 [INFO]   1X2 [12:27]: 10 matchs
12:14:02 [INFO]   1X2 [12:29]: 10 matchs
12:14:04 [INFO]   1X2 [12:31]: 10 matchs
12:14:04 [INFO] 1X2: 9 rounds → data/congobet_1x2_rounds.json
12:14:34 [INFO] === FIN 52.2s erreurs=aucune ===
12:14:35 [INFO] === DÉBUT CYCLE mode=gng ===
12:14:36 [INFO] === SCRAPE G/NG ===
12:14:44 [WARNING] Impossible de sélectionner G/NG
12:15:14 [INFO] === FIN 38.8s erreurs=aucune ===
12:17:01 [INFO] === DÉBUT CYCLE mode=results ===
12:17:02 [INFO] === SCRAPE RÉSULTATS (version corrigée) ===
12:17:17 [INFO]   5 clics 'Afficher plus'
12:17:21 [INFO] Résultats: 240 → data/cbet_results.json
12:17:21 [INFO] === FIN 19.8s erreurs=aucune ===
14:18:22 [INFO] === DÉBUT CYCLE mode=1x2 ===
14:18:23 [INFO] === SCRAPE 1X2 ===
14:18:30 [WARNING] Impossible de sélectionner 1X2
14:18:30 [INFO] 9 rounds retenus / 10 total (9 horodatés)
14:18:31 [INFO]   1X2 [14:19]: 10 matchs
14:18:33 [INFO]   1X2 [14:21]: 10 matchs
14:18:34 [INFO]   1X2 [14:23]: 10 matchs
14:18:35 [INFO]   1X2 [14:25]: 10 matchs
14:18:36 [INFO]   1X2 [14:27]: 10 matchs
14:18:37 [INFO]   1X2 [14:29]: 10 matchs
14:18:38 [INFO]   1X2 [14:31]: 10 matchs
14:18:39 [INFO]   1X2 [14:33]: 10 matchs
14:18:40 [INFO]   1X2 [14:35]: 10 matchs
14:18:40 [INFO] 1X2: 9 rounds → data/congobet_1x2_rounds.json
14:19:11 [INFO] === FIN 48.4s erreurs=aucune ===
14:19:11 [INFO] === DÉBUT CYCLE mode=gng ===
14:19:11 [INFO] === SCRAPE G/NG ===
14:19:20 [INFO] rounds ignorés (timer courant / hors séquence): ['00:29']
14:19:20 [INFO] 9 rounds retenus / 10 total (10 horodatés)
14:19:23 [INFO]   G/NG [14:21]: 10 matchs
14:19:26 [INFO]   G/NG [14:23]: 10 matchs
14:19:29 [INFO]   G/NG [14:25]: 10 matchs
14:19:32 [INFO]   G/NG [14:27]: 10 matchs
14:19:35 [INFO]   G/NG [14:29]: 10 matchs
14:19:37 [INFO]   G/NG [14:31]: 10 matchs
14:19:40 [INFO]   G/NG [14:33]: 10 matchs
14:19:43 [INFO]   G/NG [14:35]: 10 matchs
14:19:46 [INFO]   G/NG [14:37]: 10 matchs
14:19:46 [INFO] G/NG: 90 cotes → data/cbet_odds.json
14:20:17 [INFO] === FIN 65.9s erreurs=aucune ===
14:22:01 [INFO] === DÉBUT CYCLE mode=results ===
14:22:01 [INFO] === SCRAPE RÉSULTATS (version corrigée) ===
14:22:10 [INFO]   2 clics 'Afficher plus'
14:22:11 [INFO] Résultats: 110 → data/cbet_results.json
14:22:12 [INFO] === FIN 10.6s erreurs=aucune ===
15:55:47 [INFO] === DÉBUT CYCLE mode=1x2 ===
15:55:49 [INFO] === SCRAPE 1X2 ===
15:55:57 [INFO] rounds ignorés (timer courant / hors séquence): ['00:52']
15:55:57 [INFO] 9 rounds retenus / 10 total (10 horodatés)
15:55:58 [INFO]   1X2 [15:58]: 10 matchs
15:56:00 [INFO]   1X2 [16:00]: 10 matchs
15:56:01 [INFO]   1X2 [16:02]: 10 matchs
15:56:03 [INFO]   1X2 [16:04]: 10 matchs
15:56:04 [INFO]   1X2 [16:06]: 10 matchs
15:56:05 [INFO]   1X2 [16:08]: 10 matchs
15:56:07 [INFO]   1X2 [16:10]: 10 matchs
15:56:08 [INFO]   1X2 [16:12]: 10 matchs
15:56:09 [INFO]   1X2 [16:14]: 10 matchs
15:56:09 [INFO] 1X2: 9 rounds → data/congobet_1x2_rounds.json
15:56:39 [INFO] === FIN 52.1s erreurs=aucune ===
15:56:40 [INFO] === DÉBUT CYCLE mode=gng ===
15:56:40 [INFO] === SCRAPE G/NG ===
15:56:49 [INFO] rounds ignorés (timer courant / hors séquence): ['00:00']
15:56:49 [INFO] 9 rounds retenus / 10 total (10 horodatés)
15:56:52 [INFO]   G/NG [15:58]: 10 matchs
15:56:55 [INFO]   G/NG [16:00]: 10 matchs
15:56:59 [INFO]   G/NG [16:02]: 10 matchs
15:57:02 [INFO]   G/NG [16:04]: 10 matchs
15:57:05 [INFO]   G/NG [16:06]: 10 matchs
15:57:08 [INFO]   G/NG [16:08]: 10 matchs
15:57:11 [INFO]   G/NG [16:10]: 10 matchs
15:57:14 [INFO]   G/NG [16:12]: 10 matchs
15:57:17 [INFO]   G/NG [16:14]: 10 matchs
15:57:17 [INFO] G/NG: 90 cotes → data/cbet_odds.json
15:57:47 [INFO] === FIN 67.6s erreurs=aucune ===
15:59:31 [INFO] === DÉBUT CYCLE mode=results ===
15:59:32 [INFO] === SCRAPE RÉSULTATS (version corrigée) ===
15:59:44 [INFO]   4 clics 'Afficher plus'
15:59:48 [INFO] Résultats: 200 → data/cbet_results.json
16:00:18 [INFO] === FIN 46.1s erreurs=aucune ===
17:09:47 [INFO] === DÉBUT CYCLE mode=1x2 ===
17:09:48 [INFO] === SCRAPE 1X2 ===
17:09:54 [WARNING] Impossible de sélectionner 1X2
17:09:54 [INFO] 9 rounds retenus / 10 total (9 horodatés)
17:09:56 [INFO]   1X2 [17:11]: 10 matchs
17:09:57 [INFO]   1X2 [17:13]: 10 matchs
17:09:59 [INFO]   1X2 [17:15]: 10 matchs
17:10:00 [INFO]   1X2 [17:17]: 10 matchs
17:10:02 [INFO]   1X2 [17:19]: 10 matchs
17:10:03 [INFO]   1X2 [17:21]: 10 matchs
17:10:04 [INFO]   1X2 [17:23]: 10 matchs
17:10:06 [INFO]   1X2 [17:25]: 10 matchs
17:10:07 [INFO]   1X2 [17:27]: 10 matchs
17:10:07 [INFO] 1X2: 9 rounds → data/congobet_1x2_rounds.json
17:10:07 [INFO] === FIN 19.9s erreurs=aucune ===
17:10:07 [INFO] === DÉBUT CYCLE mode=gng ===
17:10:08 [INFO] === SCRAPE G/NG ===
17:10:14 [WARNING] Impossible de sélectionner G/NG
17:10:14 [INFO] === FIN 6.9s erreurs=aucune ===
17:11:58 [INFO] === DÉBUT CYCLE mode=results ===
17:11:59 [INFO] === SCRAPE RÉSULTATS (version corrigée) ===
17:12:10 [INFO]   4 clics 'Afficher plus'
17:12:13 [INFO] Résultats: 170 → data/cbet_results.json
17:12:43 [INFO] === FIN 44.9s erreurs=aucune ===
18:44:46 [INFO] === DÉBUT CYCLE mode=1x2 ===
18:44:47 [INFO] === SCRAPE 1X2 ===
18:44:56 [WARNING] Impossible de sélectionner 1X2
18:44:56 [INFO] 9 rounds retenus / 10 total (9 horodatés)
18:44:57 [INFO]   1X2 [18:46]: 10 matchs
18:44:59 [INFO]   1X2 [18:48]: 10 matchs
18:45:00 [INFO]   1X2 [18:50]: 10 matchs
18:45:01 [INFO]   1X2 [18:52]: 10 matchs
18:45:03 [INFO]   1X2 [18:54]: 10 matchs
18:45:04 [INFO]   1X2 [18:56]: 10 matchs
18:45:06 [INFO]   1X2 [18:58]: 10 matchs
18:45:07 [INFO]   1X2 [19:00]: 10 matchs
18:45:08 [INFO]   1X2 [19:02]: 10 matchs
18:45:08 [INFO] 1X2: 9 rounds → data/congobet_1x2_rounds.json
18:45:08 [INFO] === FIN 22.3s erreurs=aucune ===
18:45:09 [INFO] === DÉBUT CYCLE mode=gng ===
18:45:09 [INFO] === SCRAPE G/NG ===
18:45:18 [WARNING] Impossible de sélectionner G/NG
18:45:49 [INFO] === FIN 39.2s erreurs=aucune ===
18:47:36 [INFO] === DÉBUT CYCLE mode=results ===
18:47:36 [INFO] === SCRAPE RÉSULTATS (version corrigée) ===
18:47:51 [INFO]   5 clics 'Afficher plus'
18:47:56 [INFO] Résultats: 230 → data/cbet_results.json
18:48:26 [INFO] === FIN 49.9s erreurs=aucune ===
20:00:31 [INFO] === DÉBUT CYCLE mode=1x2 ===
20:00:32 [INFO] === SCRAPE 1X2 ===
20:00:40 [WARNING] Impossible de sélectionner 1X2
20:00:40 [INFO] 9 rounds retenus / 10 total (9 horodatés)
20:00:42 [INFO]   1X2 [20:01]: 10 matchs
20:00:43 [INFO]   1X2 [20:03]: 10 matchs
20:00:45 [INFO]   1X2 [20:05]: 10 matchs
20:00:46 [INFO]   1X2 [20:07]: 10 matchs
20:00:47 [INFO]   1X2 [20:09]: 10 matchs
20:00:49 [INFO]   1X2 [20:11]: 10 matchs
20:00:50 [INFO]   1X2 [20:13]: 10 matchs
20:00:51 [INFO]   1X2 [20:15]: 10 matchs
20:00:53 [INFO]   1X2 [20:17]: 10 matchs
20:00:53 [INFO] 1X2: 9 rounds → data/congobet_1x2_rounds.json
20:00:53 [INFO] === FIN 21.8s erreurs=aucune ===
20:00:53 [INFO] === DÉBUT CYCLE mode=gng ===
20:00:53 [INFO] === SCRAPE G/NG ===
20:01:04 [INFO] rounds ignorés (timer courant / hors séquence): ['00:45']
20:01:04 [INFO] 9 rounds retenus / 10 total (10 horodatés)
20:01:07 [INFO]   G/NG [20:03]: 10 matchs
20:01:10 [INFO]   G/NG [20:05]: 10 matchs
20:01:13 [INFO]   G/NG [20:07]: 10 matchs
20:01:16 [INFO]   G/NG [20:09]: 10 matchs
20:01:20 [INFO]   G/NG [20:11]: 10 matchs
20:01:23 [INFO]   G/NG [20:13]: 10 matchs
20:01:26 [INFO]   G/NG [20:15]: 10 matchs
20:01:29 [INFO]   G/NG [20:17]: 10 matchs
20:01:32 [INFO]   G/NG [20:19]: 10 matchs
20:01:32 [INFO] G/NG: 90 cotes → data/cbet_odds.json
20:02:03 [INFO] === FIN 69.1s erreurs=aucune ===
20:03:50 [INFO] === DÉBUT CYCLE mode=results ===
20:03:50 [INFO] === SCRAPE RÉSULTATS (version corrigée) ===
20:04:05 [INFO]   5 clics 'Afficher plus'
20:04:10 [INFO] Résultats: 240 → data/cbet_results.json
20:04:41 [INFO] === FIN 50.3s erreurs=aucune ===
21:10:01 [INFO] === DÉBUT CYCLE mode=1x2 ===
21:10:03 [INFO] === SCRAPE 1X2 ===
21:10:10 [INFO] rounds ignorés (timer courant / hors séquence): ['00:39']
21:10:10 [INFO] 9 rounds retenus / 10 total (10 horodatés)
21:10:11 [INFO]   1X2 [21:12]: 10 matchs
21:10:13 [INFO]   1X2 [21:14]: 10 matchs
21:10:14 [INFO]   1X2 [21:16]: 10 matchs
21:10:15 [INFO]   1X2 [21:18]: 10 matchs
21:10:17 [INFO]   1X2 [21:20]: 10 matchs
21:10:18 [INFO]   1X2 [21:22]: 10 matchs
21:10:19 [INFO]   1X2 [21:24]: 10 matchs
21:10:21 [INFO]   1X2 [21:26]: 10 matchs
21:10:22 [INFO]   1X2 [21:28]: 10 matchs
21:10:22 [INFO] 1X2: 9 rounds → data/congobet_1x2_rounds.json
21:10:52 [INFO] === FIN 51.2s erreurs=aucune ===
21:10:52 [INFO] === DÉBUT CYCLE mode=gng ===
21:10:53 [INFO] === SCRAPE G/NG ===
21:10:59 [WARNING] Impossible de sélectionner G/NG
21:10:59 [INFO] === FIN 6.7s erreurs=aucune ===
21:12:43 [INFO] === DÉBUT CYCLE mode=results ===
21:12:44 [INFO] === SCRAPE RÉSULTATS (version corrigée) ===
21:12:55 [INFO]   4 clics 'Afficher plus'
21:12:58 [INFO] Résultats: 190 → data/cbet_results.json
21:12:58 [INFO] === FIN 15.0s erreurs=aucune ===
22:10:44 [INFO] === DÉBUT CYCLE mode=1x2 ===
22:10:46 [INFO] === SCRAPE 1X2 ===
22:10:52 [WARNING] Impossible de sélectionner 1X2
22:10:52 [INFO] 9 rounds retenus / 10 total (9 horodatés)
22:10:54 [INFO]   1X2 [22:11]: 10 matchs
22:10:55 [INFO]   1X2 [22:13]: 10 matchs
22:10:57 [INFO]   1X2 [22:15]: 10 matchs
22:10:58 [INFO]   1X2 [22:17]: 10 matchs
22:10:59 [INFO]   1X2 [22:19]: 10 matchs
22:11:01 [INFO]   1X2 [22:21]: 10 matchs
22:11:02 [INFO]   1X2 [22:23]: 10 matchs
22:11:04 [INFO]   1X2 [22:25]: 10 matchs
22:11:05 [INFO]   1X2 [22:27]: 10 matchs
22:11:05 [INFO] 1X2: 9 rounds → data/congobet_1x2_rounds.json
22:11:05 [INFO] === FIN 20.7s erreurs=aucune ===
22:11:05 [INFO] === DÉBUT CYCLE mode=gng ===
22:11:06 [INFO] === SCRAPE G/NG ===
22:11:14 [INFO] rounds ignorés (timer courant / hors séquence): ['00:35']
22:11:14 [INFO] 9 rounds retenus / 10 total (10 horodatés)
22:11:17 [INFO]   G/NG [22:13]: 10 matchs
22:11:20 [INFO]   G/NG [22:15]: 10 matchs
22:11:23 [INFO]   G/NG [22:17]: 10 matchs
22:11:26 [INFO]   G/NG [22:19]: 10 matchs
22:11:29 [INFO]   G/NG [22:21]: 10 matchs
22:11:32 [INFO]   G/NG [22:23]: 10 matchs
22:11:35 [INFO]   G/NG [22:25]: 10 matchs
22:11:38 [INFO]   G/NG [22:27]: 10 matchs
22:11:41 [INFO]   G/NG [22:29]: 10 matchs
22:11:41 [INFO] G/NG: 90 cotes → data/cbet_odds.json
22:11:41 [INFO] === FIN 35.6s erreurs=aucune ===
22:13:25 [INFO] === DÉBUT CYCLE mode=results ===
22:13:25 [INFO] === SCRAPE RÉSULTATS (version corrigée) ===
22:13:34 [INFO]   2 clics 'Afficher plus'
22:13:35 [INFO] Résultats: 100 → data/cbet_results.json
22:14:05 [INFO] === FIN 40.6s erreurs=aucune ===
23:10:15 [INFO] === DÉBUT CYCLE mode=1x2 ===
23:10:15 [INFO] === SCRAPE 1X2 ===
23:10:21 [INFO] rounds ignorés (timer courant / hors séquence): ['02:27']
23:10:21 [INFO] 9 rounds retenus / 10 total (10 horodatés)
23:10:23 [INFO]   1X2 [23:14]: 10 matchs
23:10:24 [INFO]   1X2 [23:16]: 10 matchs
23:10:26 [INFO]   1X2 [23:18]: 10 matchs
23:10:27 [INFO]   1X2 [23:20]: 10 matchs
23:10:28 [INFO]   1X2 [23:22]: 10 matchs
23:10:30 [INFO]   1X2 [23:24]: 10 matchs
23:10:31 [INFO]   1X2 [23:26]: 10 matchs
23:10:33 [INFO]   1X2 [23:28]: 10 matchs
23:10:34 [INFO]   1X2 [23:30]: 10 matchs
23:10:34 [INFO] 1X2: 9 rounds → data/congobet_1x2_rounds.json
23:10:34 [INFO] === FIN 19.1s erreurs=aucune ===
23:10:34 [INFO] === DÉBUT CYCLE mode=gng ===
23:10:34 [INFO] === SCRAPE G/NG ===
23:10:43 [INFO] rounds ignorés (timer courant / hors séquence): ['02:06']
23:10:43 [INFO] 9 rounds retenus / 10 total (10 horodatés)
23:10:46 [INFO]   G/NG [23:14]: 10 matchs
23:10:48 [INFO]   G/NG [23:16]: 10 matchs
23:10:51 [INFO]   G/NG [23:18]: 10 matchs
23:10:54 [INFO]   G/NG [23:20]: 10 matchs
23:10:57 [INFO]   G/NG [23:22]: 10 matchs
23:11:01 [INFO]   G/NG [23:24]: 10 matchs
23:11:04 [INFO]   G/NG [23:26]: 10 matchs
23:11:06 [INFO]   G/NG [23:28]: 10 matchs
23:11:09 [INFO]   G/NG [23:30]: 10 matchs
23:11:09 [INFO] G/NG: 90 cotes → data/cbet_odds.json
23:11:09 [INFO] === FIN 35.1s erreurs=aucune ===
23:12:53 [INFO] === DÉBUT CYCLE mode=results ===
23:12:53 [INFO] === SCRAPE RÉSULTATS (version corrigée) ===
23:12:59 [INFO]   0 clics 'Afficher plus'
23:13:14 [WARNING] Aucun conteneur de résultat trouvé
23:13:14 [INFO] === FIN 21.1s erreurs=aucune ===
00:09:28 [INFO] === DÉBUT CYCLE mode=1x2 ===
00:09:30 [INFO] === SCRAPE 1X2 ===
00:09:37 [WARNING] Impossible de sélectionner 1X2
00:09:37 [INFO] 9 rounds retenus / 10 total (9 horodatés)
00:09:39 [INFO]   1X2 [00:10]: 10 matchs
00:09:40 [INFO]   1X2 [00:12]: 10 matchs
00:09:41 [INFO]   1X2 [00:14]: 10 matchs
00:09:43 [INFO]   1X2 [00:16]: 10 matchs
00:09:44 [INFO]   1X2 [00:18]: 10 matchs
00:09:46 [INFO]   1X2 [00:20]: 10 matchs
00:09:47 [INFO]   1X2 [00:22]: 10 matchs
00:09:48 [INFO]   1X2 [00:24]: 10 matchs
00:09:50 [INFO]   1X2 [00:26]: 10 matchs
00:09:50 [INFO] 1X2: 9 rounds → data/congobet_1x2_rounds.json
00:09:50 [INFO] === FIN 21.9s erreurs=aucune ===
00:09:50 [INFO] === DÉBUT CYCLE mode=gng ===
00:09:50 [INFO] === SCRAPE G/NG ===
00:09:59 [INFO] 10 rounds retenus / 10 total (10 horodatés)
00:10:02 [INFO]   G/NG [00:50]: 10 matchs
00:10:05 [INFO]   G/NG [00:12]: 10 matchs
00:10:08 [INFO]   G/NG [00:14]: 10 matchs
00:10:11 [INFO]   G/NG [00:16]: 10 matchs
00:10:14 [INFO]   G/NG [00:18]: 10 matchs
00:10:17 [INFO]   G/NG [00:20]: 10 matchs
00:10:20 [INFO]   G/NG [00:22]: 10 matchs
00:10:23 [INFO]   G/NG [00:24]: 10 matchs
00:10:25 [INFO]   G/NG [00:26]: 10 matchs
00:10:28 [INFO]   G/NG [00:31]: 10 matchs
00:10:28 [INFO] G/NG: 100 cotes → data/cbet_odds.json
00:10:58 [INFO] === FIN 68.2s erreurs=aucune ===
00:12:42 [INFO] === DÉBUT CYCLE mode=results ===
00:12:43 [INFO] === SCRAPE RÉSULTATS (version corrigée) ===
00:12:56 [INFO]   5 clics 'Afficher plus'
00:13:00 [INFO] Résultats: 240 → data/cbet_results.json
00:13:30 [INFO] === FIN 47.9s erreurs=aucune ===
03:54:18 [INFO] === DÉBUT CYCLE mode=1x2 ===
03:54:19 [INFO] === SCRAPE 1X2 ===
03:54:28 [WARNING] Impossible de sélectionner 1X2
03:54:28 [INFO] 9 rounds retenus / 10 total (9 horodatés)
03:54:29 [INFO]   1X2 [03:55]: 10 matchs
03:54:31 [INFO]   1X2 [03:57]: 10 matchs
03:54:32 [INFO]   1X2 [03:59]: 10 matchs
03:54:34 [INFO]   1X2 [04:01]: 10 matchs
03:54:35 [INFO]   1X2 [04:03]: 10 matchs
03:54:36 [INFO]   1X2 [04:05]: 10 matchs
03:54:38 [INFO]   1X2 [04:07]: 10 matchs
03:54:39 [INFO]   1X2 [04:09]: 10 matchs
03:54:41 [INFO]   1X2 [04:11]: 10 matchs
03:54:41 [INFO] 1X2: 9 rounds → data/congobet_1x2_rounds.json
03:54:41 [INFO] === FIN 23.0s erreurs=aucune ===
03:54:41 [INFO] === DÉBUT CYCLE mode=gng ===
03:54:41 [INFO] === SCRAPE G/NG ===
03:54:50 [WARNING] Impossible de sélectionner G/NG
03:54:50 [INFO] === FIN 8.9s erreurs=aucune ===
03:56:34 [INFO] === DÉBUT CYCLE mode=results ===
03:56:34 [INFO] === SCRAPE RÉSULTATS (version corrigée) ===
03:56:49 [INFO]   5 clics 'Afficher plus'
03:56:53 [INFO] Résultats: 230 → data/cbet_results.json
03:57:23 [INFO] === FIN 49.5s erreurs=aucune ===
06:10:06 [INFO] === DÉBUT CYCLE mode=1x2 ===
06:10:06 [INFO] === SCRAPE 1X2 ===
06:10:14 [WARNING] Impossible de sélectionner 1X2
06:10:14 [INFO] 9 rounds retenus / 10 total (9 horodatés)
06:10:15 [INFO]   1X2 [06:11]: 10 matchs
06:10:17 [INFO]   1X2 [06:13]: 10 matchs
06:10:18 [INFO]   1X2 [06:15]: 10 matchs
06:10:19 [INFO]   1X2 [06:17]: 10 matchs
06:10:21 [INFO]   1X2 [06:19]: 10 matchs
06:10:22 [INFO]   1X2 [06:21]: 10 matchs
06:10:24 [INFO]   1X2 [06:23]: 10 matchs
06:10:25 [INFO]   1X2 [06:25]: 10 matchs
06:10:27 [INFO]   1X2 [06:27]: 10 matchs
06:10:27 [INFO] 1X2: 9 rounds → data/congobet_1x2_rounds.json
06:10:27 [INFO] === FIN 20.6s erreurs=aucune ===
06:10:27 [INFO] === DÉBUT CYCLE mode=gng ===
06:10:27 [INFO] === SCRAPE G/NG ===
06:10:34 [WARNING] Impossible de sélectionner G/NG
06:10:34 [INFO] === FIN 7.3s erreurs=aucune ===
06:12:18 [INFO] === DÉBUT CYCLE mode=results ===
06:12:18 [INFO] === SCRAPE RÉSULTATS (version corrigée) ===
06:12:27 [INFO]   2 clics 'Afficher plus'
06:12:29 [INFO] Résultats: 120 → data/cbet_results.json
06:12:29 [INFO] === FIN 11.4s erreurs=aucune ===
08:10:42 [INFO] === DÉBUT CYCLE mode=1x2 ===
08:10:44 [INFO] === SCRAPE 1X2 ===
08:10:51 [INFO] rounds ignorés (timer courant / hors séquence): ['08:12', '08:14', '08:16', '08:18', '08:20']
08:10:51 [INFO] 4 rounds retenus / 10 total (9 horodatés)
08:10:53 [INFO]   1X2 [08:25]: 10 matchs
08:10:54 [INFO]   1X2 [08:27]: 10 matchs
08:10:56 [INFO]   1X2 [08:29]: 10 matchs
08:10:57 [INFO]   1X2 [08:31]: 10 matchs
08:10:57 [INFO] 1X2: 4 rounds → data/congobet_1x2_rounds.json
08:11:27 [INFO] === FIN 44.8s erreurs=aucune ===
08:11:28 [INFO] === DÉBUT CYCLE mode=gng ===
08:11:28 [INFO] === SCRAPE G/NG ===
08:11:35 [WARNING] Impossible de sélectionner G/NG
08:12:05 [INFO] === FIN 37.6s erreurs=aucune ===
08:13:52 [INFO] === DÉBUT CYCLE mode=results ===
08:13:52 [INFO] === SCRAPE RÉSULTATS (version corrigée) ===
08:14:06 [INFO]   5 clics 'Afficher plus'
08:14:10 [INFO] Résultats: 240 → data/cbet_results.json
08:14:10 [INFO] === FIN 18.0s erreurs=aucune ===
09:43:45 [INFO] === DÉBUT CYCLE mode=1x2 ===
09:43:45 [INFO] === SCRAPE 1X2 ===
09:43:52 [INFO] rounds ignorés (timer courant / hors séquence): ['00:57']
09:43:52 [INFO] 9 rounds retenus / 10 total (10 horodatés)
09:43:54 [INFO]   1X2 [09:46]: 10 matchs
09:43:55 [INFO]   1X2 [09:48]: 10 matchs
09:43:56 [INFO]   1X2 [09:50]: 10 matchs
09:43:59 [INFO]   1X2 [09:52]: 10 matchs
09:44:00 [INFO]   1X2 [09:54]: 10 matchs
09:44:01 [INFO]   1X2 [09:56]: 10 matchs
09:44:03 [INFO]   1X2 [09:58]: 10 matchs
09:44:04 [INFO]   1X2 [10:00]: 10 matchs
09:44:06 [INFO]   1X2 [10:02]: 10 matchs
09:44:06 [INFO] 1X2: 9 rounds → data/congobet_1x2_rounds.json
09:44:36 [INFO] === FIN 51.1s erreurs=aucune ===
09:44:36 [INFO] === DÉBUT CYCLE mode=gng ===
09:44:36 [INFO] === SCRAPE G/NG ===
09:44:45 [INFO] rounds ignorés (timer courant / hors séquence): ['00:04']
09:44:45 [INFO] 9 rounds retenus / 10 total (10 horodatés)
09:44:48 [INFO]   G/NG [09:46]: 10 matchs
09:44:51 [INFO]   G/NG [09:48]: 10 matchs
09:44:54 [INFO]   G/NG [09:50]: 10 matchs
09:44:58 [INFO]   G/NG [09:52]: 10 matchs
09:45:01 [INFO]   G/NG [09:54]: 10 matchs
09:45:04 [INFO]   G/NG [09:56]: 10 matchs
09:45:07 [INFO]   G/NG [09:58]: 10 matchs
09:45:10 [INFO]   G/NG [10:00]: 10 matchs
09:45:13 [INFO]   G/NG [10:02]: 10 matchs
09:45:13 [INFO] G/NG: 90 cotes → data/cbet_odds.json
09:45:43 [INFO] === FIN 67.4s erreurs=aucune ===
09:47:27 [INFO] === DÉBUT CYCLE mode=results ===
09:47:28 [INFO] === SCRAPE RÉSULTATS (version corrigée) ===
09:47:34 [INFO]   0 clics 'Afficher plus'
09:47:34 [INFO] Résultats: 10 → data/cbet_results.json
09:48:04 [INFO] === FIN 37.1s erreurs=aucune ===
10:38:51 [INFO] === DÉBUT CYCLE mode=1x2 ===
10:38:51 [INFO] === SCRAPE 1X2 ===
10:38:58 [WARNING] Impossible de sélectionner 1X2
10:38:58 [INFO] 9 rounds retenus / 10 total (9 horodatés)
10:39:00 [INFO]   1X2 [10:40]: 10 matchs
10:39:01 [INFO]   1X2 [10:42]: 10 matchs
10:39:03 [INFO]   1X2 [10:44]: 10 matchs
10:39:04 [INFO]   1X2 [10:46]: 10 matchs
10:39:05 [INFO]   1X2 [10:48]: 10 matchs
10:39:07 [INFO]   1X2 [10:50]: 10 matchs
10:39:08 [INFO]   1X2 [10:52]: 10 matchs
10:39:10 [INFO]   1X2 [10:54]: 10 matchs
10:39:12 [INFO]   1X2 [10:56]: 10 matchs
10:39:12 [INFO] 1X2: 9 rounds → data/congobet_1x2_rounds.json
10:39:12 [INFO] === FIN 20.8s erreurs=aucune ===
10:39:12 [INFO] === DÉBUT CYCLE mode=gng ===
10:39:12 [INFO] === SCRAPE G/NG ===
10:39:18 [WARNING] Impossible de sélectionner G/NG
10:39:49 [INFO] === FIN 36.8s erreurs=aucune ===
10:41:33 [INFO] === DÉBUT CYCLE mode=results ===
10:41:33 [INFO] === SCRAPE RÉSULTATS (version corrigée) ===
10:41:46 [INFO]   5 clics 'Afficher plus'
10:41:50 [INFO] Résultats: 240 → data/cbet_results.json
10:41:50 [INFO] === FIN 17.5s erreurs=aucune ===
11:31:36 [INFO] === DÉBUT CYCLE mode=1x2 ===
11:31:39 [INFO] === SCRAPE 1X2 ===
11:31:56 [WARNING] Impossible de sélectionner 1X2
11:31:56 [INFO] 9 rounds retenus / 10 total (9 horodatés)
11:31:58 [INFO]   1X2 [11:33]: 10 matchs
11:31:59 [INFO]   1X2 [11:35]: 10 matchs
11:32:00 [INFO]   1X2 [11:37]: 10 matchs
11:32:02 [INFO]   1X2 [11:39]: 10 matchs
11:32:03 [INFO]   1X2 [11:41]: 10 matchs
11:32:05 [INFO]   1X2 [11:43]: 10 matchs
11:32:06 [INFO]   1X2 [11:45]: 10 matchs
11:32:07 [INFO]   1X2 [11:47]: 10 matchs
11:32:09 [INFO]   1X2 [11:49]: 10 matchs
11:32:09 [INFO] 1X2: 9 rounds → data/congobet_1x2_rounds.json
11:32:09 [INFO] === FIN 32.5s erreurs=aucune ===
11:32:09 [INFO] === DÉBUT CYCLE mode=gng ===
11:32:09 [INFO] === SCRAPE G/NG ===
11:32:15 [WARNING] Impossible de sélectionner G/NG
11:32:16 [INFO] === FIN 6.5s erreurs=aucune ===
11:33:59 [INFO] === DÉBUT CYCLE mode=results ===
11:34:00 [INFO] === SCRAPE RÉSULTATS (version corrigée) ===
11:34:17 [INFO]   3 clics 'Afficher plus'
11:34:19 [INFO] Résultats: 150 → data/cbet_results.json
11:34:19 [INFO] === FIN 20.0s erreurs=aucune ===
12:35:43 [INFO] === DÉBUT CYCLE mode=1x2 ===
12:35:45 [INFO] === SCRAPE 1X2 ===
12:35:54 [INFO] rounds ignorés (timer courant / hors séquence): ['00:56']
12:35:54 [INFO] 9 rounds retenus / 10 total (10 horodatés)
12:35:55 [INFO]   1X2 [12:38]: 10 matchs
12:35:56 [INFO]   1X2 [12:40]: 10 matchs
12:35:58 [INFO]   1X2 [12:42]: 10 matchs
12:35:59 [INFO]   1X2 [12:44]: 10 matchs
12:36:01 [INFO]   1X2 [12:46]: 10 matchs
12:36:02 [INFO]   1X2 [12:48]: 10 matchs
12:36:03 [INFO]   1X2 [12:50]: 10 matchs
12:36:05 [INFO]   1X2 [12:52]: 10 matchs
12:36:06 [INFO]   1X2 [12:54]: 10 matchs
12:36:06 [INFO] 1X2: 9 rounds → data/congobet_1x2_rounds.json
12:36:06 [INFO] === FIN 22.9s erreurs=aucune ===
12:36:06 [INFO] === DÉBUT CYCLE mode=gng ===
12:36:07 [INFO] === SCRAPE G/NG ===
12:36:18 [INFO] rounds ignorés (timer courant / hors séquence): ['00:31']
12:36:18 [INFO] 9 rounds retenus / 10 total (10 horodatés)
12:36:21 [INFO]   G/NG [12:38]: 10 matchs
12:36:24 [INFO]   G/NG [12:40]: 10 matchs
12:36:27 [INFO]   G/NG [12:42]: 10 matchs
12:36:30 [INFO]   G/NG [12:44]: 10 matchs
12:36:33 [INFO]   G/NG [12:46]: 10 matchs
12:36:36 [INFO]   G/NG [12:48]: 10 matchs
12:36:39 [INFO]   G/NG [12:50]: 10 matchs
12:36:42 [INFO]   G/NG [12:52]: 10 matchs
12:36:45 [INFO]   G/NG [12:54]: 10 matchs
12:36:45 [INFO] G/NG: 90 cotes → data/cbet_odds.json
12:37:16 [INFO] === FIN 69.0s erreurs=aucune ===
12:39:04 [INFO] === DÉBUT CYCLE mode=results ===
12:39:04 [INFO] === SCRAPE RÉSULTATS (version corrigée) ===
12:39:14 [INFO]   1 clics 'Afficher plus'
12:39:15 [INFO] Résultats: 80 → data/cbet_results.json
12:39:47 [INFO] === FIN 41.6s erreurs=aucune ===
14:02:28 [INFO] === DÉBUT CYCLE mode=1x2 ===
14:02:30 [INFO] === SCRAPE 1X2 ===
14:02:36 [WARNING] Impossible de sélectionner 1X2
14:02:36 [INFO] 9 rounds retenus / 10 total (9 horodatés)
14:02:38 [INFO]   1X2 [14:03]: 10 matchs
14:02:39 [INFO]   1X2 [14:05]: 10 matchs
14:02:40 [INFO]   1X2 [14:07]: 10 matchs
14:02:42 [INFO]   1X2 [14:09]: 10 matchs
14:02:43 [INFO]   1X2 [14:11]: 10 matchs
14:02:45 [INFO]   1X2 [14:13]: 10 matchs
14:02:46 [INFO]   1X2 [14:15]: 10 matchs
14:02:47 [INFO]   1X2 [14:17]: 10 matchs
14:02:49 [INFO]   1X2 [14:19]: 10 matchs
14:02:49 [INFO] 1X2: 9 rounds → data/congobet_1x2_rounds.json
14:02:49 [INFO] === FIN 21.0s erreurs=aucune ===
14:02:49 [INFO] === DÉBUT CYCLE mode=gng ===
14:02:49 [INFO] === SCRAPE G/NG ===
14:02:58 [INFO] rounds ignorés (timer courant / hors séquence): ['00:51']
14:02:58 [INFO] 9 rounds retenus / 10 total (10 horodatés)
14:03:01 [INFO]   G/NG [14:05]: 10 matchs
14:03:04 [INFO]   G/NG [14:07]: 10 matchs
14:03:07 [INFO]   G/NG [14:09]: 10 matchs
14:03:09 [INFO]   G/NG [14:11]: 10 matchs
14:03:13 [INFO]   G/NG [14:13]: 10 matchs
14:03:16 [INFO]   G/NG [14:15]: 10 matchs
14:03:19 [INFO]   G/NG [14:17]: 10 matchs
14:03:22 [INFO]   G/NG [14:19]: 10 matchs
14:03:25 [INFO]   G/NG [14:21]: 10 matchs
14:03:25 [INFO] G/NG: 90 cotes → data/cbet_odds.json
14:03:25 [INFO] === FIN 35.8s erreurs=aucune ===
14:05:09 [INFO] === DÉBUT CYCLE mode=results ===
14:05:09 [INFO] === SCRAPE RÉSULTATS (version corrigée) ===
14:05:18 [INFO]   2 clics 'Afficher plus'
14:05:20 [INFO] Résultats: 120 → data/cbet_results.json
14:05:50 [INFO] === FIN 41.1s erreurs=aucune ===
15:04:25 [INFO] === DÉBUT CYCLE mode=1x2 ===
15:04:27 [INFO] === SCRAPE 1X2 ===
15:04:35 [INFO] rounds ignorés (timer courant / hors séquence): ['00:14']
15:04:35 [INFO] 9 rounds retenus / 10 total (10 horodatés)
15:04:36 [INFO]   1X2 [15:06]: 10 matchs
15:04:38 [INFO]   1X2 [15:08]: 10 matchs
15:04:39 [INFO]   1X2 [15:10]: 10 matchs
15:04:41 [INFO]   1X2 [15:12]: 10 matchs
15:04:42 [INFO]   1X2 [15:14]: 10 matchs
15:04:43 [INFO]   1X2 [15:16]: 10 matchs
15:04:45 [INFO]   1X2 [15:18]: 10 matchs
15:04:46 [INFO]   1X2 [15:20]: 10 matchs
15:04:47 [INFO]   1X2 [15:22]: 10 matchs
15:04:47 [INFO] 1X2: 9 rounds → data/congobet_1x2_rounds.json
15:04:48 [INFO] === FIN 22.6s erreurs=aucune ===
15:04:48 [INFO] === DÉBUT CYCLE mode=gng ===
15:04:48 [INFO] === SCRAPE G/NG ===
15:04:56 [WARNING] Impossible de sélectionner G/NG
15:04:56 [INFO] === FIN 8.7s erreurs=aucune ===
15:06:41 [INFO] === DÉBUT CYCLE mode=results ===
15:06:41 [INFO] === SCRAPE RÉSULTATS (version corrigée) ===
15:06:49 [INFO]   0 clics 'Afficher plus'
15:06:50 [INFO] Résultats: 30 → data/cbet_results.json
15:07:20 [INFO] === FIN 39.2s erreurs=aucune ===
16:03:10 [INFO] === DÉBUT CYCLE mode=1x2 ===
16:03:12 [INFO] === SCRAPE 1X2 ===
16:03:18 [WARNING] Impossible de sélectionner 1X2
16:03:18 [INFO] rounds ignorés (timer courant / hors séquence): ['16:04', '16:06', '16:08', '16:10', '16:12', '16:14']
16:03:18 [INFO] 3 rounds retenus / 10 total (9 horodatés)
16:03:20 [INFO]   1X2 [16:19]: 10 matchs
16:03:21 [INFO]   1X2 [16:21]: 10 matchs
16:03:23 [INFO]   1X2 [16:23]: 10 matchs
16:03:23 [INFO] 1X2: 3 rounds → data/congobet_1x2_rounds.json
16:03:53 [INFO] === FIN 42.3s erreurs=aucune ===
16:03:53 [INFO] === DÉBUT CYCLE mode=gng ===
16:03:53 [INFO] === SCRAPE G/NG ===
16:04:02 [INFO] rounds ignorés (timer courant / hors séquence): ['00:47', '16:06', '16:08', '16:10', '16:12', '16:14']
16:04:02 [INFO] 4 rounds retenus / 10 total (10 horodatés)
16:04:05 [INFO]   G/NG [16:19]: 10 matchs
16:04:08 [INFO]   G/NG [16:21]: 10 matchs
16:04:11 [INFO]   G/NG [16:23]: 10 matchs
16:04:14 [INFO]   G/NG [16:25]: 10 matchs
16:04:14 [INFO] G/NG: 40 cotes → data/cbet_odds.json
16:04:14 [INFO] === FIN 21.3s erreurs=aucune ===
16:05:58 [INFO] === DÉBUT CYCLE mode=results ===
16:05:58 [INFO] === SCRAPE RÉSULTATS (version corrigée) ===
16:06:11 [INFO]   5 clics 'Afficher plus'
16:06:15 [INFO] Résultats: 240 → data/cbet_results.json
16:06:45 [INFO] === FIN 47.2s erreurs=aucune ===
17:06:53 [INFO] === DÉBUT CYCLE mode=1x2 ===
17:06:55 [INFO] === SCRAPE 1X2 ===
17:07:01 [INFO] rounds ignorés (timer courant / hors séquence): ['00:48']
17:07:01 [INFO] 9 rounds retenus / 10 total (10 horodatés)
17:07:02 [INFO]   1X2 [17:09]: 10 matchs
17:07:04 [INFO]   1X2 [17:11]: 10 matchs
17:07:05 [INFO]   1X2 [17:13]: 10 matchs
17:07:06 [INFO]   1X2 [17:15]: 10 matchs
17:07:08 [INFO]   1X2 [17:17]: 10 matchs
17:07:09 [INFO]   1X2 [17:19]: 10 matchs
17:07:11 [INFO]   1X2 [17:21]: 10 matchs
17:07:12 [INFO]   1X2 [17:23]: 10 matchs
17:07:13 [INFO]   1X2 [17:25]: 10 matchs
17:07:13 [INFO] 1X2: 9 rounds → data/congobet_1x2_rounds.json
17:07:43 [INFO] === FIN 50.8s erreurs=aucune ===
17:07:44 [INFO] === DÉBUT CYCLE mode=gng ===
17:07:44 [INFO] === SCRAPE G/NG ===
17:07:52 [INFO] 9 rounds retenus / 10 total (9 horodatés)
17:07:55 [INFO]   G/NG [17:09]: 10 matchs
17:07:58 [INFO]   G/NG [17:11]: 10 matchs
17:08:01 [INFO]   G/NG [17:13]: 10 matchs
17:08:05 [INFO]   G/NG [17:15]: 10 matchs
17:08:08 [INFO]   G/NG [17:17]: 10 matchs
17:08:10 [INFO]   G/NG [17:19]: 10 matchs
17:08:13 [INFO]   G/NG [17:21]: 10 matchs
17:08:16 [INFO]   G/NG [17:23]: 10 matchs
17:08:20 [INFO]   G/NG [17:25]: 10 matchs
17:08:20 [INFO] G/NG: 90 cotes → data/cbet_odds.json
17:08:50 [INFO] === FIN 66.0s erreurs=aucune ===
17:10:34 [INFO] === DÉBUT CYCLE mode=results ===
17:10:34 [INFO] === SCRAPE RÉSULTATS (version corrigée) ===
17:10:46 [INFO]   5 clics 'Afficher plus'
17:10:51 [INFO] Résultats: 240 → data/cbet_results.json
17:10:51 [INFO] === FIN 17.2s erreurs=aucune ===
18:01:55 [INFO] === DÉBUT CYCLE mode=1x2 ===
18:01:56 [INFO] === SCRAPE 1X2 ===
18:02:05 [INFO] rounds ignorés (timer courant / hors séquence): ['00:44']
18:02:05 [INFO] 9 rounds retenus / 10 total (10 horodatés)
18:02:07 [INFO]   1X2 [18:04]: 10 matchs
18:02:08 [INFO]   1X2 [18:06]: 10 matchs
18:02:09 [INFO]   1X2 [18:08]: 10 matchs
18:02:11 [INFO]   1X2 [18:10]: 10 matchs
18:02:12 [INFO]   1X2 [18:12]: 10 matchs
18:02:14 [INFO]   1X2 [18:14]: 10 matchs
18:02:15 [INFO]   1X2 [18:16]: 10 matchs
18:02:16 [INFO]   1X2 [18:18]: 10 matchs
18:02:18 [INFO]   1X2 [18:20]: 10 matchs
18:02:18 [INFO] 1X2: 9 rounds → data/congobet_1x2_rounds.json
18:02:48 [INFO] === FIN 52.3s erreurs=aucune ===
18:02:48 [INFO] === DÉBUT CYCLE mode=gng ===
18:02:48 [INFO] === SCRAPE G/NG ===
18:02:57 [WARNING] Impossible de sélectionner G/NG
18:02:57 [INFO] === FIN 9.1s erreurs=aucune ===
18:04:41 [INFO] === DÉBUT CYCLE mode=results ===
18:04:41 [INFO] === SCRAPE RÉSULTATS (version corrigée) ===
18:04:54 [INFO]   3 clics 'Afficher plus'
18:04:56 [INFO] Résultats: 130 → data/cbet_results.json
18:05:27 [INFO] === FIN 44.9s erreurs=aucune ===
19:17:12 [INFO] === DÉBUT CYCLE mode=1x2 ===
19:17:12 [INFO] === SCRAPE 1X2 ===
19:17:19 [INFO] rounds ignorés (timer courant / hors séquence): ['00:30']
19:17:19 [INFO] 9 rounds retenus / 10 total (10 horodatés)
19:17:21 [INFO]   1X2 [19:19]: 10 matchs
19:17:22 [INFO]   1X2 [19:21]: 10 matchs
19:17:23 [INFO]   1X2 [19:23]: 10 matchs
19:17:25 [INFO]   1X2 [19:25]: 10 matchs
19:17:26 [INFO]   1X2 [19:27]: 10 matchs
19:17:27 [INFO]   1X2 [19:29]: 10 matchs
19:17:29 [INFO]   1X2 [19:31]: 10 matchs
19:17:30 [INFO]   1X2 [19:33]: 10 matchs
19:17:32 [INFO]   1X2 [19:35]: 10 matchs
19:17:32 [INFO] 1X2: 9 rounds → data/congobet_1x2_rounds.json
19:18:02 [INFO] === FIN 49.8s erreurs=aucune ===
19:18:03 [INFO] === DÉBUT CYCLE mode=gng ===
19:18:03 [INFO] === SCRAPE G/NG ===
19:18:10 [WARNING] Impossible de sélectionner G/NG
19:18:10 [INFO] === FIN 7.5s erreurs=aucune ===
19:19:56 [INFO] === DÉBUT CYCLE mode=results ===
19:19:56 [INFO] === SCRAPE RÉSULTATS (version corrigée) ===
19:20:05 [INFO]   2 clics 'Afficher plus'
19:20:07 [INFO] Résultats: 100 → data/cbet_results.json
19:20:07 [INFO] === FIN 11.3s erreurs=aucune ===
20:03:51 [INFO] === DÉBUT CYCLE mode=1x2 ===
20:03:53 [INFO] === SCRAPE 1X2 ===
20:04:00 [WARNING] Impossible de sélectionner 1X2
20:04:00 [INFO] rounds ignorés (timer courant / hors séquence): ['20:05', '20:07', '20:09', '20:11']
20:04:00 [INFO] 5 rounds retenus / 10 total (9 horodatés)
20:04:01 [INFO]   1X2 [20:16]: 10 matchs
20:04:02 [INFO]   1X2 [20:18]: 10 matchs
20:04:03 [INFO]   1X2 [20:20]: 10 matchs
20:04:05 [INFO]   1X2 [20:22]: 10 matchs
20:04:06 [INFO]   1X2 [20:24]: 10 matchs
20:04:06 [INFO] 1X2: 5 rounds → data/congobet_1x2_rounds.json
20:04:06 [INFO] === FIN 14.9s erreurs=aucune ===
20:04:06 [INFO] === DÉBUT CYCLE mode=gng ===
20:04:06 [INFO] === SCRAPE G/NG ===
20:04:13 [WARNING] Impossible de sélectionner G/NG
20:04:13 [INFO] === FIN 6.8s erreurs=aucune ===
20:05:57 [INFO] === DÉBUT CYCLE mode=results ===
20:05:58 [INFO] === SCRAPE RÉSULTATS (version corrigée) ===
20:06:10 [INFO]   5 clics 'Afficher plus'
20:06:15 [INFO] Résultats: 240 → data/cbet_results.json
20:06:45 [INFO] === FIN 47.5s erreurs=aucune ===
20:58:23 [INFO] === DÉBUT CYCLE mode=1x2 ===
20:58:24 [INFO] === SCRAPE 1X2 ===
20:58:31 [INFO] rounds ignorés (timer courant / hors séquence): ['00:18']
20:58:31 [INFO] 9 rounds retenus / 10 total (10 horodatés)
20:58:32 [INFO]   1X2 [21:00]: 10 matchs
20:58:34 [INFO]   1X2 [21:02]: 10 matchs
20:58:35 [INFO]   1X2 [21:04]: 10 matchs
20:58:37 [INFO]   1X2 [21:06]: 10 matchs
20:58:38 [INFO]   1X2 [21:08]: 10 matchs
20:58:39 [INFO]   1X2 [21:10]: 10 matchs
20:58:41 [INFO]   1X2 [21:12]: 10 matchs
20:58:42 [INFO]   1X2 [21:14]: 10 matchs
20:58:43 [INFO]   1X2 [21:16]: 10 matchs
20:58:43 [INFO] 1X2: 9 rounds → data/congobet_1x2_rounds.json
20:59:15 [INFO] === FIN 51.1s erreurs=aucune ===
20:59:17 [INFO] === DÉBUT CYCLE mode=gng ===
20:59:19 [INFO] === SCRAPE G/NG ===
20:59:27 [WARNING] Impossible de sélectionner G/NG
20:59:27 [INFO] === FIN 9.2s erreurs=aucune ===
21:01:12 [INFO] === DÉBUT CYCLE mode=results ===
21:01:12 [INFO] === SCRAPE RÉSULTATS (version corrigée) ===
21:01:26 [INFO]   5 clics 'Afficher plus'
21:01:29 [INFO] Résultats: 220 → data/cbet_results.json
21:02:00 [INFO] === FIN 47.7s erreurs=aucune ===
21:50:00 [INFO] === DÉBUT CYCLE mode=1x2 ===
21:50:01 [INFO] === SCRAPE 1X2 ===
21:50:07 [WARNING] Impossible de sélectionner 1X2
21:50:07 [INFO] 9 rounds retenus / 10 total (9 horodatés)
21:50:09 [INFO]   1X2 [21:51]: 10 matchs
21:50:10 [INFO]   1X2 [21:53]: 10 matchs
21:50:11 [INFO]   1X2 [21:55]: 10 matchs
21:50:12 [INFO]   1X2 [21:57]: 10 matchs
21:50:13 [INFO]   1X2 [21:59]: 10 matchs
21:50:15 [INFO]   1X2 [22:01]: 10 matchs
21:50:16 [INFO]   1X2 [22:03]: 10 matchs
21:50:18 [INFO]   1X2 [22:05]: 10 matchs
21:50:19 [INFO]   1X2 [22:07]: 10 matchs
21:50:19 [INFO] 1X2: 9 rounds → data/congobet_1x2_rounds.json
21:50:19 [INFO] === FIN 18.8s erreurs=aucune ===
21:50:19 [INFO] === DÉBUT CYCLE mode=gng ===
21:50:20 [INFO] === SCRAPE G/NG ===
21:50:26 [WARNING] Impossible de sélectionner G/NG
21:50:26 [INFO] === FIN 6.5s erreurs=aucune ===
21:52:10 [INFO] === DÉBUT CYCLE mode=results ===
21:52:10 [INFO] === SCRAPE RÉSULTATS (version corrigée) ===
21:52:17 [INFO]   1 clics 'Afficher plus'
21:52:18 [INFO] Résultats: 80 → data/cbet_results.json
21:52:19 [INFO] === FIN 8.8s erreurs=aucune ===
22:29:38 [INFO] === DÉBUT CYCLE mode=1x2 ===
22:29:39 [INFO] === SCRAPE 1X2 ===
22:29:48 [INFO] rounds ignorés (timer courant / hors séquence): ['00:02']
22:29:48 [INFO] 9 rounds retenus / 10 total (10 horodatés)
22:29:49 [INFO]   1X2 [22:31]: 10 matchs
22:29:50 [INFO]   1X2 [22:33]: 10 matchs
22:29:52 [INFO]   1X2 [22:35]: 10 matchs
22:29:53 [INFO]   1X2 [22:37]: 10 matchs
22:29:54 [INFO]   1X2 [22:39]: 10 matchs
22:29:56 [INFO]   1X2 [22:41]: 10 matchs
22:29:57 [INFO]   1X2 [22:43]: 10 matchs
22:29:59 [INFO]   1X2 [22:45]: 10 matchs
22:30:00 [INFO]   1X2 [22:47]: 10 matchs
22:30:00 [INFO] 1X2: 9 rounds → data/congobet_1x2_rounds.json
22:30:00 [INFO] === FIN 22.4s erreurs=aucune ===
22:30:00 [INFO] === DÉBUT CYCLE mode=gng ===
22:30:01 [INFO] === SCRAPE G/NG ===
22:30:09 [WARNING] Impossible de sélectionner G/NG
22:30:09 [INFO] === FIN 8.6s erreurs=aucune ===
22:31:53 [INFO] === DÉBUT CYCLE mode=results ===
22:31:53 [INFO] === SCRAPE RÉSULTATS (version corrigée) ===
22:32:08 [INFO]   5 clics 'Afficher plus'
22:32:13 [INFO] Résultats: 240 → data/cbet_results.json
22:32:43 [INFO] === FIN 49.5s erreurs=aucune ===
23:26:23 [INFO] === DÉBUT CYCLE mode=1x2 ===
23:26:25 [INFO] === SCRAPE 1X2 ===
23:26:33 [INFO] rounds ignorés (timer courant / hors séquence): ['00:16']
23:26:33 [INFO] 9 rounds retenus / 10 total (10 horodatés)
23:26:35 [INFO]   1X2 [23:28]: 10 matchs
23:26:36 [INFO]   1X2 [23:30]: 10 matchs
23:26:37 [INFO]   1X2 [23:32]: 10 matchs
23:26:39 [INFO]   1X2 [23:34]: 10 matchs
23:26:40 [INFO]   1X2 [23:36]: 10 matchs
23:26:41 [INFO]   1X2 [23:38]: 10 matchs
23:26:43 [INFO]   1X2 [23:40]: 10 matchs
23:26:44 [INFO]   1X2 [23:42]: 10 matchs
23:26:46 [INFO]   1X2 [23:44]: 10 matchs
23:26:46 [INFO] 1X2: 9 rounds → data/congobet_1x2_rounds.json
23:26:46 [INFO] === FIN 22.1s erreurs=aucune ===
23:26:46 [INFO] === DÉBUT CYCLE mode=gng ===
23:26:46 [INFO] === SCRAPE G/NG ===
23:26:54 [WARNING] Impossible de sélectionner G/NG
23:26:54 [INFO] === FIN 8.8s erreurs=aucune ===
23:28:39 [INFO] === DÉBUT CYCLE mode=results ===
23:28:39 [INFO] === SCRAPE RÉSULTATS (version corrigée) ===
23:28:53 [INFO]   4 clics 'Afficher plus'
23:28:56 [INFO] Résultats: 170 → data/cbet_results.json
23:28:56 [INFO] === FIN 16.8s erreurs=aucune ===
00:10:48 [INFO] === DÉBUT CYCLE mode=1x2 ===
00:10:48 [INFO] === SCRAPE 1X2 ===
00:10:57 [INFO] rounds ignorés (timer courant / hors séquence): ['02:52']
00:10:57 [INFO] 9 rounds retenus / 10 total (10 horodatés)
00:10:58 [INFO]   1X2 [00:15]: 10 matchs
00:11:00 [INFO]   1X2 [00:17]: 10 matchs
00:11:01 [INFO]   1X2 [00:19]: 10 matchs
00:11:02 [INFO]   1X2 [00:21]: 10 matchs
00:11:04 [INFO]   1X2 [00:23]: 10 matchs
00:11:05 [INFO]   1X2 [00:25]: 10 matchs
00:11:07 [INFO]   1X2 [00:27]: 10 matchs
00:11:08 [INFO]   1X2 [00:29]: 10 matchs
00:11:09 [INFO]   1X2 [00:31]: 10 matchs
00:11:09 [INFO] 1X2: 9 rounds → data/congobet_1x2_rounds.json
00:11:40 [INFO] === FIN 51.9s erreurs=aucune ===
00:11:42 [INFO] === DÉBUT CYCLE mode=gng ===
00:11:42 [INFO] === SCRAPE G/NG ===
00:11:53 [INFO] rounds ignorés (timer courant / hors séquence): ['01:56']
00:11:53 [INFO] 9 rounds retenus / 10 total (10 horodatés)
00:11:56 [INFO]   G/NG [00:15]: 10 matchs
00:11:59 [INFO]   G/NG [00:17]: 10 matchs
00:12:03 [INFO]   G/NG [00:19]: 10 matchs
00:12:06 [INFO]   G/NG [00:21]: 10 matchs
00:12:09 [INFO]   G/NG [00:23]: 10 matchs
00:12:12 [INFO]   G/NG [00:25]: 10 matchs
00:12:15 [INFO]   G/NG [00:27]: 10 matchs
00:12:18 [INFO]   G/NG [00:29]: 10 matchs
00:12:21 [INFO]   G/NG [00:31]: 10 matchs
00:12:21 [INFO] G/NG: 90 cotes → data/cbet_odds.json
00:12:21 [INFO] === FIN 39.4s erreurs=aucune ===
00:14:05 [INFO] === DÉBUT CYCLE mode=results ===
00:14:06 [INFO] === SCRAPE RÉSULTATS (version corrigée) ===
00:14:14 [INFO]   0 clics 'Afficher plus'
00:14:29 [WARNING] Aucun conteneur de résultat trouvé
00:14:59 [INFO] === FIN 53.8s erreurs=aucune ===
04:14:21 [INFO] === DÉBUT CYCLE mode=1x2 ===
04:14:23 [INFO] === SCRAPE 1X2 ===
04:14:29 [INFO] rounds ignorés (timer courant / hors séquence): ['00:20']
04:14:29 [INFO] 9 rounds retenus / 10 total (10 horodatés)
04:14:30 [INFO]   1X2 [04:16]: 10 matchs
04:14:32 [INFO]   1X2 [04:18]: 10 matchs
04:14:33 [INFO]   1X2 [04:20]: 10 matchs
04:14:35 [INFO]   1X2 [04:22]: 10 matchs
04:14:36 [INFO]   1X2 [04:24]: 10 matchs
04:14:37 [INFO]   1X2 [04:26]: 10 matchs
04:14:39 [INFO]   1X2 [04:28]: 10 matchs
04:14:40 [INFO]   1X2 [04:30]: 10 matchs
04:14:41 [INFO]   1X2 [04:32]: 10 matchs
04:14:41 [INFO] 1X2: 9 rounds → data/congobet_1x2_rounds.json
04:14:42 [INFO] === FIN 20.3s erreurs=aucune ===
04:14:42 [INFO] === DÉBUT CYCLE mode=gng ===
04:14:42 [INFO] === SCRAPE G/NG ===
04:14:51 [INFO] 9 rounds retenus / 10 total (9 horodatés)
04:14:54 [INFO]   G/NG [04:16]: 10 matchs
04:14:57 [INFO]   G/NG [04:18]: 10 matchs
04:15:00 [INFO]   G/NG [04:20]: 10 matchs
04:15:03 [INFO]   G/NG [04:22]: 10 matchs
04:15:06 [INFO]   G/NG [04:24]: 10 matchs
04:15:09 [INFO]   G/NG [04:26]: 10 matchs
04:15:12 [INFO]   G/NG [04:28]: 10 matchs
04:15:15 [INFO]   G/NG [04:30]: 10 matchs
04:15:18 [INFO]   G/NG [04:32]: 10 matchs
04:15:18 [INFO] G/NG: 90 cotes → data/cbet_odds.json
04:15:49 [INFO] === FIN 66.9s erreurs=aucune ===
04:17:33 [INFO] === DÉBUT CYCLE mode=results ===
04:17:33 [INFO] === SCRAPE RÉSULTATS (version corrigée) ===
04:17:39 [INFO]   0 clics 'Afficher plus'
04:17:40 [INFO] Résultats: 30 → data/cbet_results.json
04:17:40 [INFO] === FIN 6.9s erreurs=aucune ===
06:46:29 [INFO] === DÉBUT CYCLE mode=1x2 ===
06:46:31 [INFO] === SCRAPE 1X2 ===
06:46:38 [INFO] rounds ignorés (timer courant / hors séquence): ['02:11']
06:46:38 [INFO] 9 rounds retenus / 10 total (10 horodatés)
06:46:39 [INFO]   1X2 [06:50]: 10 matchs
06:46:41 [INFO]   1X2 [06:52]: 10 matchs
06:46:42 [INFO]   1X2 [06:54]: 10 matchs
06:46:43 [INFO]   1X2 [06:56]: 10 matchs
06:46:45 [INFO]   1X2 [06:58]: 10 matchs
06:46:46 [INFO]   1X2 [07:00]: 10 matchs
06:46:48 [INFO]   1X2 [07:02]: 10 matchs
06:46:49 [INFO]   1X2 [07:04]: 10 matchs
06:46:50 [INFO]   1X2 [07:06]: 10 matchs
06:46:50 [INFO] 1X2: 9 rounds → data/congobet_1x2_rounds.json
06:46:50 [INFO] === FIN 21.0s erreurs=aucune ===
06:46:51 [INFO] === DÉBUT CYCLE mode=gng ===
06:46:51 [INFO] === SCRAPE G/NG ===
06:47:00 [INFO] rounds ignorés (timer courant / hors séquence): ['01:49']
06:47:00 [INFO] 9 rounds retenus / 10 total (10 horodatés)
06:47:03 [INFO]   G/NG [06:50]: 10 matchs
06:47:06 [INFO]   G/NG [06:52]: 10 matchs
06:47:09 [INFO]   G/NG [06:54]: 10 matchs
06:47:12 [INFO]   G/NG [06:56]: 10 matchs
06:47:15 [INFO]   G/NG [06:58]: 10 matchs
06:47:18 [INFO]   G/NG [07:00]: 10 matchs
06:47:21 [INFO]   G/NG [07:02]: 10 matchs
06:47:25 [INFO]   G/NG [07:04]: 10 matchs
06:47:28 [INFO]   G/NG [07:06]: 10 matchs
06:47:28 [INFO] G/NG: 90 cotes → data/cbet_odds.json
06:47:58 [INFO] === FIN 67.1s erreurs=aucune ===
06:49:42 [INFO] === DÉBUT CYCLE mode=results ===
06:49:42 [INFO] === SCRAPE RÉSULTATS (version corrigée) ===
06:49:48 [INFO]   0 clics 'Afficher plus'
06:50:03 [WARNING] Aucun conteneur de résultat trouvé
06:50:04 [INFO] === FIN 21.9s erreurs=aucune ===
08:32:35 [INFO] === DÉBUT CYCLE mode=1x2 ===
08:32:36 [INFO] === SCRAPE 1X2 ===
08:32:44 [WARNING] Impossible de sélectionner 1X2
08:32:44 [INFO] 9 rounds retenus / 10 total (9 horodatés)
08:32:45 [INFO]   1X2 [08:33]: 10 matchs
08:32:47 [INFO]   1X2 [08:35]: 10 matchs
08:32:48 [INFO]   1X2 [08:37]: 10 matchs
08:32:49 [INFO]   1X2 [08:39]: 10 matchs
08:32:51 [INFO]   1X2 [08:41]: 10 matchs
08:32:52 [INFO]   1X2 [08:43]: 10 matchs
08:32:53 [INFO]   1X2 [08:45]: 10 matchs
08:32:55 [INFO]   1X2 [08:47]: 10 matchs
08:32:56 [INFO]   1X2 [08:49]: 10 matchs
08:32:56 [INFO] 1X2: 9 rounds → data/congobet_1x2_rounds.json
08:33:27 [INFO] === FIN 51.3s erreurs=aucune ===
08:33:28 [INFO] === DÉBUT CYCLE mode=gng ===
08:33:30 [INFO] === SCRAPE G/NG ===
08:33:39 [INFO] rounds ignorés (timer courant / hors séquence): ['00:10']
08:33:39 [INFO] 9 rounds retenus / 10 total (10 horodatés)
08:33:42 [INFO]   G/NG [08:35]: 10 matchs
08:33:45 [INFO]   G/NG [08:37]: 10 matchs
08:33:48 [INFO]   G/NG [08:39]: 10 matchs
08:33:51 [INFO]   G/NG [08:41]: 10 matchs
08:33:55 [INFO]   G/NG [08:43]: 10 matchs
08:33:58 [INFO]   G/NG [08:45]: 10 matchs
08:34:01 [INFO]   G/NG [08:47]: 10 matchs
08:34:04 [INFO]   G/NG [08:49]: 10 matchs
08:34:07 [INFO]   G/NG [08:51]: 10 matchs
08:34:07 [INFO] G/NG: 90 cotes → data/cbet_odds.json
08:34:37 [INFO] === FIN 69.1s erreurs=aucune ===
08:36:22 [INFO] === DÉBUT CYCLE mode=results ===
08:36:22 [INFO] === SCRAPE RÉSULTATS (version corrigée) ===
08:36:33 [INFO]   3 clics 'Afficher plus'
08:36:35 [INFO] Résultats: 140 → data/cbet_results.json
08:36:35 [INFO] === FIN 13.7s erreurs=aucune ===
09:57:36 [INFO] === DÉBUT CYCLE mode=1x2 ===
09:57:37 [INFO] === SCRAPE 1X2 ===
09:57:44 [WARNING] Impossible de sélectionner 1X2
09:57:44 [INFO] 9 rounds retenus / 10 total (9 horodatés)
09:57:45 [INFO]   1X2 [09:58]: 10 matchs
09:57:47 [INFO]   1X2 [10:00]: 10 matchs
09:57:48 [INFO]   1X2 [10:02]: 10 matchs
09:57:49 [INFO]   1X2 [10:04]: 10 matchs
09:57:51 [INFO]   1X2 [10:06]: 10 matchs
09:57:52 [INFO]   1X2 [10:08]: 10 matchs
09:57:54 [INFO]   1X2 [10:10]: 10 matchs
09:57:55 [INFO]   1X2 [10:12]: 10 matchs
09:57:56 [INFO]   1X2 [10:14]: 10 matchs
09:57:56 [INFO] 1X2: 9 rounds → data/congobet_1x2_rounds.json
09:58:27 [INFO] === FIN 49.9s erreurs=aucune ===
09:58:27 [INFO] === DÉBUT CYCLE mode=gng ===
09:58:27 [INFO] === SCRAPE G/NG ===
09:58:36 [INFO] rounds ignorés (timer courant / hors séquence): ['00:13']
09:58:36 [INFO] 9 rounds retenus / 10 total (10 horodatés)
09:58:39 [INFO]   G/NG [10:00]: 10 matchs
09:58:42 [INFO]   G/NG [10:02]: 10 matchs
09:58:45 [INFO]   G/NG [10:04]: 10 matchs
09:58:49 [INFO]   G/NG [10:06]: 10 matchs
09:58:52 [INFO]   G/NG [10:08]: 10 matchs
09:58:55 [INFO]   G/NG [10:10]: 10 matchs
09:58:58 [INFO]   G/NG [10:12]: 10 matchs
09:59:01 [INFO]   G/NG [10:14]: 10 matchs
09:59:04 [INFO]   G/NG [10:16]: 10 matchs
09:59:04 [INFO] G/NG: 90 cotes → data/cbet_odds.json
09:59:04 [INFO] === FIN 37.2s erreurs=aucune ===
10:00:48 [INFO] === DÉBUT CYCLE mode=results ===
10:00:48 [INFO] === SCRAPE RÉSULTATS (version corrigée) ===
10:01:00 [INFO]   4 clics 'Afficher plus'
10:01:03 [INFO] Résultats: 170 → data/cbet_results.json
10:01:03 [INFO] === FIN 14.9s erreurs=aucune ===
11:01:36 [INFO] === DÉBUT CYCLE mode=1x2 ===
11:01:38 [INFO] === SCRAPE 1X2 ===
11:01:45 [INFO] rounds ignorés (timer courant / hors séquence): ['00:04']
11:01:45 [INFO] 9 rounds retenus / 10 total (10 horodatés)
11:01:46 [INFO]   1X2 [11:03]: 10 matchs
11:01:48 [INFO]   1X2 [11:05]: 10 matchs
11:01:49 [INFO]   1X2 [11:07]: 10 matchs
11:01:51 [INFO]   1X2 [11:09]: 10 matchs
11:01:52 [INFO]   1X2 [11:11]: 10 matchs
11:01:53 [INFO]   1X2 [11:13]: 10 matchs
11:01:55 [INFO]   1X2 [11:15]: 10 matchs
11:01:56 [INFO]   1X2 [11:17]: 10 matchs
11:01:58 [INFO]   1X2 [11:19]: 10 matchs
11:01:58 [INFO] 1X2: 9 rounds → data/congobet_1x2_rounds.json
11:02:29 [INFO] === FIN 51.7s erreurs=aucune ===
11:02:30 [INFO] === DÉBUT CYCLE mode=gng ===
11:02:31 [INFO] === SCRAPE G/NG ===
11:02:38 [WARNING] Impossible de sélectionner G/NG
11:03:08 [INFO] === FIN 38.2s erreurs=aucune ===
11:04:59 [INFO] === DÉBUT CYCLE mode=results ===
11:04:59 [INFO] === SCRAPE RÉSULTATS (version corrigée) ===
11:05:08 [INFO]   2 clics 'Afficher plus'
11:05:10 [INFO] Résultats: 100 → data/cbet_results.json
11:05:41 [INFO] === FIN 41.2s erreurs=aucune ===
11:59:14 [INFO] === DÉBUT CYCLE mode=1x2 ===
11:59:15 [INFO] === SCRAPE 1X2 ===
11:59:24 [INFO] rounds ignorés (timer courant / hors séquence): ['00:25']
11:59:24 [INFO] 9 rounds retenus / 10 total (10 horodatés)
11:59:25 [INFO]   1X2 [12:04]: 10 matchs
11:59:27 [INFO]   1X2 [12:06]: 10 matchs
11:59:28 [INFO]   1X2 [12:08]: 10 matchs
11:59:30 [INFO]   1X2 [12:10]: 10 matchs
11:59:31 [INFO]   1X2 [12:12]: 10 matchs
11:59:32 [INFO]   1X2 [12:14]: 10 matchs
11:59:34 [INFO]   1X2 [12:16]: 10 matchs
11:59:35 [INFO]   1X2 [12:18]: 10 matchs
11:59:37 [INFO]   1X2 [12:20]: 10 matchs
11:59:37 [INFO] 1X2: 9 rounds → data/congobet_1x2_rounds.json
11:59:37 [INFO] === FIN 22.3s erreurs=aucune ===
11:59:37 [INFO] === DÉBUT CYCLE mode=gng ===
11:59:37 [INFO] === SCRAPE G/NG ===
11:59:48 [INFO] rounds ignorés (timer courant / hors séquence): ['00:01']
11:59:48 [INFO] 9 rounds retenus / 10 total (10 horodatés)
11:59:51 [INFO]   G/NG [12:04]: 10 matchs
11:59:54 [INFO]   G/NG [12:06]: 10 matchs
11:59:57 [INFO]   G/NG [12:08]: 10 matchs
12:00:00 [INFO]   G/NG [12:10]: 10 matchs
12:00:03 [INFO]   G/NG [12:12]: 10 matchs
12:00:07 [INFO]   G/NG [12:14]: 10 matchs
12:00:10 [INFO]   G/NG [12:16]: 10 matchs
12:00:13 [INFO]   G/NG [12:18]: 10 matchs
12:00:16 [INFO]   G/NG [12:20]: 10 matchs
12:00:16 [INFO] G/NG: 90 cotes → data/cbet_odds.json
12:00:47 [INFO] === FIN 69.2s erreurs=aucune ===
12:02:35 [INFO] === DÉBUT CYCLE mode=results ===
12:02:35 [INFO] === SCRAPE RÉSULTATS (version corrigée) ===
12:02:43 [INFO]   0 clics 'Afficher plus'
12:02:58 [WARNING] Aucun conteneur de résultat trouvé
12:03:28 [INFO] === FIN 53.8s erreurs=aucune ===
13:40:48 [INFO] === DÉBUT CYCLE mode=1x2 ===
13:40:49 [INFO] === SCRAPE 1X2 ===
13:40:57 [INFO] rounds ignorés (timer courant / hors séquence): ['00:52']
13:40:57 [INFO] 9 rounds retenus / 10 total (10 horodatés)
13:40:59 [INFO]   1X2 [13:43]: 10 matchs
13:41:00 [INFO]   1X2 [13:45]: 10 matchs
13:41:02 [INFO]   1X2 [13:47]: 10 matchs
13:41:03 [INFO]   1X2 [13:49]: 10 matchs
13:41:04 [INFO]   1X2 [13:51]: 10 matchs
13:41:06 [INFO]   1X2 [13:53]: 10 matchs
13:41:07 [INFO]   1X2 [13:55]: 10 matchs
13:41:08 [INFO]   1X2 [13:57]: 10 matchs
13:41:10 [INFO]   1X2 [13:59]: 10 matchs
13:41:10 [INFO] 1X2: 9 rounds → data/congobet_1x2_rounds.json
13:41:40 [INFO] === FIN 52.0s erreurs=aucune ===
13:41:41 [INFO] === DÉBUT CYCLE mode=gng ===
13:41:41 [INFO] === SCRAPE G/NG ===
13:41:52 [INFO] 9 rounds retenus / 10 total (9 horodatés)
13:41:55 [INFO]   G/NG [13:43]: 10 matchs
13:41:58 [INFO]   G/NG [13:45]: 10 matchs
13:42:01 [INFO]   G/NG [13:47]: 10 matchs
13:42:05 [INFO]   G/NG [13:49]: 10 matchs
13:42:08 [INFO]   G/NG [13:51]: 10 matchs
13:42:11 [INFO]   G/NG [13:53]: 10 matchs
13:42:14 [INFO]   G/NG [13:55]: 10 matchs
13:42:17 [INFO]   G/NG [13:57]: 10 matchs
13:42:20 [INFO]   G/NG [13:59]: 10 matchs
13:42:20 [INFO] G/NG: 90 cotes → data/cbet_odds.json
13:42:20 [INFO] === FIN 39.3s erreurs=aucune ===
13:44:04 [INFO] === DÉBUT CYCLE mode=results ===
13:44:05 [INFO] === SCRAPE RÉSULTATS (version corrigée) ===
13:44:16 [INFO]   2 clics 'Afficher plus'
13:44:17 [INFO] Résultats: 100 → data/cbet_results.json
13:44:47 [INFO] === FIN 43.0s erreurs=aucune ===
14:40:00 [INFO] === DÉBUT CYCLE mode=1x2 ===
14:40:01 [INFO] === SCRAPE 1X2 ===
14:40:08 [INFO] rounds ignorés (timer courant / hors séquence): ['02:41']
14:40:08 [INFO] 9 rounds retenus / 10 total (10 horodatés)
14:40:09 [INFO]   1X2 [14:44]: 10 matchs
14:40:10 [INFO]   1X2 [14:46]: 10 matchs
14:40:11 [INFO]   1X2 [14:48]: 10 matchs
14:40:13 [INFO]   1X2 [14:50]: 10 matchs
14:40:14 [INFO]   1X2 [14:52]: 10 matchs
14:40:16 [INFO]   1X2 [14:54]: 10 matchs
14:40:17 [INFO]   1X2 [14:56]: 10 matchs
14:40:18 [INFO]   1X2 [14:58]: 10 matchs
14:40:20 [INFO]   1X2 [15:00]: 10 matchs
14:40:20 [INFO] 1X2: 9 rounds → data/congobet_1x2_rounds.json
14:40:50 [INFO] === FIN 49.9s erreurs=aucune ===
14:40:50 [INFO] === DÉBUT CYCLE mode=gng ===
14:40:50 [INFO] === SCRAPE G/NG ===
14:40:59 [INFO] rounds ignorés (timer courant / hors séquence): ['01:50']
14:40:59 [INFO] 9 rounds retenus / 10 total (10 horodatés)
14:41:02 [INFO]   G/NG [14:44]: 10 matchs
14:41:05 [INFO]   G/NG [14:46]: 10 matchs
14:41:08 [INFO]   G/NG [14:48]: 10 matchs
14:41:11 [INFO]   G/NG [14:50]: 10 matchs
14:41:15 [INFO]   G/NG [14:52]: 10 matchs
14:41:18 [INFO]   G/NG [14:54]: 10 matchs
14:41:21 [INFO]   G/NG [14:56]: 10 matchs
14:41:24 [INFO]   G/NG [14:58]: 10 matchs
14:41:27 [INFO]   G/NG [15:00]: 10 matchs
14:41:27 [INFO] G/NG: 90 cotes → data/cbet_odds.json
14:41:57 [INFO] === FIN 66.8s erreurs=aucune ===
14:43:42 [INFO] === DÉBUT CYCLE mode=results ===
14:43:42 [INFO] === SCRAPE RÉSULTATS (version corrigée) ===
14:43:48 [INFO]   0 clics 'Afficher plus'
14:44:03 [WARNING] Aucun conteneur de résultat trouvé
14:44:03 [INFO] === FIN 21.3s erreurs=aucune ===
15:36:53 [INFO] === DÉBUT CYCLE mode=1x2 ===
15:36:54 [INFO] === SCRAPE 1X2 ===
15:37:05 [WARNING] Impossible de sélectionner 1X2
15:37:05 [INFO] 9 rounds retenus / 10 total (9 horodatés)
15:37:06 [INFO]   1X2 [15:38]: 10 matchs
15:37:07 [INFO]   1X2 [15:40]: 10 matchs
15:37:09 [INFO]   1X2 [15:42]: 10 matchs
15:37:10 [INFO]   1X2 [15:44]: 10 matchs
15:37:12 [INFO]   1X2 [15:46]: 10 matchs
15:37:13 [INFO]   1X2 [15:48]: 10 matchs
15:37:14 [INFO]   1X2 [15:50]: 10 matchs
15:37:16 [INFO]   1X2 [15:52]: 10 matchs
15:37:17 [INFO]   1X2 [15:54]: 10 matchs
15:37:17 [INFO] 1X2: 9 rounds → data/congobet_1x2_rounds.json
15:37:17 [INFO] === FIN 24.6s erreurs=aucune ===
15:37:17 [INFO] === DÉBUT CYCLE mode=gng ===
15:37:18 [INFO] === SCRAPE G/NG ===
15:37:24 [WARNING] Impossible de sélectionner G/NG
15:37:24 [INFO] === FIN 6.6s erreurs=aucune ===
15:39:08 [INFO] === DÉBUT CYCLE mode=results ===
15:39:09 [INFO] === SCRAPE RÉSULTATS (version corrigée) ===
15:39:21 [INFO]   5 clics 'Afficher plus'
15:39:26 [INFO] Résultats: 240 → data/cbet_results.json
15:39:26 [INFO] === FIN 17.4s erreurs=aucune ===
16:34:27 [INFO] === DÉBUT CYCLE mode=1x2 ===
16:34:31 [INFO] === SCRAPE 1X2 ===
16:34:40 [WARNING] Impossible de sélectionner 1X2
16:34:40 [INFO] 9 rounds retenus / 10 total (9 horodatés)
16:34:41 [INFO]   1X2 [16:35]: 10 matchs
16:34:42 [INFO]   1X2 [16:37]: 10 matchs
16:34:44 [INFO]   1X2 [16:39]: 10 matchs
16:34:45 [INFO]   1X2 [16:41]: 10 matchs
16:34:46 [INFO]   1X2 [16:43]: 10 matchs
16:34:48 [INFO]   1X2 [16:45]: 10 matchs
16:34:49 [INFO]   1X2 [16:47]: 10 matchs
16:34:50 [INFO]   1X2 [16:49]: 10 matchs
16:34:52 [INFO]   1X2 [16:51]: 10 matchs
16:34:52 [INFO] 1X2: 9 rounds → data/congobet_1x2_rounds.json
16:35:22 [INFO] === FIN 54.5s erreurs=aucune ===
16:35:22 [INFO] === DÉBUT CYCLE mode=gng ===
16:35:23 [INFO] === SCRAPE G/NG ===
16:35:34 [INFO] rounds ignorés (timer courant / hors séquence): ['00:15']
16:35:34 [INFO] 9 rounds retenus / 10 total (10 horodatés)
16:35:37 [INFO]   G/NG [16:37]: 10 matchs
16:35:40 [INFO]   G/NG [16:39]: 10 matchs
16:35:43 [INFO]   G/NG [16:41]: 10 matchs
16:35:46 [INFO]   G/NG [16:43]: 10 matchs
16:35:49 [INFO]   G/NG [16:45]: 10 matchs
16:35:52 [INFO]   G/NG [16:47]: 10 matchs
16:35:55 [INFO]   G/NG [16:49]: 10 matchs
16:35:58 [INFO]   G/NG [16:51]: 10 matchs
16:36:01 [INFO]   G/NG [16:53]: 10 matchs
16:36:01 [INFO] G/NG: 90 cotes → data/cbet_odds.json
16:36:31 [INFO] === FIN 68.8s erreurs=aucune ===
16:38:18 [INFO] === DÉBUT CYCLE mode=results ===
16:38:18 [INFO] === SCRAPE RÉSULTATS (version corrigée) ===
16:38:30 [INFO]   4 clics 'Afficher plus'
16:38:33 [INFO] Résultats: 180 → data/cbet_results.json
16:39:03 [INFO] === FIN 45.1s erreurs=aucune ===
17:32:54 [INFO] === DÉBUT CYCLE mode=1x2 ===
17:32:55 [INFO] === SCRAPE 1X2 ===
17:33:03 [WARNING] Impossible de sélectionner 1X2
17:33:03 [INFO] 9 rounds retenus / 10 total (9 horodatés)
17:33:05 [INFO]   1X2 [17:34]: 10 matchs
17:33:06 [INFO]   1X2 [17:36]: 10 matchs
17:33:08 [INFO]   1X2 [17:38]: 10 matchs
17:33:09 [INFO]   1X2 [17:40]: 10 matchs
17:33:10 [INFO]   1X2 [17:42]: 10 matchs
17:33:12 [INFO]   1X2 [17:44]: 10 matchs
17:33:13 [INFO]   1X2 [17:46]: 10 matchs
17:33:15 [INFO]   1X2 [17:48]: 10 matchs
17:33:16 [INFO]   1X2 [17:50]: 10 matchs
17:33:16 [INFO] 1X2: 9 rounds → data/congobet_1x2_rounds.json
17:33:16 [INFO] === FIN 22.4s erreurs=aucune ===
17:33:16 [INFO] === DÉBUT CYCLE mode=gng ===
17:33:17 [INFO] === SCRAPE G/NG ===
17:33:25 [WARNING] Impossible de sélectionner G/NG
17:33:55 [INFO] === FIN 38.4s erreurs=aucune ===
17:35:40 [INFO] === DÉBUT CYCLE mode=results ===
17:35:41 [INFO] === SCRAPE RÉSULTATS (version corrigée) ===
17:35:49 [INFO]   1 clics 'Afficher plus'
17:35:50 [INFO] Résultats: 70 → data/cbet_results.json
17:35:50 [INFO] === FIN 9.8s erreurs=aucune ===
18:35:28 [INFO] === DÉBUT CYCLE mode=1x2 ===
18:35:29 [INFO] === SCRAPE 1X2 ===
18:35:36 [WARNING] Impossible de sélectionner 1X2
18:35:36 [INFO] 9 rounds retenus / 10 total (9 horodatés)
18:35:37 [INFO]   1X2 [18:39]: 10 matchs
18:35:38 [INFO]   1X2 [18:41]: 10 matchs
18:35:39 [INFO]   1X2 [18:43]: 10 matchs
18:35:41 [INFO]   1X2 [18:45]: 10 matchs
18:35:42 [INFO]   1X2 [18:47]: 10 matchs
18:35:43 [INFO]   1X2 [18:49]: 10 matchs
18:35:45 [INFO]   1X2 [18:51]: 10 matchs
18:35:46 [INFO]   1X2 [18:53]: 10 matchs
18:35:47 [INFO]   1X2 [18:55]: 10 matchs
18:35:47 [INFO] 1X2: 9 rounds → data/congobet_1x2_rounds.json
18:35:48 [INFO] === FIN 19.6s erreurs=aucune ===
18:35:48 [INFO] === DÉBUT CYCLE mode=gng ===
18:35:48 [INFO] === SCRAPE G/NG ===
18:35:56 [INFO] rounds ignorés (timer courant / hors séquence): ['03:53']
18:35:56 [INFO] 9 rounds retenus / 10 total (10 horodatés)
18:35:59 [INFO]   G/NG [18:41]: 10 matchs
18:36:02 [INFO]   G/NG [18:43]: 10 matchs
18:36:05 [INFO]   G/NG [18:45]: 10 matchs
18:36:08 [INFO]   G/NG [18:47]: 10 matchs
18:36:12 [INFO]   G/NG [18:49]: 10 matchs
18:36:15 [INFO]   G/NG [18:51]: 10 matchs
18:36:18 [INFO]   G/NG [18:53]: 10 matchs
18:36:21 [INFO]   G/NG [18:55]: 10 matchs
18:36:24 [INFO]   G/NG [18:57]: 10 matchs
18:36:24 [INFO] G/NG: 90 cotes → data/cbet_odds.json
18:36:24 [INFO] === FIN 36.0s erreurs=aucune ===
18:38:08 [INFO] === DÉBUT CYCLE mode=results ===
18:38:08 [INFO] === SCRAPE RÉSULTATS (version corrigée) ===
18:38:14 [INFO]   0 clics 'Afficher plus'
18:38:29 [WARNING] Aucun conteneur de résultat trouvé
18:38:59 [INFO] === FIN 51.3s erreurs=aucune ===
19:43:34 [INFO] === DÉBUT CYCLE mode=1x2 ===
19:43:35 [INFO] === SCRAPE 1X2 ===
19:43:43 [INFO] rounds ignorés (timer courant / hors séquence): ['00:07', '19:45', '19:47', '19:49', '19:51', '19:53']
19:43:43 [INFO] 4 rounds retenus / 10 total (10 horodatés)
19:43:44 [INFO]   1X2 [19:58]: 10 matchs
19:43:45 [INFO]   1X2 [20:00]: 10 matchs
19:43:47 [INFO]   1X2 [20:02]: 10 matchs
19:43:48 [INFO]   1X2 [20:04]: 10 matchs
19:43:48 [INFO] 1X2: 4 rounds → data/congobet_1x2_rounds.json
19:44:18 [INFO] === FIN 44.3s erreurs=aucune ===
19:44:18 [INFO] === DÉBUT CYCLE mode=gng ===
19:44:19 [INFO] === SCRAPE G/NG ===
19:44:26 [WARNING] Impossible de sélectionner G/NG
19:44:56 [INFO] === FIN 37.5s erreurs=aucune ===
19:46:40 [INFO] === DÉBUT CYCLE mode=results ===
19:46:41 [INFO] === SCRAPE RÉSULTATS (version corrigée) ===
19:46:53 [INFO]   5 clics 'Afficher plus'
19:46:58 [INFO] Résultats: 230 → data/cbet_results.json
19:46:58 [INFO] === FIN 18.3s erreurs=aucune ===
20:30:35 [INFO] === DÉBUT CYCLE mode=1x2 ===
20:30:36 [INFO] === SCRAPE 1X2 ===
20:30:45 [INFO] rounds ignorés (timer courant / hors séquence): ['00:05']
20:30:45 [INFO] 9 rounds retenus / 10 total (10 horodatés)
20:30:46 [INFO]   1X2 [20:32]: 10 matchs
20:30:47 [INFO]   1X2 [20:34]: 10 matchs
20:30:49 [INFO]   1X2 [20:36]: 10 matchs
20:30:50 [INFO]   1X2 [20:38]: 10 matchs
20:30:52 [INFO]   1X2 [20:40]: 10 matchs
20:30:53 [INFO]   1X2 [20:42]: 10 matchs
20:30:54 [INFO]   1X2 [20:44]: 10 matchs
20:30:56 [INFO]   1X2 [20:46]: 10 matchs
20:30:57 [INFO]   1X2 [20:48]: 10 matchs
20:30:57 [INFO] 1X2: 9 rounds → data/congobet_1x2_rounds.json
20:31:29 [INFO] === FIN 52.2s erreurs=aucune ===
20:31:30 [INFO] === DÉBUT CYCLE mode=gng ===
20:31:31 [INFO] === SCRAPE G/NG ===
20:31:39 [WARNING] Impossible de sélectionner G/NG
20:31:39 [INFO] === FIN 9.5s erreurs=aucune ===
20:33:25 [INFO] === DÉBUT CYCLE mode=results ===
20:33:26 [INFO] === SCRAPE RÉSULTATS (version corrigée) ===
20:33:39 [INFO]   4 clics 'Afficher plus'
20:33:42 [INFO] Résultats: 170 → data/cbet_results.json
20:33:42 [INFO] === FIN 17.1s erreurs=aucune ===
21:27:04 [INFO] === DÉBUT CYCLE mode=1x2 ===
21:27:05 [INFO] === SCRAPE 1X2 ===
21:27:11 [INFO] rounds ignorés (timer courant / hors séquence): ['00:38']
21:27:11 [INFO] 9 rounds retenus / 10 total (10 horodatés)
21:27:12 [INFO]   1X2 [21:29]: 10 matchs
21:27:13 [INFO]   1X2 [21:31]: 10 matchs
21:27:15 [INFO]   1X2 [21:33]: 10 matchs
21:27:16 [INFO]   1X2 [21:35]: 10 matchs
21:27:17 [INFO]   1X2 [21:37]: 10 matchs
21:27:19 [INFO]   1X2 [21:39]: 10 matchs
21:27:20 [INFO]   1X2 [21:41]: 10 matchs
21:27:21 [INFO]   1X2 [21:43]: 10 matchs
21:27:23 [INFO]   1X2 [21:45]: 10 matchs
21:27:23 [INFO] 1X2: 9 rounds → data/congobet_1x2_rounds.json
21:27:23 [INFO] === FIN 18.5s erreurs=aucune ===
21:27:23 [INFO] === DÉBUT CYCLE mode=gng ===
21:27:23 [INFO] === SCRAPE G/NG ===
21:27:32 [INFO] rounds ignorés (timer courant / hors séquence): ['00:17']
21:27:32 [INFO] 9 rounds retenus / 10 total (10 horodatés)
21:27:35 [INFO]   G/NG [21:29]: 10 matchs
21:27:37 [INFO]   G/NG [21:31]: 10 matchs
21:27:40 [INFO]   G/NG [21:33]: 10 matchs
21:27:43 [INFO]   G/NG [21:35]: 10 matchs
21:27:46 [INFO]   G/NG [21:37]: 10 matchs
21:27:48 [INFO]   G/NG [21:39]: 10 matchs
21:27:51 [INFO]   G/NG [21:41]: 10 matchs
21:27:54 [INFO]   G/NG [21:43]: 10 matchs
21:27:57 [INFO]   G/NG [21:45]: 10 matchs
21:27:57 [INFO] G/NG: 90 cotes → data/cbet_odds.json
21:27:57 [INFO] === FIN 34.5s erreurs=aucune ===
21:29:41 [INFO] === DÉBUT CYCLE mode=results ===
21:29:42 [INFO] === SCRAPE RÉSULTATS (version corrigée) ===
21:29:49 [INFO]   1 clics 'Afficher plus'
21:29:50 [INFO] Résultats: 60 → data/cbet_results.json
21:30:20 [INFO] === FIN 38.6s erreurs=aucune ===
22:10:30 [INFO] === DÉBUT CYCLE mode=1x2 ===
22:10:32 [INFO] === SCRAPE 1X2 ===
22:10:39 [WARNING] Impossible de sélectionner 1X2
22:10:39 [INFO] 9 rounds retenus / 10 total (9 horodatés)
22:10:40 [INFO]   1X2 [22:11]: 10 matchs
22:10:41 [INFO]   1X2 [22:13]: 10 matchs
22:10:42 [INFO]   1X2 [22:15]: 10 matchs
22:10:43 [INFO]   1X2 [22:17]: 10 matchs
22:10:45 [INFO]   1X2 [22:19]: 10 matchs
22:10:46 [INFO]   1X2 [22:21]: 10 matchs
22:10:48 [INFO]   1X2 [22:23]: 10 matchs
22:10:49 [INFO]   1X2 [22:25]: 10 matchs
22:10:50 [INFO]   1X2 [22:27]: 10 matchs
22:10:50 [INFO] 1X2: 9 rounds → data/congobet_1x2_rounds.json
22:11:20 [INFO] === FIN 50.5s erreurs=aucune ===
22:11:20 [INFO] === DÉBUT CYCLE mode=gng ===
22:11:21 [INFO] === SCRAPE G/NG ===
22:11:29 [INFO] rounds ignorés (timer courant / hors séquence): ['00:20']
22:11:29 [INFO] 9 rounds retenus / 10 total (10 horodatés)
22:11:32 [INFO]   G/NG [22:13]: 10 matchs
22:11:35 [INFO]   G/NG [22:15]: 10 matchs
22:11:38 [INFO]   G/NG [22:17]: 10 matchs
22:11:41 [INFO]   G/NG [22:19]: 10 matchs
22:11:43 [INFO]   G/NG [22:21]: 10 matchs
22:11:46 [INFO]   G/NG [22:23]: 10 matchs
22:11:49 [INFO]   G/NG [22:25]: 10 matchs
22:11:52 [INFO]   G/NG [22:27]: 10 matchs
22:11:55 [INFO]   G/NG [22:29]: 10 matchs
22:11:55 [INFO] G/NG: 90 cotes → data/cbet_odds.json
22:11:55 [INFO] === FIN 34.6s erreurs=aucune ===
22:13:39 [INFO] === DÉBUT CYCLE mode=results ===
22:13:40 [INFO] === SCRAPE RÉSULTATS (version corrigée) ===
22:13:52 [INFO]   5 clics 'Afficher plus'
22:13:57 [INFO] Résultats: 240 → data/cbet_results.json
22:14:27 [INFO] === FIN 47.6s erreurs=aucune ===
23:08:36 [INFO] === DÉBUT CYCLE mode=1x2 ===
23:08:37 [INFO] === SCRAPE 1X2 ===
23:08:45 [INFO] rounds ignorés (timer courant / hors séquence): ['00:04']
23:08:45 [INFO] 9 rounds retenus / 10 total (10 horodatés)
23:08:47 [INFO]   1X2 [23:10]: 10 matchs
23:08:48 [INFO]   1X2 [23:12]: 10 matchs
23:08:50 [INFO]   1X2 [23:14]: 10 matchs
23:08:51 [INFO]   1X2 [23:16]: 10 matchs
23:08:52 [INFO]   1X2 [23:18]: 10 matchs
23:08:54 [INFO]   1X2 [23:20]: 10 matchs
23:08:55 [INFO]   1X2 [23:22]: 10 matchs
23:08:57 [INFO]   1X2 [23:24]: 10 matchs
23:08:58 [INFO]   1X2 [23:26]: 10 matchs
23:08:58 [INFO] 1X2: 9 rounds → data/congobet_1x2_rounds.json
23:09:28 [INFO] === FIN 51.9s erreurs=aucune ===
23:09:28 [INFO] === DÉBUT CYCLE mode=gng ===
23:09:29 [INFO] === SCRAPE G/NG ===
23:09:37 [WARNING] Impossible de sélectionner G/NG
23:09:37 [INFO] === FIN 9.0s erreurs=aucune ===
23:11:22 [INFO] === DÉBUT CYCLE mode=results ===
23:11:22 [INFO] === SCRAPE RÉSULTATS (version corrigée) ===
23:11:36 [INFO]   4 clics 'Afficher plus'
23:11:39 [INFO] Résultats: 170 → data/cbet_results.json
23:11:39 [INFO] === FIN 17.0s erreurs=aucune ===
00:06:34 [INFO] === DÉBUT CYCLE mode=1x2 ===
00:06:34 [INFO] === SCRAPE 1X2 ===
00:06:42 [WARNING] Impossible de sélectionner 1X2
00:06:43 [INFO] 9 rounds retenus / 10 total (9 horodatés)
00:06:44 [INFO]   1X2 [00:07]: 10 matchs
00:06:45 [INFO]   1X2 [00:09]: 10 matchs
00:06:47 [INFO]   1X2 [00:11]: 10 matchs
00:06:48 [INFO]   1X2 [00:13]: 10 matchs
00:06:50 [INFO]   1X2 [00:15]: 10 matchs
00:06:51 [INFO]   1X2 [00:17]: 10 matchs
00:06:52 [INFO]   1X2 [00:19]: 10 matchs
00:06:54 [INFO]   1X2 [00:21]: 10 matchs
00:06:55 [INFO]   1X2 [00:23]: 10 matchs
00:06:55 [INFO] 1X2: 9 rounds → data/congobet_1x2_rounds.json
00:06:55 [INFO] === FIN 21.3s erreurs=aucune ===
00:06:55 [INFO] === DÉBUT CYCLE mode=gng ===
00:06:56 [INFO] === SCRAPE G/NG ===
00:07:05 [INFO] rounds ignorés (timer courant / hors séquence): ['00:44']
00:07:05 [INFO] 9 rounds retenus / 10 total (10 horodatés)
00:07:08 [INFO]   G/NG [00:09]: 10 matchs
00:07:11 [INFO]   G/NG [00:11]: 10 matchs
00:07:14 [INFO]   G/NG [00:13]: 10 matchs
00:07:17 [INFO]   G/NG [00:15]: 10 matchs
00:07:20 [INFO]   G/NG [00:17]: 10 matchs
00:07:23 [INFO]   G/NG [00:19]: 10 matchs
00:07:26 [INFO]   G/NG [00:21]: 10 matchs
00:07:29 [INFO]   G/NG [00:23]: 10 matchs
00:07:32 [INFO]   G/NG [00:25]: 10 matchs
00:07:32 [INFO] G/NG: 90 cotes → data/cbet_odds.json
00:07:32 [INFO] === FIN 36.6s erreurs=aucune ===
00:09:16 [INFO] === DÉBUT CYCLE mode=results ===
00:09:17 [INFO] === SCRAPE RÉSULTATS (version corrigée) ===
00:09:25 [INFO]   1 clics 'Afficher plus'
00:09:26 [INFO] Résultats: 70 → data/cbet_results.json
00:09:56 [INFO] === FIN 39.9s erreurs=aucune ===
04:20:51 [INFO] === DÉBUT CYCLE mode=1x2 ===
04:20:52 [INFO] === SCRAPE 1X2 ===
04:21:00 [WARNING] Impossible de sélectionner 1X2
04:21:00 [INFO] 9 rounds retenus / 10 total (9 horodatés)
04:21:02 [INFO]   1X2 [04:22]: 10 matchs
04:21:03 [INFO]   1X2 [04:24]: 10 matchs
04:21:04 [INFO]   1X2 [04:26]: 10 matchs
04:21:06 [INFO]   1X2 [04:28]: 10 matchs
04:21:07 [INFO]   1X2 [04:30]: 10 matchs
04:21:08 [INFO]   1X2 [04:32]: 10 matchs
04:21:10 [INFO]   1X2 [04:34]: 10 matchs
04:21:11 [INFO]   1X2 [04:36]: 10 matchs
04:21:13 [INFO]   1X2 [04:38]: 10 matchs
04:21:13 [INFO] 1X2: 9 rounds → data/congobet_1x2_rounds.json
04:21:43 [INFO] === FIN 52.1s erreurs=aucune ===
04:21:43 [INFO] === DÉBUT CYCLE mode=gng ===
04:21:43 [INFO] === SCRAPE G/NG ===
04:21:52 [WARNING] Impossible de sélectionner G/NG
04:21:52 [INFO] === FIN 9.6s erreurs=aucune ===
04:23:37 [INFO] === DÉBUT CYCLE mode=results ===
04:23:37 [INFO] === SCRAPE RÉSULTATS (version corrigée) ===
04:23:50 [INFO]   3 clics 'Afficher plus'
04:23:51 [INFO] Résultats: 150 → data/cbet_results.json
04:24:22 [INFO] === FIN 44.6s erreurs=aucune ===
07:57:54 [INFO] === DÉBUT CYCLE mode=1x2 ===
07:57:55 [INFO] === SCRAPE 1X2 ===
07:58:32 [WARNING] Impossible de sélectionner 1X2
07:58:32 [INFO] 0 rounds retenus / 0 total (0 horodatés)
07:58:32 [INFO] 1X2: 0 rounds → data/congobet_1x2_rounds.json
07:58:32 [INFO] === FIN 37.6s erreurs=aucune ===
07:58:32 [INFO] === DÉBUT CYCLE mode=gng ===
07:58:32 [INFO] === SCRAPE G/NG ===
07:58:53 [INFO] rounds ignorés (timer courant / hors séquence): ['00:56']
07:58:53 [INFO] 9 rounds retenus / 10 total (10 horodatés)
07:59:01 [INFO]   G/NG [08:01]: 10 matchs
07:59:04 [INFO]   G/NG [08:03]: 10 matchs
07:59:19 [WARNING] [retry 1/2] click_round: Page.wait_for_selector: Timeout 15000ms exceeded.
Call log:
  - waiting for locator("div.match")

07:59:31 [INFO]   G/NG [08:05]: 10 matchs
07:59:34 [INFO]   G/NG [08:07]: 10 matchs
07:59:41 [INFO]   G/NG [08:09]: 10 matchs
07:59:44 [INFO]   G/NG [08:11]: 10 matchs
07:59:48 [INFO]   G/NG [08:13]: 10 matchs
07:59:51 [INFO]   G/NG [08:15]: 10 matchs
07:59:57 [INFO]   G/NG [08:17]: 10 matchs
07:59:57 [INFO] G/NG: 90 cotes → data/cbet_odds.json
07:59:57 [INFO] === FIN 85.5s erreurs=aucune ===
08:01:42 [INFO] === DÉBUT CYCLE mode=results ===
08:01:42 [INFO] === SCRAPE RÉSULTATS (version corrigée) ===
08:01:50 [INFO]   1 clics 'Afficher plus'
08:01:51 [INFO] Résultats: 60 → data/cbet_results.json
08:02:21 [INFO] === FIN 39.4s erreurs=aucune ===
11:24:02 [INFO] === DÉBUT CYCLE mode=1x2 ===
11:24:03 [INFO] === SCRAPE 1X2 ===
11:24:12 [WARNING] Impossible de sélectionner 1X2
11:24:12 [INFO] 9 rounds retenus / 10 total (9 horodatés)
11:24:13 [INFO]   1X2 [11:25]: 10 matchs
11:24:14 [INFO]   1X2 [11:27]: 10 matchs
11:24:16 [INFO]   1X2 [11:29]: 10 matchs
11:24:17 [INFO]   1X2 [11:31]: 10 matchs
11:24:19 [INFO]   1X2 [11:33]: 10 matchs
11:24:20 [INFO]   1X2 [11:35]: 10 matchs
11:24:22 [INFO]   1X2 [11:37]: 10 matchs
11:24:23 [INFO]   1X2 [11:39]: 10 matchs
11:24:24 [INFO]   1X2 [11:41]: 10 matchs
11:24:24 [INFO] 1X2: 9 rounds → data/congobet_1x2_rounds.json
11:24:24 [INFO] === FIN 22.1s erreurs=aucune ===
11:24:25 [INFO] === DÉBUT CYCLE mode=gng ===
11:24:25 [INFO] === SCRAPE G/NG ===
11:24:33 [WARNING] Impossible de sélectionner G/NG
11:25:04 [INFO] === FIN 39.1s erreurs=aucune ===
11:26:49 [INFO] === DÉBUT CYCLE mode=results ===
11:26:50 [INFO] === SCRAPE RÉSULTATS (version corrigée) ===
11:27:05 [INFO]   5 clics 'Afficher plus'
11:27:09 [INFO] Résultats: 240 → data/cbet_results.json
11:27:09 [INFO] === FIN 20.1s erreurs=aucune ===
14:03:15 [INFO] === DÉBUT CYCLE mode=1x2 ===
14:03:15 [INFO] === SCRAPE 1X2 ===
14:03:22 [INFO] 10 rounds retenus / 10 total (10 horodatés)
14:03:23 [INFO]   1X2 [00:27]: 10 matchs
14:03:24 [INFO]   1X2 [14:05]: 10 matchs
14:03:26 [INFO]   1X2 [14:07]: 10 matchs
14:03:27 [INFO]   1X2 [14:09]: 10 matchs
14:03:29 [INFO]   1X2 [14:11]: 10 matchs
14:03:30 [INFO]   1X2 [14:13]: 10 matchs
14:03:31 [INFO]   1X2 [14:15]: 10 matchs
14:03:33 [INFO]   1X2 [14:17]: 10 matchs
14:03:34 [INFO]   1X2 [14:19]: 10 matchs
14:03:35 [INFO]   1X2 [14:24]: 10 matchs
14:03:35 [INFO] 1X2: 10 rounds → data/congobet_1x2_rounds.json
14:04:06 [INFO] === FIN 50.9s erreurs=aucune ===
14:04:06 [INFO] === DÉBUT CYCLE mode=gng ===
14:04:07 [INFO] === SCRAPE G/NG ===
14:04:14 [WARNING] Impossible de sélectionner G/NG
14:04:44 [INFO] === FIN 37.8s erreurs=aucune ===
14:06:31 [INFO] === DÉBUT CYCLE mode=results ===
14:06:32 [INFO] === SCRAPE RÉSULTATS (version corrigée) ===
14:06:45 [INFO]   5 clics 'Afficher plus'
14:06:50 [INFO] Résultats: 240 → data/cbet_results.json
14:07:20 [INFO] === FIN 48.7s erreurs=aucune ===
16:39:04 [INFO] === DÉBUT CYCLE mode=1x2 ===
16:39:04 [INFO] === SCRAPE 1X2 ===
16:39:12 [INFO] rounds ignorés (timer courant / hors séquence): ['00:38']
16:39:12 [INFO] 9 rounds retenus / 10 total (10 horodatés)
16:39:13 [INFO]   1X2 [16:41]: 10 matchs
16:39:14 [INFO]   1X2 [16:43]: 10 matchs
16:39:16 [INFO]   1X2 [16:45]: 10 matchs
16:39:17 [INFO]   1X2 [16:47]: 10 matchs
16:39:18 [INFO]   1X2 [16:49]: 10 matchs
16:39:20 [INFO]   1X2 [16:51]: 10 matchs
16:39:21 [INFO]   1X2 [16:53]: 10 matchs
16:39:23 [INFO]   1X2 [16:55]: 10 matchs
16:39:24 [INFO]   1X2 [16:57]: 10 matchs
16:39:24 [INFO] 1X2: 9 rounds → data/congobet_1x2_rounds.json
16:39:54 [INFO] === FIN 50.3s erreurs=aucune ===
16:39:54 [INFO] === DÉBUT CYCLE mode=gng ===
16:39:55 [INFO] === SCRAPE G/NG ===
16:40:02 [WARNING] Impossible de sélectionner G/NG
16:40:02 [INFO] === FIN 7.7s erreurs=aucune ===
16:41:47 [INFO] === DÉBUT CYCLE mode=results ===
16:41:47 [INFO] === SCRAPE RÉSULTATS (version corrigée) ===
16:42:01 [INFO]   5 clics 'Afficher plus'
16:42:05 [INFO] Résultats: 240 → data/cbet_results.json
16:42:36 [INFO] === FIN 48.3s erreurs=aucune ===
18:23:20 [INFO] === DÉBUT CYCLE mode=1x2 ===
18:23:22 [INFO] === SCRAPE 1X2 ===
18:23:28 [INFO] rounds ignorés (timer courant / hors séquence): ['00:20']
18:23:28 [INFO] 9 rounds retenus / 10 total (10 horodatés)
18:23:29 [INFO]   1X2 [18:25]: 10 matchs
18:23:31 [INFO]   1X2 [18:27]: 10 matchs
18:23:31 [INFO]   1X2 [18:29]: 10 matchs
18:23:33 [INFO]   1X2 [18:31]: 10 matchs
18:23:34 [INFO]   1X2 [18:33]: 10 matchs
18:23:36 [INFO]   1X2 [18:35]: 10 matchs
18:23:37 [INFO]   1X2 [18:37]: 10 matchs
18:23:38 [INFO]   1X2 [18:39]: 10 matchs
18:23:40 [INFO]   1X2 [18:41]: 10 matchs
18:23:40 [INFO] 1X2: 9 rounds → data/congobet_1x2_rounds.json
18:23:40 [INFO] === FIN 19.6s erreurs=aucune ===
18:23:40 [INFO] === DÉBUT CYCLE mode=gng ===
18:23:40 [INFO] === SCRAPE G/NG ===
18:23:49 [INFO] rounds ignorés (timer courant / hors séquence): ['00:00']
18:23:49 [INFO] 9 rounds retenus / 10 total (10 horodatés)
18:23:52 [INFO]   G/NG [18:25]: 10 matchs
18:23:55 [INFO]   G/NG [18:27]: 10 matchs
18:23:58 [INFO]   G/NG [18:29]: 10 matchs
18:24:01 [INFO]   G/NG [18:31]: 10 matchs
18:24:04 [INFO]   G/NG [18:33]: 10 matchs
18:24:07 [INFO]   G/NG [18:35]: 10 matchs
18:24:10 [INFO]   G/NG [18:37]: 10 matchs
18:24:13 [INFO]   G/NG [18:39]: 10 matchs
18:24:16 [INFO]   G/NG [18:41]: 10 matchs
18:24:16 [INFO] G/NG: 90 cotes → data/cbet_odds.json
18:24:16 [INFO] === FIN 36.3s erreurs=aucune ===
18:26:01 [INFO] === DÉBUT CYCLE mode=results ===
18:26:01 [INFO] === SCRAPE RÉSULTATS (version corrigée) ===
18:26:07 [INFO]   0 clics 'Afficher plus'
18:26:07 [INFO] Résultats: 20 → data/cbet_results.json
18:26:07 [INFO] === FIN 6.5s erreurs=aucune ===
20:11:15 [INFO] === DÉBUT CYCLE mode=1x2 ===
20:11:15 [INFO] === SCRAPE 1X2 ===
20:11:23 [WARNING] Impossible de sélectionner 1X2
20:11:23 [INFO] 9 rounds retenus / 10 total (9 horodatés)
20:11:24 [INFO]   1X2 [20:12]: 10 matchs
20:11:25 [INFO]   1X2 [20:14]: 10 matchs
20:11:27 [INFO]   1X2 [20:16]: 10 matchs
20:11:28 [INFO]   1X2 [20:18]: 10 matchs
20:11:30 [INFO]   1X2 [20:20]: 10 matchs
20:11:31 [INFO]   1X2 [20:22]: 10 matchs
20:11:33 [INFO]   1X2 [20:24]: 10 matchs
20:11:34 [INFO]   1X2 [20:26]: 10 matchs
20:11:35 [INFO]   1X2 [20:28]: 10 matchs
20:11:35 [INFO] 1X2: 9 rounds → data/congobet_1x2_rounds.json
20:12:05 [INFO] === FIN 50.5s erreurs=aucune ===
20:12:05 [INFO] === DÉBUT CYCLE mode=gng ===
20:12:06 [INFO] === SCRAPE G/NG ===
20:12:15 [INFO] rounds ignorés (timer courant / hors séquence): ['00:34']
20:12:15 [INFO] 9 rounds retenus / 10 total (10 horodatés)
20:12:18 [INFO]   G/NG [20:14]: 10 matchs
20:12:21 [INFO]   G/NG [20:16]: 10 matchs
20:12:24 [INFO]   G/NG [20:18]: 10 matchs
20:12:27 [INFO]   G/NG [20:20]: 10 matchs
20:12:30 [INFO]   G/NG [20:22]: 10 matchs
20:12:33 [INFO]   G/NG [20:24]: 10 matchs
20:12:36 [INFO]   G/NG [20:26]: 10 matchs
20:12:39 [INFO]   G/NG [20:28]: 10 matchs
20:12:42 [INFO]   G/NG [20:30]: 10 matchs
20:12:42 [INFO] G/NG: 90 cotes → data/cbet_odds.json
20:12:42 [INFO] === FIN 36.9s erreurs=aucune ===
20:14:27 [INFO] === DÉBUT CYCLE mode=results ===
20:14:27 [INFO] === SCRAPE RÉSULTATS (version corrigée) ===
20:14:39 [INFO]   4 clics 'Afficher plus'
20:14:42 [INFO] Résultats: 170 → data/cbet_results.json
20:14:42 [INFO] === FIN 15.2s erreurs=aucune ===
21:42:01 [INFO] === DÉBUT CYCLE mode=1x2 ===
21:42:01 [INFO] === SCRAPE 1X2 ===
21:42:07 [WARNING] Impossible de sélectionner 1X2
21:42:07 [INFO] 9 rounds retenus / 10 total (9 horodatés)
21:42:08 [INFO]   1X2 [21:43]: 10 matchs
21:42:09 [INFO]   1X2 [21:45]: 10 matchs
21:42:10 [INFO]   1X2 [21:47]: 10 matchs
21:42:12 [INFO]   1X2 [21:49]: 10 matchs
21:42:13 [INFO]   1X2 [21:51]: 10 matchs
21:42:14 [INFO]   1X2 [21:53]: 10 matchs
21:42:16 [INFO]   1X2 [21:55]: 10 matchs
21:42:17 [INFO]   1X2 [21:57]: 10 matchs
21:42:19 [INFO]   1X2 [21:59]: 10 matchs
21:42:19 [INFO] 1X2: 9 rounds → data/congobet_1x2_rounds.json
21:42:19 [INFO] === FIN 18.2s erreurs=aucune ===
21:42:19 [INFO] === DÉBUT CYCLE mode=gng ===
21:42:19 [INFO] === SCRAPE G/NG ===
21:42:25 [WARNING] Impossible de sélectionner G/NG
21:42:25 [INFO] === FIN 6.4s erreurs=aucune ===
21:44:10 [INFO] === DÉBUT CYCLE mode=results ===
21:44:10 [INFO] === SCRAPE RÉSULTATS (version corrigée) ===
21:44:22 [INFO]   5 clics 'Afficher plus'
21:44:26 [INFO] Résultats: 220 → data/cbet_results.json
21:44:57 [INFO] === FIN 46.8s erreurs=aucune ===
22:39:42 [INFO] === DÉBUT CYCLE mode=1x2 ===
22:39:43 [INFO] === SCRAPE 1X2 ===
22:39:52 [WARNING] Impossible de sélectionner 1X2
22:39:52 [INFO] 9 rounds retenus / 10 total (9 horodatés)
22:39:54 [INFO]   1X2 [22:40]: 10 matchs
22:39:55 [INFO]   1X2 [22:42]: 10 matchs
22:39:56 [INFO]   1X2 [22:44]: 10 matchs
22:39:58 [INFO]   1X2 [22:46]: 10 matchs
22:39:59 [INFO]   1X2 [22:48]: 10 matchs
22:40:01 [INFO]   1X2 [22:50]: 10 matchs
22:40:02 [INFO]   1X2 [22:52]: 10 matchs
22:40:03 [INFO]   1X2 [22:54]: 10 matchs
22:40:05 [INFO]   1X2 [22:56]: 10 matchs
22:40:05 [INFO] 1X2: 9 rounds → data/congobet_1x2_rounds.json
22:40:05 [INFO] === FIN 23.1s erreurs=aucune ===
22:40:05 [INFO] === DÉBUT CYCLE mode=gng ===
22:40:05 [INFO] === SCRAPE G/NG ===
22:40:16 [INFO] rounds ignorés (timer courant / hors séquence): ['00:33']
22:40:16 [INFO] 9 rounds retenus / 10 total (10 horodatés)
22:40:19 [INFO]   G/NG [22:42]: 10 matchs
22:40:22 [INFO]   G/NG [22:44]: 10 matchs
22:40:25 [INFO]   G/NG [22:46]: 10 matchs
22:40:28 [INFO]   G/NG [22:48]: 10 matchs
22:40:31 [INFO]   G/NG [22:50]: 10 matchs
22:40:35 [INFO]   G/NG [22:52]: 10 matchs
22:40:38 [INFO]   G/NG [22:54]: 10 matchs
22:40:41 [INFO]   G/NG [22:56]: 10 matchs
22:40:44 [INFO]   G/NG [22:58]: 10 matchs
22:40:44 [INFO] G/NG: 90 cotes → data/cbet_odds.json
22:41:14 [INFO] === FIN 68.8s erreurs=aucune ===
22:43:00 [INFO] === DÉBUT CYCLE mode=results ===
22:43:00 [INFO] === SCRAPE RÉSULTATS (version corrigée) ===
22:43:11 [INFO]   2 clics 'Afficher plus'
22:43:13 [INFO] Résultats: 120 → data/cbet_results.json
22:43:43 [INFO] === FIN 43.4s erreurs=aucune ===
23:39:41 [INFO] === DÉBUT CYCLE mode=1x2 ===
23:39:43 [INFO] === SCRAPE 1X2 ===
23:39:51 [INFO] 9 rounds retenus / 10 total (9 horodatés)
23:39:53 [INFO]   1X2 [23:41]: 10 matchs
23:39:54 [INFO]   1X2 [23:43]: 10 matchs
23:39:56 [INFO]   1X2 [23:45]: 10 matchs
23:39:57 [INFO]   1X2 [23:47]: 10 matchs
23:39:58 [INFO]   1X2 [23:49]: 10 matchs
23:40:00 [INFO]   1X2 [23:51]: 10 matchs
23:40:01 [INFO]   1X2 [23:53]: 10 matchs
23:40:03 [INFO]   1X2 [23:55]: 10 matchs
23:40:04 [INFO]   1X2 [23:57]: 10 matchs
23:40:04 [INFO] 1X2: 9 rounds → data/congobet_1x2_rounds.json
23:40:04 [INFO] === FIN 22.8s erreurs=aucune ===
23:40:04 [INFO] === DÉBUT CYCLE mode=gng ===
23:40:05 [INFO] === SCRAPE G/NG ===
23:40:13 [WARNING] Impossible de sélectionner G/NG
23:40:43 [INFO] === FIN 38.7s erreurs=aucune ===
23:42:29 [INFO] === DÉBUT CYCLE mode=results ===
23:42:30 [INFO] === SCRAPE RÉSULTATS (version corrigée) ===
23:42:38 [INFO]   0 clics 'Afficher plus'
23:42:38 [INFO] Résultats: 20 → data/cbet_results.json
23:42:38 [INFO] === FIN 9.1s erreurs=aucune ===
01:24:09 [INFO] === DÉBUT CYCLE mode=1x2 ===
01:24:09 [INFO] === SCRAPE 1X2 ===
01:24:16 [INFO] rounds ignorés (timer courant / hors séquence): ['00:33']
01:24:16 [INFO] 9 rounds retenus / 10 total (10 horodatés)
01:24:18 [INFO]   1X2 [01:26]: 10 matchs
01:24:19 [INFO]   1X2 [01:28]: 10 matchs
01:24:20 [INFO]   1X2 [01:30]: 10 matchs
01:24:22 [INFO]   1X2 [01:32]: 10 matchs
01:24:23 [INFO]   1X2 [01:34]: 10 matchs
01:24:25 [INFO]   1X2 [01:36]: 10 matchs
01:24:26 [INFO]   1X2 [01:38]: 10 matchs
01:24:27 [INFO]   1X2 [01:40]: 10 matchs
01:24:29 [INFO]   1X2 [01:42]: 10 matchs
01:24:29 [INFO] 1X2: 9 rounds → data/congobet_1x2_rounds.json
01:24:59 [INFO] === FIN 49.8s erreurs=aucune ===
01:24:59 [INFO] === DÉBUT CYCLE mode=gng ===
01:25:00 [INFO] === SCRAPE G/NG ===
01:25:06 [WARNING] Impossible de sélectionner G/NG
01:25:38 [INFO] === FIN 37.6s erreurs=aucune ===
01:27:25 [INFO] === DÉBUT CYCLE mode=results ===
01:27:25 [INFO] === SCRAPE RÉSULTATS (version corrigée) ===
01:27:36 [INFO]   3 clics 'Afficher plus'
01:27:38 [INFO] Résultats: 150 → data/cbet_results.json
01:27:38 [INFO] === FIN 13.4s erreurs=aucune ===
04:55:50 [INFO] === DÉBUT CYCLE mode=1x2 ===
04:55:51 [INFO] === SCRAPE 1X2 ===
04:55:59 [WARNING] Impossible de sélectionner 1X2
04:55:59 [INFO] 9 rounds retenus / 10 total (9 horodatés)
04:56:01 [INFO]   1X2 [04:57]: 10 matchs
04:56:02 [INFO]   1X2 [04:59]: 10 matchs
04:56:03 [INFO]   1X2 [05:01]: 10 matchs
04:56:05 [INFO]   1X2 [05:03]: 10 matchs
04:56:06 [INFO]   1X2 [05:05]: 10 matchs
04:56:08 [INFO]   1X2 [05:07]: 10 matchs
04:56:09 [INFO]   1X2 [05:09]: 10 matchs
04:56:10 [INFO]   1X2 [05:11]: 10 matchs
04:56:12 [INFO]   1X2 [05:13]: 10 matchs
04:56:12 [INFO] 1X2: 9 rounds → data/congobet_1x2_rounds.json
04:56:12 [INFO] === FIN 21.4s erreurs=aucune ===
04:56:12 [INFO] === DÉBUT CYCLE mode=gng ===
04:56:12 [INFO] === SCRAPE G/NG ===
04:56:20 [WARNING] Impossible de sélectionner G/NG
04:56:20 [INFO] === FIN 7.7s erreurs=aucune ===
04:58:04 [INFO] === DÉBUT CYCLE mode=results ===
04:58:04 [INFO] === SCRAPE RÉSULTATS (version corrigée) ===
04:58:11 [INFO]   0 clics 'Afficher plus'
04:58:11 [INFO] Résultats: 20 → data/cbet_results.json
04:58:11 [INFO] === FIN 7.6s erreurs=aucune ===
07:43:22 [INFO] === DÉBUT CYCLE mode=1x2 ===
07:43:23 [INFO] === SCRAPE 1X2 ===
07:43:29 [INFO] rounds ignorés (timer courant / hors séquence): ['00:20']
07:43:29 [INFO] 9 rounds retenus / 10 total (10 horodatés)
07:43:31 [INFO]   1X2 [07:45]: 10 matchs
07:43:32 [INFO]   1X2 [07:47]: 10 matchs
07:43:33 [INFO]   1X2 [07:49]: 10 matchs
07:43:34 [INFO]   1X2 [07:51]: 10 matchs
07:43:36 [INFO]   1X2 [07:53]: 10 matchs
07:43:37 [INFO]   1X2 [07:55]: 10 matchs
07:43:39 [INFO]   1X2 [07:57]: 10 matchs
07:43:40 [INFO]   1X2 [07:59]: 10 matchs
07:43:41 [INFO]   1X2 [08:01]: 10 matchs
07:43:41 [INFO] 1X2: 9 rounds → data/congobet_1x2_rounds.json
07:44:11 [INFO] === FIN 49.0s erreurs=aucune ===
07:44:12 [INFO] === DÉBUT CYCLE mode=gng ===
07:44:12 [INFO] === SCRAPE G/NG ===
07:44:18 [WARNING] Impossible de sélectionner G/NG
07:44:18 [INFO] === FIN 6.8s erreurs=aucune ===
07:46:03 [INFO] === DÉBUT CYCLE mode=results ===
07:46:03 [INFO] === SCRAPE RÉSULTATS (version corrigée) ===
07:46:15 [INFO]   1 clics 'Afficher plus'
07:46:17 [INFO] Résultats: 70 → data/cbet_results.json
07:46:17 [INFO] === FIN 13.7s erreurs=aucune ===
10:15:16 [INFO] === DÉBUT CYCLE mode=1x2 ===
10:15:17 [INFO] === SCRAPE 1X2 ===
10:15:24 [INFO] rounds ignorés (timer courant / hors séquence): ['00:25']
10:15:24 [INFO] 9 rounds retenus / 10 total (10 horodatés)
10:15:25 [INFO]   1X2 [10:17]: 10 matchs
10:15:26 [INFO]   1X2 [10:19]: 10 matchs
10:15:27 [INFO]   1X2 [10:21]: 10 matchs
10:15:28 [INFO]   1X2 [10:23]: 10 matchs
10:15:29 [INFO]   1X2 [10:25]: 10 matchs
10:15:30 [INFO]   1X2 [10:27]: 10 matchs
10:15:32 [INFO]   1X2 [10:29]: 10 matchs
10:15:33 [INFO]   1X2 [10:31]: 10 matchs
10:15:34 [INFO]   1X2 [10:33]: 10 matchs
10:15:34 [INFO] 1X2: 9 rounds → data/congobet_1x2_rounds.json
10:15:34 [INFO] === FIN 18.6s erreurs=aucune ===
10:15:35 [INFO] === DÉBUT CYCLE mode=gng ===
10:15:35 [INFO] === SCRAPE G/NG ===
10:15:44 [INFO] rounds ignorés (timer courant / hors séquence): ['00:06']
10:15:44 [INFO] 9 rounds retenus / 10 total (10 horodatés)
10:15:47 [INFO]   G/NG [10:17]: 10 matchs
10:15:50 [INFO]   G/NG [10:19]: 10 matchs
10:15:53 [INFO]   G/NG [10:21]: 10 matchs
10:15:55 [INFO]   G/NG [10:23]: 10 matchs
10:15:58 [INFO]   G/NG [10:25]: 10 matchs
10:16:01 [INFO]   G/NG [10:27]: 10 matchs
10:16:05 [INFO]   G/NG [10:29]: 10 matchs
10:16:08 [INFO]   G/NG [10:31]: 10 matchs
10:16:11 [INFO]   G/NG [10:33]: 10 matchs
10:16:11 [INFO] G/NG: 90 cotes → data/cbet_odds.json
10:16:11 [INFO] === FIN 36.2s erreurs=aucune ===
10:17:55 [INFO] === DÉBUT CYCLE mode=results ===
10:17:56 [INFO] === SCRAPE RÉSULTATS (version corrigée) ===
10:18:02 [INFO]   0 clics 'Afficher plus'
10:18:03 [INFO] Résultats: 40 → data/cbet_results.json
10:18:03 [INFO] === FIN 7.3s erreurs=aucune ===
12:20:31 [INFO] === DÉBUT CYCLE mode=1x2 ===
12:20:32 [INFO] === SCRAPE 1X2 ===
12:20:41 [INFO] rounds ignorés (timer courant / hors séquence): ['00:09']
12:20:41 [INFO] 9 rounds retenus / 10 total (10 horodatés)
12:20:42 [INFO]   1X2 [12:22]: 10 matchs
12:20:43 [INFO]   1X2 [12:24]: 10 matchs
12:20:45 [INFO]   1X2 [12:26]: 10 matchs
12:20:46 [INFO]   1X2 [12:28]: 10 matchs
12:20:47 [INFO]   1X2 [12:30]: 10 matchs
12:20:49 [INFO]   1X2 [12:32]: 10 matchs
12:20:50 [INFO]   1X2 [12:34]: 10 matchs
12:20:52 [INFO]   1X2 [12:36]: 10 matchs
12:20:53 [INFO]   1X2 [12:38]: 10 matchs
12:20:53 [INFO] 1X2: 9 rounds → data/congobet_1x2_rounds.json
12:21:23 [INFO] === FIN 52.1s erreurs=aucune ===
12:21:23 [INFO] === DÉBUT CYCLE mode=gng ===
12:21:24 [INFO] === SCRAPE G/NG ===
12:21:43 [WARNING] Impossible de sélectionner G/NG
12:21:43 [INFO] === FIN 19.9s erreurs=aucune ===
12:23:28 [INFO] === DÉBUT CYCLE mode=results ===
12:23:29 [INFO] === SCRAPE RÉSULTATS (version corrigée) ===
12:23:44 [INFO]   5 clics 'Afficher plus'
12:23:48 [INFO] Résultats: 240 → data/cbet_results.json
12:24:18 [INFO] === FIN 50.0s erreurs=aucune ===
15:15:39 [INFO] === DÉBUT CYCLE mode=1x2 ===
15:15:39 [INFO] === SCRAPE 1X2 ===
15:15:48 [WARNING] Impossible de sélectionner 1X2
15:15:48 [INFO] rounds ignorés (timer courant / hors séquence): ['15:16', '15:18', '15:20']
15:15:48 [INFO] 6 rounds retenus / 10 total (9 horodatés)
15:15:50 [INFO]   1X2 [15:25]: 10 matchs
15:15:51 [INFO]   1X2 [15:27]: 10 matchs
15:15:52 [INFO]   1X2 [15:29]: 10 matchs
15:15:54 [INFO]   1X2 [15:31]: 10 matchs
15:15:55 [INFO]   1X2 [15:33]: 10 matchs
15:15:56 [INFO]   1X2 [15:35]: 10 matchs
15:15:56 [INFO] 1X2: 6 rounds → data/congobet_1x2_rounds.json
15:15:56 [INFO] === FIN 17.8s erreurs=aucune ===
15:15:57 [INFO] === DÉBUT CYCLE mode=gng ===
15:15:57 [INFO] === SCRAPE G/NG ===
15:16:07 [INFO] rounds ignorés (timer courant / hors séquence): ['00:41', '15:18', '15:20']
15:16:07 [INFO] 7 rounds retenus / 10 total (10 horodatés)
15:16:10 [INFO]   G/NG [15:25]: 10 matchs
15:16:14 [INFO]   G/NG [15:27]: 10 matchs
15:16:17 [INFO]   G/NG [15:29]: 10 matchs
15:16:20 [INFO]   G/NG [15:31]: 10 matchs
15:16:23 [INFO]   G/NG [15:33]: 10 matchs
15:16:26 [INFO]   G/NG [15:35]: 10 matchs
15:16:29 [INFO]   G/NG [15:37]: 10 matchs
15:16:29 [INFO] G/NG: 70 cotes → data/cbet_odds.json
15:16:59 [INFO] === FIN 62.2s erreurs=aucune ===
15:18:45 [INFO] === DÉBUT CYCLE mode=results ===
15:18:46 [INFO] === SCRAPE RÉSULTATS (version corrigée) ===
15:18:59 [INFO]   5 clics 'Afficher plus'
15:19:04 [INFO] Résultats: 240 → data/cbet_results.json
15:19:34 [INFO] === FIN 48.5s erreurs=aucune ===
17:24:57 [INFO] === DÉBUT CYCLE mode=1x2 ===
17:24:59 [INFO] === SCRAPE 1X2 ===
17:25:06 [WARNING] Impossible de sélectionner 1X2
17:25:06 [INFO] 9 rounds retenus / 10 total (9 horodatés)
17:25:07 [INFO]   1X2 [17:26]: 10 matchs
17:25:09 [INFO]   1X2 [17:28]: 10 matchs
17:25:10 [INFO]   1X2 [17:30]: 10 matchs
17:25:11 [INFO]   1X2 [17:32]: 10 matchs
17:25:13 [INFO]   1X2 [17:34]: 10 matchs
17:25:14 [INFO]   1X2 [17:36]: 10 matchs
17:25:16 [INFO]   1X2 [17:38]: 10 matchs
17:25:17 [INFO]   1X2 [17:40]: 10 matchs
17:25:18 [INFO]   1X2 [17:42]: 10 matchs
17:25:18 [INFO] 1X2: 9 rounds → data/congobet_1x2_rounds.json
17:25:18 [INFO] === FIN 21.4s erreurs=aucune ===
17:25:18 [INFO] === DÉBUT CYCLE mode=gng ===
17:25:19 [INFO] === SCRAPE G/NG ===
17:25:25 [WARNING] Impossible de sélectionner G/NG
17:25:25 [INFO] === FIN 6.7s erreurs=aucune ===
17:27:10 [INFO] === DÉBUT CYCLE mode=results ===
17:27:10 [INFO] === SCRAPE RÉSULTATS (version corrigée) ===
17:27:23 [INFO]   5 clics 'Afficher plus'
17:27:27 [INFO] Résultats: 210 → data/cbet_results.json
17:27:27 [INFO] === FIN 16.7s erreurs=aucune ===
19:16:45 [INFO] === DÉBUT CYCLE mode=1x2 ===
19:16:46 [INFO] === SCRAPE 1X2 ===
19:16:55 [INFO] rounds ignorés (timer courant / hors séquence): ['00:55']
19:16:55 [INFO] 9 rounds retenus / 10 total (10 horodatés)
19:16:56 [INFO]   1X2 [19:22]: 10 matchs
19:16:58 [INFO]   1X2 [19:24]: 10 matchs
19:16:59 [INFO]   1X2 [19:26]: 10 matchs
19:17:00 [INFO]   1X2 [19:28]: 10 matchs
19:17:02 [INFO]   1X2 [19:30]: 10 matchs
19:17:03 [INFO]   1X2 [19:32]: 10 matchs
19:17:04 [INFO]   1X2 [19:34]: 10 matchs
19:17:06 [INFO]   1X2 [19:36]: 10 matchs
19:17:07 [INFO]   1X2 [19:38]: 10 matchs
19:17:07 [INFO] 1X2: 9 rounds → data/congobet_1x2_rounds.json
19:17:38 [INFO] === FIN 52.7s erreurs=aucune ===
19:17:38 [INFO] === DÉBUT CYCLE mode=gng ===
19:17:39 [INFO] === SCRAPE G/NG ===
19:17:51 [INFO] 9 rounds retenus / 10 total (9 horodatés)
19:17:54 [INFO]   G/NG [19:22]: 10 matchs
19:17:57 [INFO]   G/NG [19:24]: 10 matchs
19:18:00 [INFO]   G/NG [19:26]: 10 matchs
19:18:03 [INFO]   G/NG [19:28]: 10 matchs
19:18:06 [INFO]   G/NG [19:30]: 10 matchs
19:18:10 [INFO]   G/NG [19:32]: 10 matchs
19:18:13 [INFO]   G/NG [19:34]: 10 matchs
19:18:16 [INFO]   G/NG [19:36]: 10 matchs
19:18:19 [INFO]   G/NG [19:38]: 10 matchs
19:18:19 [INFO] G/NG: 90 cotes → data/cbet_odds.json
19:18:19 [INFO] === FIN 40.5s erreurs=aucune ===
19:20:04 [INFO] === DÉBUT CYCLE mode=results ===
19:20:04 [INFO] === SCRAPE RÉSULTATS (version corrigée) ===
19:20:13 [INFO]   0 clics 'Afficher plus'
19:20:28 [WARNING] Aucun conteneur de résultat trouvé
19:20:28 [INFO] === FIN 23.9s erreurs=aucune ===
20:52:55 [INFO] === DÉBUT CYCLE mode=1x2 ===
20:52:56 [INFO] === SCRAPE 1X2 ===
20:53:03 [INFO] rounds ignorés (timer courant / hors séquence): ['00:46']
20:53:03 [INFO] 9 rounds retenus / 10 total (10 horodatés)
20:53:05 [INFO]   1X2 [20:55]: 10 matchs
20:53:06 [INFO]   1X2 [20:57]: 10 matchs
20:53:07 [INFO]   1X2 [20:59]: 10 matchs
20:53:09 [INFO]   1X2 [21:01]: 10 matchs
20:53:10 [INFO]   1X2 [21:03]: 10 matchs
20:53:11 [INFO]   1X2 [21:05]: 10 matchs
20:53:13 [INFO]   1X2 [21:07]: 10 matchs
20:53:14 [INFO]   1X2 [21:09]: 10 matchs
20:53:16 [INFO]   1X2 [21:11]: 10 matchs
20:53:16 [INFO] 1X2: 9 rounds → data/congobet_1x2_rounds.json
20:53:16 [INFO] === FIN 20.6s erreurs=aucune ===
20:53:16 [INFO] === DÉBUT CYCLE mode=gng ===
20:53:16 [INFO] === SCRAPE G/NG ===
20:53:25 [INFO] rounds ignorés (timer courant / hors séquence): ['00:23']
20:53:25 [INFO] 9 rounds retenus / 10 total (10 horodatés)
20:53:28 [INFO]   G/NG [20:55]: 10 matchs
20:53:31 [INFO]   G/NG [20:57]: 10 matchs
20:53:34 [INFO]   G/NG [20:59]: 10 matchs
20:53:38 [INFO]   G/NG [21:01]: 10 matchs
20:53:41 [INFO]   G/NG [21:03]: 10 matchs
20:53:44 [INFO]   G/NG [21:05]: 10 matchs
20:53:47 [INFO]   G/NG [21:07]: 10 matchs
20:53:50 [INFO]   G/NG [21:09]: 10 matchs
20:53:53 [INFO]   G/NG [21:11]: 10 matchs
20:53:53 [INFO] G/NG: 90 cotes → data/cbet_odds.json
20:53:53 [INFO] === FIN 37.1s erreurs=aucune ===
20:55:38 [INFO] === DÉBUT CYCLE mode=results ===
20:55:38 [INFO] === SCRAPE RÉSULTATS (version corrigée) ===
20:55:46 [INFO]   1 clics 'Afficher plus'
20:55:47 [INFO] Résultats: 70 → data/cbet_results.json
20:55:47 [INFO] === FIN 9.4s erreurs=aucune ===
22:04:25 [INFO] === DÉBUT CYCLE mode=1x2 ===
22:04:26 [INFO] === SCRAPE 1X2 ===
22:04:35 [INFO] rounds ignorés (timer courant / hors séquence): ['00:15']
22:04:35 [INFO] 9 rounds retenus / 10 total (10 horodatés)
22:04:36 [INFO]   1X2 [22:06]: 10 matchs
22:04:37 [INFO]   1X2 [22:08]: 10 matchs
22:04:39 [INFO]   1X2 [22:10]: 10 matchs
22:04:40 [INFO]   1X2 [22:12]: 10 matchs
22:04:42 [INFO]   1X2 [22:14]: 10 matchs
22:04:43 [INFO]   1X2 [22:16]: 10 matchs
22:04:44 [INFO]   1X2 [22:18]: 10 matchs
22:04:46 [INFO]   1X2 [22:20]: 10 matchs
22:04:47 [INFO]   1X2 [22:22]: 10 matchs
22:04:47 [INFO] 1X2: 9 rounds → data/congobet_1x2_rounds.json
22:04:47 [INFO] === FIN 22.1s erreurs=aucune ===
22:04:47 [INFO] === DÉBUT CYCLE mode=gng ===
22:04:48 [INFO] === SCRAPE G/NG ===
22:04:56 [WARNING] Impossible de sélectionner G/NG
22:04:56 [INFO] === FIN 9.0s erreurs=aucune ===
22:06:42 [INFO] === DÉBUT CYCLE mode=results ===
22:06:42 [INFO] === SCRAPE RÉSULTATS (version corrigée) ===
22:06:50 [INFO]   0 clics 'Afficher plus'
22:06:51 [INFO] Résultats: 30 → data/cbet_results.json
22:07:21 [INFO] === FIN 39.4s erreurs=aucune ===
23:10:06 [INFO] === DÉBUT CYCLE mode=1x2 ===
23:10:08 [INFO] === SCRAPE 1X2 ===
23:10:15 [INFO] rounds ignorés (timer courant / hors séquence): ['00:34', '23:12', '23:14']
23:10:15 [INFO] 7 rounds retenus / 10 total (10 horodatés)
23:10:17 [INFO]   1X2 [23:19]: 10 matchs
23:10:18 [INFO]   1X2 [23:21]: 10 matchs
23:10:20 [INFO]   1X2 [23:23]: 10 matchs
23:10:21 [INFO]   1X2 [23:25]: 10 matchs
23:10:22 [INFO]   1X2 [23:27]: 10 matchs
23:10:24 [INFO]   1X2 [23:29]: 10 matchs
23:10:25 [INFO]   1X2 [23:31]: 10 matchs
23:10:25 [INFO] 1X2: 7 rounds → data/congobet_1x2_rounds.json
23:10:55 [INFO] === FIN 49.2s erreurs=aucune ===
23:10:56 [INFO] === DÉBUT CYCLE mode=gng ===
23:10:58 [INFO] === SCRAPE G/NG ===
23:11:05 [WARNING] Impossible de sélectionner G/NG
23:11:05 [INFO] === FIN 9.0s erreurs=aucune ===
23:12:51 [INFO] === DÉBUT CYCLE mode=results ===
23:12:52 [INFO] === SCRAPE RÉSULTATS (version corrigée) ===
23:13:05 [INFO]   5 clics 'Afficher plus'
23:13:09 [INFO] Résultats: 240 → data/cbet_results.json
23:13:09 [INFO] === FIN 18.3s erreurs=aucune ===
00:13:41 [INFO] === DÉBUT CYCLE mode=1x2 ===
00:13:43 [INFO] === SCRAPE 1X2 ===
00:13:49 [INFO] rounds ignorés (timer courant / hors séquence): ['00:00']
00:13:49 [INFO] 9 rounds retenus / 10 total (10 horodatés)
00:13:50 [INFO]   1X2 [00:15]: 10 matchs
00:13:51 [INFO]   1X2 [00:17]: 10 matchs
00:13:53 [INFO]   1X2 [00:19]: 10 matchs
00:13:54 [INFO]   1X2 [00:21]: 10 matchs
00:13:56 [INFO]   1X2 [00:23]: 10 matchs
00:13:57 [INFO]   1X2 [00:25]: 10 matchs
00:13:59 [INFO]   1X2 [00:27]: 10 matchs
00:14:00 [INFO]   1X2 [00:29]: 10 matchs
00:14:01 [INFO]   1X2 [00:31]: 10 matchs
00:14:01 [INFO] 1X2: 9 rounds → data/congobet_1x2_rounds.json
00:14:31 [INFO] === FIN 50.0s erreurs=aucune ===
00:14:32 [INFO] === DÉBUT CYCLE mode=gng ===
00:14:32 [INFO] === SCRAPE G/NG ===
00:14:39 [WARNING] Impossible de sélectionner G/NG
00:14:39 [INFO] === FIN 7.1s erreurs=aucune ===
00:16:23 [INFO] === DÉBUT CYCLE mode=results ===
00:16:24 [INFO] === SCRAPE RÉSULTATS (version corrigée) ===
00:16:36 [INFO]   5 clics 'Afficher plus'
00:16:41 [INFO] Résultats: 240 → data/cbet_results.json
00:16:41 [INFO] === FIN 17.4s erreurs=aucune ===
04:13:52 [INFO] === DÉBUT CYCLE mode=1x2 ===
04:13:53 [INFO] === SCRAPE 1X2 ===
04:13:59 [INFO] 10 rounds retenus / 10 total (10 horodatés)
04:14:00 [INFO]   1X2 [00:50]: 10 matchs
04:14:01 [INFO]   1X2 [04:16]: 10 matchs
04:14:03 [INFO]   1X2 [04:18]: 10 matchs
04:14:04 [INFO]   1X2 [04:20]: 10 matchs
04:14:05 [INFO]   1X2 [04:22]: 10 matchs
04:14:07 [INFO]   1X2 [04:24]: 10 matchs
04:14:08 [INFO]   1X2 [04:26]: 10 matchs
04:14:10 [INFO]   1X2 [04:28]: 10 matchs
04:14:11 [INFO]   1X2 [04:30]: 10 matchs
04:14:12 [INFO]   1X2 [04:35]: 10 matchs
04:14:12 [INFO] 1X2: 10 rounds → data/congobet_1x2_rounds.json
04:14:12 [INFO] === FIN 19.9s erreurs=aucune ===
04:14:12 [INFO] === DÉBUT CYCLE mode=gng ===
04:14:13 [INFO] === SCRAPE G/NG ===
04:14:21 [INFO] 10 rounds retenus / 10 total (10 horodatés)
04:14:24 [INFO]   G/NG [00:28]: 10 matchs
04:14:27 [INFO]   G/NG [04:16]: 10 matchs
04:14:30 [INFO]   G/NG [04:18]: 10 matchs
04:14:32 [INFO]   G/NG [04:20]: 10 matchs
04:14:35 [INFO]   G/NG [04:22]: 10 matchs
04:14:38 [INFO]   G/NG [04:24]: 10 matchs
04:14:41 [INFO]   G/NG [04:26]: 10 matchs
04:14:44 [INFO]   G/NG [04:28]: 10 matchs
04:14:47 [INFO]   G/NG [04:30]: 10 matchs
04:14:49 [INFO]   G/NG [04:35]: 10 matchs
04:14:49 [INFO] G/NG: 100 cotes → data/cbet_odds.json
04:15:20 [INFO] === FIN 67.0s erreurs=aucune ===
04:17:04 [INFO] === DÉBUT CYCLE mode=results ===
04:17:05 [INFO] === SCRAPE RÉSULTATS (version corrigée) ===
04:17:17 [INFO]   5 clics 'Afficher plus'
04:17:22 [INFO] Résultats: 240 → data/cbet_results.json
04:17:53 [INFO] === FIN 47.3s erreurs=aucune ===
07:28:47 [INFO] === DÉBUT CYCLE mode=1x2 ===
07:28:48 [INFO] === SCRAPE 1X2 ===
07:28:55 [INFO] rounds ignorés (timer courant / hors séquence): ['00:54']
07:28:55 [INFO] 9 rounds retenus / 10 total (10 horodatés)
07:28:56 [INFO]   1X2 [07:31]: 10 matchs
07:28:58 [INFO]   1X2 [07:33]: 10 matchs
07:28:59 [INFO]   1X2 [07:35]: 10 matchs
07:29:01 [INFO]   1X2 [07:37]: 10 matchs
07:29:02 [INFO]   1X2 [07:39]: 10 matchs
07:29:03 [INFO]   1X2 [07:41]: 10 matchs
07:29:05 [INFO]   1X2 [07:43]: 10 matchs
07:29:06 [INFO]   1X2 [07:45]: 10 matchs
07:29:08 [INFO]   1X2 [07:47]: 10 matchs
07:29:08 [INFO] 1X2: 9 rounds → data/congobet_1x2_rounds.json
07:29:08 [INFO] === FIN 20.9s erreurs=aucune ===
07:29:08 [INFO] === DÉBUT CYCLE mode=gng ===
07:29:08 [INFO] === SCRAPE G/NG ===
07:29:17 [INFO] rounds ignorés (timer courant / hors séquence): ['00:32']
07:29:17 [INFO] 9 rounds retenus / 10 total (10 horodatés)
07:29:20 [INFO]   G/NG [07:31]: 10 matchs
07:29:23 [INFO]   G/NG [07:33]: 10 matchs
07:29:26 [INFO]   G/NG [07:35]: 10 matchs
07:29:29 [INFO]   G/NG [07:37]: 10 matchs
07:29:32 [INFO]   G/NG [07:39]: 10 matchs
07:29:35 [INFO]   G/NG [07:41]: 10 matchs
07:29:38 [INFO]   G/NG [07:43]: 10 matchs
07:29:41 [INFO]   G/NG [07:45]: 10 matchs
07:29:44 [INFO]   G/NG [07:47]: 10 matchs
07:29:44 [INFO] G/NG: 90 cotes → data/cbet_odds.json
07:30:14 [INFO] === FIN 66.5s erreurs=aucune ===
07:31:59 [INFO] === DÉBUT CYCLE mode=results ===
07:32:00 [INFO] === SCRAPE RÉSULTATS (version corrigée) ===
07:32:08 [INFO]   2 clics 'Afficher plus'
07:32:10 [INFO] Résultats: 90 → data/cbet_results.json
07:32:40 [INFO] === FIN 40.4s erreurs=aucune ===
10:05:13 [INFO] === DÉBUT CYCLE mode=1x2 ===
10:05:13 [INFO] === SCRAPE 1X2 ===
10:05:22 [INFO] rounds ignorés (timer courant / hors séquence): ['00:28']
10:05:22 [INFO] 9 rounds retenus / 10 total (10 horodatés)
10:05:23 [INFO]   1X2 [10:07]: 10 matchs
10:05:24 [INFO]   1X2 [10:09]: 10 matchs
10:05:26 [INFO]   1X2 [10:11]: 10 matchs
10:05:27 [INFO]   1X2 [10:13]: 10 matchs
10:05:29 [INFO]   1X2 [10:15]: 10 matchs
10:05:30 [INFO]   1X2 [10:17]: 10 matchs
10:05:31 [INFO]   1X2 [10:19]: 10 matchs
10:05:33 [INFO]   1X2 [10:21]: 10 matchs
10:05:34 [INFO]   1X2 [10:23]: 10 matchs
10:05:34 [INFO] 1X2: 9 rounds → data/congobet_1x2_rounds.json
10:06:04 [INFO] === FIN 51.8s erreurs=aucune ===
10:06:06 [INFO] === DÉBUT CYCLE mode=gng ===
10:06:07 [INFO] === SCRAPE G/NG ===
10:06:16 [WARNING] Impossible de sélectionner G/NG
10:06:46 [INFO] === FIN 39.5s erreurs=aucune ===
10:08:36 [INFO] === DÉBUT CYCLE mode=results ===
10:08:36 [INFO] === SCRAPE RÉSULTATS (version corrigée) ===
10:08:46 [INFO]   1 clics 'Afficher plus'
10:08:47 [INFO] Résultats: 80 → data/cbet_results.json
10:09:17 [INFO] === FIN 41.3s erreurs=aucune ===
12:20:48 [INFO] === DÉBUT CYCLE mode=1x2 ===
12:20:50 [INFO] === SCRAPE 1X2 ===
12:20:58 [WARNING] Impossible de sélectionner 1X2
12:20:58 [INFO] rounds ignorés (timer courant / hors séquence): ['12:22', '12:24']
12:20:58 [INFO] 7 rounds retenus / 10 total (9 horodatés)
12:21:00 [INFO]   1X2 [12:29]: 10 matchs
12:21:01 [INFO]   1X2 [12:31]: 10 matchs
12:21:03 [INFO]   1X2 [12:33]: 10 matchs
12:21:04 [INFO]   1X2 [12:35]: 10 matchs
12:21:06 [INFO]   1X2 [12:37]: 10 matchs
12:21:07 [INFO]   1X2 [12:39]: 10 matchs
12:21:08 [INFO]   1X2 [12:41]: 10 matchs
12:21:08 [INFO] 1X2: 7 rounds → data/congobet_1x2_rounds.json
12:21:08 [INFO] === FIN 20.2s erreurs=aucune ===
12:21:09 [INFO] === DÉBUT CYCLE mode=gng ===
12:21:09 [INFO] === SCRAPE G/NG ===
12:21:17 [WARNING] Impossible de sélectionner G/NG
12:21:47 [INFO] === FIN 38.7s erreurs=aucune ===
12:23:34 [INFO] === DÉBUT CYCLE mode=results ===
12:23:34 [INFO] === SCRAPE RÉSULTATS (version corrigée) ===
12:23:49 [INFO]   5 clics 'Afficher plus'
12:23:54 [INFO] Résultats: 240 → data/cbet_results.json
12:24:24 [INFO] === FIN 49.9s erreurs=aucune ===
15:19:11 [INFO] === DÉBUT CYCLE mode=1x2 ===
15:19:13 [INFO] === SCRAPE 1X2 ===
15:19:21 [INFO] rounds ignorés (timer courant / hors séquence): ['00:28']
15:19:21 [INFO] 9 rounds retenus / 10 total (10 horodatés)
15:19:23 [INFO]   1X2 [15:21]: 10 matchs
15:19:24 [INFO]   1X2 [15:23]: 10 matchs
15:19:25 [INFO]   1X2 [15:25]: 10 matchs
15:19:27 [INFO]   1X2 [15:27]: 10 matchs
15:19:28 [INFO]   1X2 [15:29]: 10 matchs
15:19:30 [INFO]   1X2 [15:31]: 10 matchs
15:19:31 [INFO]   1X2 [15:33]: 10 matchs
15:19:32 [INFO]   1X2 [15:35]: 10 matchs
15:19:34 [INFO]   1X2 [15:37]: 10 matchs
15:19:34 [INFO] 1X2: 9 rounds → data/congobet_1x2_rounds.json
15:20:04 [INFO] === FIN 52.4s erreurs=aucune ===
15:20:06 [INFO] === DÉBUT CYCLE mode=gng ===
15:20:07 [INFO] === SCRAPE G/NG ===
15:20:15 [WARNING] Impossible de sélectionner G/NG
15:20:15 [INFO] === FIN 9.2s erreurs=aucune ===
15:22:02 [INFO] === DÉBUT CYCLE mode=results ===
15:22:03 [INFO] === SCRAPE RÉSULTATS (version corrigée) ===
15:22:11 [INFO]   1 clics 'Afficher plus'
15:22:12 [INFO] Résultats: 70 → data/cbet_results.json
15:22:42 [INFO] === FIN 39.7s erreurs=aucune ===
17:28:11 [INFO] === DÉBUT CYCLE mode=1x2 ===
17:28:13 [INFO] === SCRAPE 1X2 ===
17:28:25 [INFO] rounds ignorés (timer courant / hors séquence): ['00:24', '17:30', '17:32', '17:34', '17:36', '17:38', '17:40']
17:28:25 [INFO] 3 rounds retenus / 10 total (10 horodatés)
17:28:30 [INFO]   1X2 [17:45]: 10 matchs
17:28:34 [INFO]   1X2 [17:47]: 10 matchs
17:28:38 [INFO]   1X2 [17:49]: 10 matchs
17:28:38 [INFO] 1X2: 3 rounds → data/congobet_1x2_rounds.json
17:29:08 [INFO] === FIN 57.4s erreurs=aucune ===
17:29:09 [INFO] === DÉBUT CYCLE mode=gng ===
17:29:09 [INFO] === SCRAPE G/NG ===
17:29:19 [WARNING] Impossible de sélectionner G/NG
17:29:49 [INFO] === FIN 40.4s erreurs=aucune ===
17:31:36 [INFO] === DÉBUT CYCLE mode=results ===
17:31:36 [INFO] === SCRAPE RÉSULTATS (version corrigée) ===
17:31:50 [INFO]   5 clics 'Afficher plus'
17:31:54 [INFO] Résultats: 240 → data/cbet_results.json
17:32:25 [INFO] === FIN 48.9s erreurs=aucune ===
19:17:27 [INFO] === DÉBUT CYCLE mode=1x2 ===
19:17:27 [INFO] === SCRAPE 1X2 ===
19:17:36 [WARNING] Impossible de sélectionner 1X2
19:17:36 [INFO] 9 rounds retenus / 10 total (9 horodatés)
19:17:38 [INFO]   1X2 [19:18]: 10 matchs
19:17:39 [INFO]   1X2 [19:20]: 10 matchs
19:17:41 [INFO]   1X2 [19:22]: 10 matchs
19:17:42 [INFO]   1X2 [19:24]: 10 matchs
19:17:43 [INFO]   1X2 [19:26]: 10 matchs
19:17:45 [INFO]   1X2 [19:28]: 10 matchs
19:17:46 [INFO]   1X2 [19:30]: 10 matchs
19:17:47 [INFO]   1X2 [19:32]: 10 matchs
19:17:49 [INFO]   1X2 [19:34]: 10 matchs
19:17:49 [INFO] 1X2: 9 rounds → data/congobet_1x2_rounds.json
19:17:49 [INFO] === FIN 22.1s erreurs=aucune ===
19:17:49 [INFO] === DÉBUT CYCLE mode=gng ===
19:17:49 [INFO] === SCRAPE G/NG ===
19:18:00 [INFO] rounds ignorés (timer courant / hors séquence): ['00:49']
19:18:00 [INFO] 9 rounds retenus / 10 total (10 horodatés)
19:18:03 [INFO]   G/NG [19:20]: 10 matchs
19:18:06 [INFO]   G/NG [19:22]: 10 matchs
19:18:09 [INFO]   G/NG [19:24]: 10 matchs
19:18:12 [INFO]   G/NG [19:26]: 10 matchs
19:18:16 [INFO]   G/NG [19:28]: 10 matchs
19:18:19 [INFO]   G/NG [19:30]: 10 matchs
19:18:22 [INFO]   G/NG [19:32]: 10 matchs
19:18:25 [INFO]   G/NG [19:34]: 10 matchs
19:18:28 [INFO]   G/NG [19:36]: 10 matchs
19:18:28 [INFO] G/NG: 90 cotes → data/cbet_odds.json
19:18:28 [INFO] === FIN 38.7s erreurs=aucune ===
19:20:14 [INFO] === DÉBUT CYCLE mode=results ===
19:20:14 [INFO] === SCRAPE RÉSULTATS (version corrigée) ===
19:20:24 [INFO]   1 clics 'Afficher plus'
19:20:25 [INFO] Résultats: 80 → data/cbet_results.json
19:20:56 [INFO] === FIN 41.7s erreurs=aucune ===
20:58:55 [INFO] === DÉBUT CYCLE mode=1x2 ===
20:58:55 [INFO] === SCRAPE 1X2 ===
20:59:02 [INFO] rounds ignorés (timer courant / hors séquence): ['00:47']
20:59:02 [INFO] 9 rounds retenus / 10 total (10 horodatés)
20:59:02 [INFO]   1X2 [21:01]: 10 matchs
20:59:03 [INFO]   1X2 [21:03]: 10 matchs
20:59:05 [INFO]   1X2 [21:05]: 10 matchs
20:59:06 [INFO]   1X2 [21:07]: 10 matchs
20:59:08 [INFO]   1X2 [21:09]: 10 matchs
20:59:09 [INFO]   1X2 [21:11]: 10 matchs
20:59:10 [INFO]   1X2 [21:13]: 10 matchs
20:59:12 [INFO]   1X2 [21:15]: 10 matchs
20:59:13 [INFO]   1X2 [21:17]: 10 matchs
20:59:13 [INFO] 1X2: 9 rounds → data/congobet_1x2_rounds.json
20:59:44 [INFO] === FIN 48.7s erreurs=aucune ===
20:59:45 [INFO] === DÉBUT CYCLE mode=gng ===
20:59:45 [INFO] === SCRAPE G/NG ===
20:59:53 [INFO] 9 rounds retenus / 10 total (9 horodatés)
20:59:56 [INFO]   G/NG [21:01]: 10 matchs
20:59:59 [INFO]   G/NG [21:03]: 10 matchs
21:00:02 [INFO]   G/NG [21:05]: 10 matchs
21:00:05 [INFO]   G/NG [21:07]: 10 matchs
21:00:08 [INFO]   G/NG [21:09]: 10 matchs
21:00:11 [INFO]   G/NG [21:11]: 10 matchs
21:00:14 [INFO]   G/NG [21:13]: 10 matchs
21:00:18 [INFO]   G/NG [21:15]: 10 matchs
21:00:20 [INFO]   G/NG [21:17]: 10 matchs
21:00:20 [INFO] G/NG: 90 cotes → data/cbet_odds.json
21:00:50 [INFO] === FIN 65.6s erreurs=aucune ===
21:02:38 [INFO] === DÉBUT CYCLE mode=results ===
21:02:39 [INFO] === SCRAPE RÉSULTATS (version corrigée) ===
21:02:50 [INFO]   4 clics 'Afficher plus'
21:02:53 [INFO] Résultats: 190 → data/cbet_results.json
21:03:23 [INFO] === FIN 44.8s erreurs=aucune ===
22:16:15 [INFO] === DÉBUT CYCLE mode=1x2 ===
22:16:16 [INFO] === SCRAPE 1X2 ===
22:16:23 [INFO] rounds ignorés (timer courant / hors séquence): ['00:26']
22:16:23 [INFO] 9 rounds retenus / 10 total (10 horodatés)
22:16:24 [INFO]   1X2 [22:18]: 10 matchs
22:16:25 [INFO]   1X2 [22:20]: 10 matchs
22:16:27 [INFO]   1X2 [22:22]: 10 matchs
22:16:28 [INFO]   1X2 [22:24]: 10 matchs
22:16:30 [INFO]   1X2 [22:26]: 10 matchs
22:16:31 [INFO]   1X2 [22:28]: 10 matchs
22:16:32 [INFO]   1X2 [22:30]: 10 matchs
22:16:34 [INFO]   1X2 [22:32]: 10 matchs
22:16:35 [INFO]   1X2 [22:34]: 10 matchs
22:16:35 [INFO] 1X2: 9 rounds → data/congobet_1x2_rounds.json
22:17:05 [INFO] === FIN 50.7s erreurs=aucune ===
22:17:05 [INFO] === DÉBUT CYCLE mode=gng ===
22:17:06 [INFO] === SCRAPE G/NG ===
22:17:12 [WARNING] Impossible de sélectionner G/NG
22:17:42 [INFO] === FIN 36.7s erreurs=aucune ===
22:19:29 [INFO] === DÉBUT CYCLE mode=results ===
22:19:29 [INFO] === SCRAPE RÉSULTATS (version corrigée) ===
22:19:40 [INFO]   4 clics 'Afficher plus'
22:19:43 [INFO] Résultats: 180 → data/cbet_results.json
22:20:13 [INFO] === FIN 44.7s erreurs=aucune ===
23:33:34 [INFO] === DÉBUT CYCLE mode=1x2 ===
23:33:35 [INFO] === SCRAPE 1X2 ===
23:33:42 [INFO] rounds ignorés (timer courant / hors séquence): ['00:07']
23:33:42 [INFO] 9 rounds retenus / 10 total (10 horodatés)
23:33:43 [INFO]   1X2 [23:35]: 10 matchs
23:33:45 [INFO]   1X2 [23:37]: 10 matchs
23:33:46 [INFO]   1X2 [23:39]: 10 matchs
23:33:47 [INFO]   1X2 [23:41]: 10 matchs
23:33:49 [INFO]   1X2 [23:43]: 10 matchs
23:33:50 [INFO]   1X2 [23:45]: 10 matchs
23:33:52 [INFO]   1X2 [23:47]: 10 matchs
23:33:53 [INFO]   1X2 [23:49]: 10 matchs
23:33:54 [INFO]   1X2 [23:51]: 10 matchs
23:33:54 [INFO] 1X2: 9 rounds → data/congobet_1x2_rounds.json
23:33:54 [INFO] === FIN 20.0s erreurs=aucune ===
23:33:55 [INFO] === DÉBUT CYCLE mode=gng ===
23:33:55 [INFO] === SCRAPE G/NG ===
23:34:02 [WARNING] Impossible de sélectionner G/NG
23:34:02 [INFO] === FIN 7.1s erreurs=aucune ===
23:35:46 [INFO] === DÉBUT CYCLE mode=results ===
23:35:47 [INFO] === SCRAPE RÉSULTATS (version corrigée) ===
23:35:58 [INFO]   4 clics 'Afficher plus'
23:36:01 [INFO] Résultats: 170 → data/cbet_results.json
23:36:01 [INFO] === FIN 15.0s erreurs=aucune ===
01:29:21 [INFO] === DÉBUT CYCLE mode=1x2 ===
01:29:21 [INFO] === SCRAPE 1X2 ===
01:29:27 [WARNING] Impossible de sélectionner 1X2
01:29:27 [INFO] rounds ignorés (timer courant / hors séquence): ['01:30', '01:32', '01:34']
01:29:27 [INFO] 6 rounds retenus / 10 total (9 horodatés)
01:29:29 [INFO]   1X2 [01:39]: 10 matchs
01:29:30 [INFO]   1X2 [01:41]: 10 matchs
01:29:32 [INFO]   1X2 [01:43]: 10 matchs
01:29:33 [INFO]   1X2 [01:45]: 10 matchs
01:29:35 [INFO]   1X2 [01:47]: 10 matchs
01:29:36 [INFO]   1X2 [01:49]: 10 matchs
01:29:36 [INFO] 1X2: 6 rounds → data/congobet_1x2_rounds.json
01:30:07 [INFO] === FIN 45.3s erreurs=aucune ===
01:30:07 [INFO] === DÉBUT CYCLE mode=gng ===
01:30:07 [INFO] === SCRAPE G/NG ===
01:30:16 [INFO] rounds ignorés (timer courant / hors séquence): ['00:33', '01:32', '01:34']
01:30:16 [INFO] 7 rounds retenus / 10 total (10 horodatés)
01:30:19 [INFO]   G/NG [01:39]: 10 matchs
01:30:22 [INFO]   G/NG [01:41]: 10 matchs
01:30:25 [INFO]   G/NG [01:43]: 10 matchs
01:30:28 [INFO]   G/NG [01:45]: 10 matchs
01:30:31 [INFO]   G/NG [01:47]: 10 matchs
01:30:34 [INFO]   G/NG [01:49]: 10 matchs
01:30:37 [INFO]   G/NG [01:51]: 10 matchs
01:30:37 [INFO] G/NG: 70 cotes → data/cbet_odds.json
01:30:37 [INFO] === FIN 29.7s erreurs=aucune ===
01:32:22 [INFO] === DÉBUT CYCLE mode=results ===
01:32:23 [INFO] === SCRAPE RÉSULTATS (version corrigée) ===
01:32:35 [INFO]   5 clics 'Afficher plus'
01:32:39 [INFO] Résultats: 240 → data/cbet_results.json
01:32:39 [INFO] === FIN 17.0s erreurs=aucune ===
05:11:21 [INFO] === DÉBUT CYCLE mode=1x2 ===
05:11:21 [INFO] === SCRAPE 1X2 ===
05:11:28 [INFO] rounds ignorés (timer courant / hors séquence): ['00:21']
05:11:28 [INFO] 9 rounds retenus / 10 total (10 horodatés)
05:11:29 [INFO]   1X2 [05:13]: 10 matchs
05:11:30 [INFO]   1X2 [05:15]: 10 matchs
05:11:32 [INFO]   1X2 [05:17]: 10 matchs
05:11:33 [INFO]   1X2 [05:19]: 10 matchs
05:11:35 [INFO]   1X2 [05:21]: 10 matchs
05:11:36 [INFO]   1X2 [05:23]: 10 matchs
05:11:37 [INFO]   1X2 [05:25]: 10 matchs
05:11:39 [INFO]   1X2 [05:27]: 10 matchs
05:11:40 [INFO]   1X2 [05:29]: 10 matchs
05:11:40 [INFO] 1X2: 9 rounds → data/congobet_1x2_rounds.json
05:11:40 [INFO] === FIN 19.4s erreurs=aucune ===
05:11:40 [INFO] === DÉBUT CYCLE mode=gng ===
05:11:41 [INFO] === SCRAPE G/NG ===
05:11:49 [INFO] rounds ignorés (timer courant / hors séquence): ['00:00']
05:11:49 [INFO] 9 rounds retenus / 10 total (10 horodatés)
05:11:52 [INFO]   G/NG [05:13]: 10 matchs
05:11:55 [INFO]   G/NG [05:15]: 10 matchs
05:11:58 [INFO]   G/NG [05:17]: 10 matchs
05:12:01 [INFO]   G/NG [05:19]: 10 matchs
05:12:04 [INFO]   G/NG [05:21]: 10 matchs
05:12:07 [INFO]   G/NG [05:23]: 10 matchs
05:12:10 [INFO]   G/NG [05:25]: 10 matchs
05:12:13 [INFO]   G/NG [05:27]: 10 matchs
05:12:16 [INFO]   G/NG [05:29]: 10 matchs
05:12:16 [INFO] G/NG: 90 cotes → data/cbet_odds.json
05:12:47 [INFO] === FIN 66.3s erreurs=aucune ===
05:14:35 [INFO] === DÉBUT CYCLE mode=results ===
05:14:36 [INFO] === SCRAPE RÉSULTATS (version corrigée) ===
05:14:49 [INFO]   5 clics 'Afficher plus'
05:14:53 [INFO] Résultats: 240 → data/cbet_results.json
05:15:23 [INFO] === FIN 47.6s erreurs=aucune ===
08:04:15 [INFO] === DÉBUT CYCLE mode=1x2 ===
08:04:16 [INFO] === SCRAPE 1X2 ===
08:04:25 [WARNING] Impossible de sélectionner 1X2
08:04:25 [INFO] rounds ignorés (timer courant / hors séquence): ['08:05', '08:07', '08:09']
08:04:25 [INFO] 6 rounds retenus / 10 total (9 horodatés)
08:04:27 [INFO]   1X2 [08:14]: 10 matchs
08:04:28 [INFO]   1X2 [08:16]: 10 matchs
08:04:29 [INFO]   1X2 [08:18]: 10 matchs
08:04:31 [INFO]   1X2 [08:20]: 10 matchs
08:04:32 [INFO]   1X2 [08:22]: 10 matchs
08:04:34 [INFO]   1X2 [08:24]: 10 matchs
08:04:34 [INFO] 1X2: 6 rounds → data/congobet_1x2_rounds.json
08:05:04 [INFO] === FIN 48.5s erreurs=aucune ===
08:05:05 [INFO] === DÉBUT CYCLE mode=gng ===
08:05:06 [INFO] === SCRAPE G/NG ===
08:05:17 [INFO] rounds ignorés (timer courant / hors séquence): ['00:32', '08:07', '08:09']
08:05:17 [INFO] 7 rounds retenus / 10 total (10 horodatés)
08:05:20 [INFO]   G/NG [08:14]: 10 matchs
08:05:23 [INFO]   G/NG [08:16]: 10 matchs
08:05:26 [INFO]   G/NG [08:18]: 10 matchs
08:05:29 [INFO]   G/NG [08:20]: 10 matchs
08:05:32 [INFO]   G/NG [08:22]: 10 matchs
08:05:35 [INFO]   G/NG [08:24]: 10 matchs
08:05:38 [INFO]   G/NG [08:26]: 10 matchs
08:05:38 [INFO] G/NG: 70 cotes → data/cbet_odds.json
08:06:09 [INFO] === FIN 63.0s erreurs=aucune ===
08:07:54 [INFO] === DÉBUT CYCLE mode=results ===
08:07:55 [INFO] === SCRAPE RÉSULTATS (version corrigée) ===
08:08:10 [INFO]   5 clics 'Afficher plus'
08:08:14 [INFO] Résultats: 240 → data/cbet_results.json
08:08:14 [INFO] === FIN 19.8s erreurs=aucune ===
10:30:11 [INFO] === DÉBUT CYCLE mode=1x2 ===
10:30:12 [INFO] === SCRAPE 1X2 ===
10:30:19 [WARNING] Impossible de sélectionner 1X2
10:30:19 [INFO] 9 rounds retenus / 10 total (9 horodatés)
10:30:21 [INFO]   1X2 [10:31]: 10 matchs
10:30:22 [INFO]   1X2 [10:33]: 10 matchs
10:30:24 [INFO]   1X2 [10:35]: 10 matchs
10:30:25 [INFO]   1X2 [10:37]: 10 matchs
10:30:27 [INFO]   1X2 [10:39]: 10 matchs
10:30:28 [INFO]   1X2 [10:41]: 10 matchs
10:30:29 [INFO]   1X2 [10:43]: 10 matchs
10:30:31 [INFO]   1X2 [10:45]: 10 matchs
10:30:32 [INFO]   1X2 [10:47]: 10 matchs
10:30:32 [INFO] 1X2: 9 rounds → data/congobet_1x2_rounds.json
10:31:03 [INFO] === FIN 51.6s erreurs=aucune ===
10:31:05 [INFO] === DÉBUT CYCLE mode=gng ===
10:31:06 [INFO] === SCRAPE G/NG ===
10:31:15 [INFO] 10 rounds retenus / 10 total (10 horodatés)
10:31:17 [INFO]   G/NG [00:34]: 10 matchs
10:31:21 [INFO]   G/NG [10:33]: 10 matchs
10:31:24 [INFO]   G/NG [10:35]: 10 matchs
10:31:27 [INFO]   G/NG [10:37]: 10 matchs
10:31:30 [INFO]   G/NG [10:39]: 10 matchs
10:31:33 [INFO]   G/NG [10:41]: 10 matchs
10:31:36 [INFO]   G/NG [10:43]: 10 matchs
10:31:39 [INFO]   G/NG [10:45]: 10 matchs
10:31:42 [INFO]   G/NG [10:47]: 10 matchs
10:31:45 [INFO]   G/NG [10:52]: 10 matchs
10:31:45 [INFO] G/NG: 100 cotes → data/cbet_odds.json
10:31:45 [INFO] === FIN 39.9s erreurs=aucune ===
10:33:30 [INFO] === DÉBUT CYCLE mode=results ===
10:33:31 [INFO] === SCRAPE RÉSULTATS (version corrigée) ===
10:33:44 [INFO]   5 clics 'Afficher plus'
10:33:48 [INFO] Résultats: 240 → data/cbet_results.json
10:34:18 [INFO] === FIN 48.0s erreurs=aucune ===
12:12:35 [INFO] === DÉBUT CYCLE mode=1x2 ===
12:12:36 [INFO] === SCRAPE 1X2 ===
12:12:43 [WARNING] Impossible de sélectionner 1X2
12:12:43 [INFO] 9 rounds retenus / 10 total (9 horodatés)
12:12:44 [INFO]   1X2 [12:13]: 10 matchs
12:12:45 [INFO]   1X2 [12:15]: 10 matchs
12:12:47 [INFO]   1X2 [12:17]: 10 matchs
12:12:48 [INFO]   1X2 [12:19]: 10 matchs
12:12:49 [INFO]   1X2 [12:21]: 10 matchs
12:12:51 [INFO]   1X2 [12:23]: 10 matchs
12:12:52 [INFO]   1X2 [12:25]: 10 matchs
12:12:53 [INFO]   1X2 [12:27]: 10 matchs
12:12:55 [INFO]   1X2 [12:29]: 10 matchs
12:12:55 [INFO] 1X2: 9 rounds → data/congobet_1x2_rounds.json
12:13:25 [INFO] === FIN 50.2s erreurs=aucune ===
12:13:25 [INFO] === DÉBUT CYCLE mode=gng ===
12:13:25 [INFO] === SCRAPE G/NG ===
12:13:34 [INFO] rounds ignorés (timer courant / hors séquence): ['00:15']
12:13:34 [INFO] 9 rounds retenus / 10 total (10 horodatés)
12:13:37 [INFO]   G/NG [12:15]: 10 matchs
12:13:40 [INFO]   G/NG [12:17]: 10 matchs
12:13:43 [INFO]   G/NG [12:19]: 10 matchs
12:13:46 [INFO]   G/NG [12:21]: 10 matchs
12:13:49 [INFO]   G/NG [12:23]: 10 matchs
12:13:52 [INFO]   G/NG [12:25]: 10 matchs
12:13:55 [INFO]   G/NG [12:27]: 10 matchs
12:13:58 [INFO]   G/NG [12:29]: 10 matchs
12:14:01 [INFO]   G/NG [12:31]: 10 matchs
12:14:01 [INFO] G/NG: 90 cotes → data/cbet_odds.json
12:14:31 [INFO] === FIN 66.1s erreurs=aucune ===
12:16:17 [INFO] === DÉBUT CYCLE mode=results ===
12:16:17 [INFO] === SCRAPE RÉSULTATS (version corrigée) ===
12:16:23 [INFO]   0 clics 'Afficher plus'
12:16:23 [INFO] Résultats: 20 → data/cbet_results.json
12:16:23 [INFO] === FIN 6.6s erreurs=aucune ===
14:41:57 [INFO] === DÉBUT CYCLE mode=1x2 ===
14:41:59 [INFO] === SCRAPE 1X2 ===
14:42:06 [INFO] rounds ignorés (timer courant / hors séquence): ['00:43', '14:44']
14:42:06 [INFO] 8 rounds retenus / 10 total (10 horodatés)
14:42:08 [INFO]   1X2 [14:49]: 10 matchs
14:42:09 [INFO]   1X2 [14:51]: 10 matchs
14:42:10 [INFO]   1X2 [14:53]: 10 matchs
14:42:12 [INFO]   1X2 [14:55]: 10 matchs
14:42:13 [INFO]   1X2 [14:57]: 10 matchs
14:42:15 [INFO]   1X2 [14:59]: 10 matchs
14:42:16 [INFO]   1X2 [15:01]: 10 matchs
14:42:17 [INFO]   1X2 [15:03]: 10 matchs
14:42:17 [INFO] 1X2: 8 rounds → data/congobet_1x2_rounds.json
14:42:17 [INFO] === FIN 20.0s erreurs=aucune ===
14:42:17 [INFO] === DÉBUT CYCLE mode=gng ===
14:42:18 [INFO] === SCRAPE G/NG ===
14:42:27 [INFO] rounds ignorés (timer courant / hors séquence): ['00:21', '14:44']
14:42:27 [INFO] 8 rounds retenus / 10 total (10 horodatés)
14:42:30 [INFO]   G/NG [14:49]: 10 matchs
14:42:33 [INFO]   G/NG [14:51]: 10 matchs
14:42:36 [INFO]   G/NG [14:53]: 10 matchs
14:42:40 [INFO]   G/NG [14:55]: 10 matchs
14:42:43 [INFO]   G/NG [14:57]: 10 matchs
14:42:46 [INFO]   G/NG [14:59]: 10 matchs
14:42:49 [INFO]   G/NG [15:01]: 10 matchs
14:42:52 [INFO]   G/NG [15:03]: 10 matchs
14:42:52 [INFO] G/NG: 80 cotes → data/cbet_odds.json
14:43:22 [INFO] === FIN 64.4s erreurs=aucune ===
14:45:09 [INFO] === DÉBUT CYCLE mode=results ===
14:45:09 [INFO] === SCRAPE RÉSULTATS (version corrigée) ===
14:45:23 [INFO]   5 clics 'Afficher plus'
14:45:27 [INFO] Résultats: 240 → data/cbet_results.json
14:45:57 [INFO] === FIN 48.3s erreurs=aucune ===
16:34:04 [INFO] === DÉBUT CYCLE mode=1x2 ===
16:34:04 [INFO] === SCRAPE 1X2 ===
16:34:11 [INFO] rounds ignorés (timer courant / hors séquence): ['00:38']
16:34:11 [INFO] 9 rounds retenus / 10 total (10 horodatés)
16:34:12 [INFO]   1X2 [16:36]: 10 matchs
16:34:13 [INFO]   1X2 [16:38]: 10 matchs
16:34:14 [INFO]   1X2 [16:40]: 10 matchs
16:34:16 [INFO]   1X2 [16:42]: 10 matchs
16:34:17 [INFO]   1X2 [16:44]: 10 matchs
16:34:19 [INFO]   1X2 [16:46]: 10 matchs
16:34:20 [INFO]   1X2 [16:48]: 10 matchs
16:34:21 [INFO]   1X2 [16:50]: 10 matchs
16:34:23 [INFO]   1X2 [16:52]: 10 matchs
16:34:23 [INFO] 1X2: 9 rounds → data/congobet_1x2_rounds.json
16:34:23 [INFO] === FIN 19.1s erreurs=aucune ===
16:34:23 [INFO] === DÉBUT CYCLE mode=gng ===
16:34:23 [INFO] === SCRAPE G/NG ===
16:34:32 [INFO] rounds ignorés (timer courant / hors séquence): ['00:17']
16:34:32 [INFO] 9 rounds retenus / 10 total (10 horodatés)
16:34:35 [INFO]   G/NG [16:36]: 10 matchs
16:34:38 [INFO]   G/NG [16:38]: 10 matchs
16:34:41 [INFO]   G/NG [16:40]: 10 matchs
16:34:44 [INFO]   G/NG [16:42]: 10 matchs
16:34:47 [INFO]   G/NG [16:44]: 10 matchs
16:34:50 [INFO]   G/NG [16:46]: 10 matchs
16:34:53 [INFO]   G/NG [16:48]: 10 matchs
16:34:56 [INFO]   G/NG [16:50]: 10 matchs
16:34:59 [INFO]   G/NG [16:52]: 10 matchs
16:34:59 [INFO] G/NG: 90 cotes → data/cbet_odds.json
16:34:59 [INFO] === FIN 36.1s erreurs=aucune ===
16:36:46 [INFO] === DÉBUT CYCLE mode=results ===
16:36:46 [INFO] === SCRAPE RÉSULTATS (version corrigée) ===
16:36:56 [INFO]   3 clics 'Afficher plus'
16:36:58 [INFO] Résultats: 140 → data/cbet_results.json
16:37:28 [INFO] === FIN 42.3s erreurs=aucune ===
18:19:58 [INFO] === DÉBUT CYCLE mode=1x2 ===
18:20:01 [INFO] === SCRAPE 1X2 ===
18:20:08 [WARNING] Impossible de sélectionner 1X2
18:20:08 [INFO] 9 rounds retenus / 10 total (9 horodatés)
18:20:09 [INFO]   1X2 [18:21]: 10 matchs
18:20:10 [INFO]   1X2 [18:23]: 10 matchs
18:20:11 [INFO]   1X2 [18:25]: 10 matchs
18:20:12 [INFO]   1X2 [18:27]: 10 matchs
18:20:14 [INFO]   1X2 [18:29]: 10 matchs
18:20:15 [INFO]   1X2 [18:31]: 10 matchs
18:20:16 [INFO]   1X2 [18:33]: 10 matchs
18:20:17 [INFO]   1X2 [18:35]: 10 matchs
18:20:19 [INFO]   1X2 [18:37]: 10 matchs
18:20:19 [INFO] 1X2: 9 rounds → data/congobet_1x2_rounds.json
18:20:49 [INFO] === FIN 50.5s erreurs=aucune ===
18:20:49 [INFO] === DÉBUT CYCLE mode=gng ===
18:20:49 [INFO] === SCRAPE G/NG ===
18:20:58 [INFO] rounds ignorés (timer courant / hors séquence): ['00:51']
18:20:58 [INFO] 9 rounds retenus / 10 total (10 horodatés)
18:21:00 [INFO]   G/NG [18:23]: 10 matchs
18:21:03 [INFO]   G/NG [18:25]: 10 matchs
18:21:06 [INFO]   G/NG [18:27]: 10 matchs
18:21:09 [INFO]   G/NG [18:29]: 10 matchs
18:21:11 [INFO]   G/NG [18:31]: 10 matchs
18:21:14 [INFO]   G/NG [18:33]: 10 matchs
18:21:17 [INFO]   G/NG [18:35]: 10 matchs
18:21:20 [INFO]   G/NG [18:37]: 10 matchs
18:21:23 [INFO]   G/NG [18:39]: 10 matchs
18:21:23 [INFO] G/NG: 90 cotes → data/cbet_odds.json
18:21:24 [INFO] === FIN 34.7s erreurs=aucune ===
18:23:09 [INFO] === DÉBUT CYCLE mode=results ===
18:23:09 [INFO] === SCRAPE RÉSULTATS (version corrigée) ===
18:23:22 [INFO]   5 clics 'Afficher plus'
18:23:26 [INFO] Résultats: 240 → data/cbet_results.json
18:23:26 [INFO] === FIN 17.3s erreurs=aucune ===
20:09:54 [INFO] === DÉBUT CYCLE mode=1x2 ===
20:09:55 [INFO] === SCRAPE 1X2 ===
20:10:04 [WARNING] Impossible de sélectionner 1X2
20:10:04 [INFO] 9 rounds retenus / 10 total (9 horodatés)
20:10:05 [INFO]   1X2 [20:11]: 10 matchs
20:10:06 [INFO]   1X2 [20:13]: 10 matchs
20:10:08 [INFO]   1X2 [20:15]: 10 matchs
20:10:09 [INFO]   1X2 [20:17]: 10 matchs
20:10:11 [INFO]   1X2 [20:19]: 10 matchs
20:10:12 [INFO]   1X2 [20:21]: 10 matchs
20:10:13 [INFO]   1X2 [20:23]: 10 matchs
20:10:15 [INFO]   1X2 [20:25]: 10 matchs
20:10:16 [INFO]   1X2 [20:27]: 10 matchs
20:10:16 [INFO] 1X2: 9 rounds → data/congobet_1x2_rounds.json
20:10:16 [INFO] === FIN 22.7s erreurs=aucune ===
20:10:16 [INFO] === DÉBUT CYCLE mode=gng ===
20:10:17 [INFO] === SCRAPE G/NG ===
20:10:25 [WARNING] Impossible de sélectionner G/NG
20:10:25 [INFO] === FIN 8.7s erreurs=aucune ===
20:12:10 [INFO] === DÉBUT CYCLE mode=results ===
20:12:10 [INFO] === SCRAPE RÉSULTATS (version corrigée) ===
20:12:19 [INFO]   0 clics 'Afficher plus'
20:12:19 [INFO] Résultats: 30 → data/cbet_results.json
20:12:49 [INFO] === FIN 39.1s erreurs=aucune ===
21:22:30 [INFO] === DÉBUT CYCLE mode=1x2 ===
21:22:30 [INFO] === SCRAPE 1X2 ===
21:22:36 [INFO] rounds ignorés (timer courant / hors séquence): ['02:12']
21:22:36 [INFO] 9 rounds retenus / 10 total (10 horodatés)
21:22:38 [INFO]   1X2 [21:26]: 10 matchs
21:22:39 [INFO]   1X2 [21:28]: 10 matchs
21:22:41 [INFO]   1X2 [21:30]: 10 matchs
21:22:42 [INFO]   1X2 [21:32]: 10 matchs
21:22:43 [INFO]   1X2 [21:34]: 10 matchs
21:22:45 [INFO]   1X2 [21:36]: 10 matchs
21:22:46 [INFO]   1X2 [21:38]: 10 matchs
21:22:48 [INFO]   1X2 [21:40]: 10 matchs
21:22:49 [INFO]   1X2 [21:42]: 10 matchs
21:22:49 [INFO] 1X2: 9 rounds → data/congobet_1x2_rounds.json
21:22:49 [INFO] === FIN 19.5s erreurs=aucune ===
21:22:49 [INFO] === DÉBUT CYCLE mode=gng ===
21:22:50 [INFO] === SCRAPE G/NG ===
21:22:58 [INFO] rounds ignorés (timer courant / hors séquence): ['01:51']
21:22:58 [INFO] 9 rounds retenus / 10 total (10 horodatés)
21:23:01 [INFO]   G/NG [21:26]: 10 matchs
21:23:04 [INFO]   G/NG [21:28]: 10 matchs
21:23:06 [INFO]   G/NG [21:30]: 10 matchs
21:23:09 [INFO]   G/NG [21:32]: 10 matchs
21:23:12 [INFO]   G/NG [21:34]: 10 matchs
21:23:15 [INFO]   G/NG [21:36]: 10 matchs
21:23:18 [INFO]   G/NG [21:38]: 10 matchs
21:23:21 [INFO]   G/NG [21:40]: 10 matchs
21:23:24 [INFO]   G/NG [21:42]: 10 matchs
21:23:24 [INFO] G/NG: 90 cotes → data/cbet_odds.json
21:23:54 [INFO] === FIN 64.7s erreurs=aucune ===
21:25:39 [INFO] === DÉBUT CYCLE mode=results ===
21:25:39 [INFO] === SCRAPE RÉSULTATS (version corrigée) ===
21:25:45 [INFO]   0 clics 'Afficher plus'
21:26:00 [WARNING] Aucun conteneur de résultat trouvé
21:26:00 [INFO] === FIN 21.1s erreurs=aucune ===
22:34:59 [INFO] === DÉBUT CYCLE mode=1x2 ===
22:35:01 [INFO] === SCRAPE 1X2 ===
22:35:09 [WARNING] Impossible de sélectionner 1X2
22:35:09 [INFO] rounds ignorés (timer courant / hors séquence): ['22:36', '22:38']
22:35:09 [INFO] 7 rounds retenus / 10 total (9 horodatés)
22:35:11 [INFO]   1X2 [22:43]: 10 matchs
22:35:12 [INFO]   1X2 [22:45]: 10 matchs
22:35:14 [INFO]   1X2 [22:47]: 10 matchs
22:35:15 [INFO]   1X2 [22:49]: 10 matchs
22:35:16 [INFO]   1X2 [22:51]: 10 matchs
22:35:18 [INFO]   1X2 [22:53]: 10 matchs
22:35:19 [INFO]   1X2 [22:55]: 10 matchs
22:35:19 [INFO] 1X2: 7 rounds → data/congobet_1x2_rounds.json
22:35:49 [INFO] === FIN 50.0s erreurs=aucune ===
22:35:49 [INFO] === DÉBUT CYCLE mode=gng ===
22:35:50 [INFO] === SCRAPE G/NG ===
22:36:01 [INFO] rounds ignorés (timer courant / hors séquence): ['00:48', '22:38']
22:36:01 [INFO] 8 rounds retenus / 10 total (10 horodatés)
22:36:04 [INFO]   G/NG [22:43]: 10 matchs
22:36:07 [INFO]   G/NG [22:45]: 10 matchs
22:36:10 [INFO]   G/NG [22:47]: 10 matchs
22:36:13 [INFO]   G/NG [22:49]: 10 matchs
22:36:16 [INFO]   G/NG [22:51]: 10 matchs
22:36:19 [INFO]   G/NG [22:53]: 10 matchs
22:36:22 [INFO]   G/NG [22:55]: 10 matchs
22:36:25 [INFO]   G/NG [22:57]: 10 matchs
22:36:25 [INFO] G/NG: 80 cotes → data/cbet_odds.json
22:36:55 [INFO] === FIN 65.7s erreurs=aucune ===
22:38:44 [INFO] === DÉBUT CYCLE mode=results ===
22:38:44 [INFO] === SCRAPE RÉSULTATS (version corrigée) ===
22:38:59 [INFO]   5 clics 'Afficher plus'
22:39:04 [INFO] Résultats: 240 → data/cbet_results.json
22:39:04 [INFO] === FIN 19.9s erreurs=aucune ===
23:33:54 [INFO] === DÉBUT CYCLE mode=1x2 ===
23:33:55 [INFO] === SCRAPE 1X2 ===
23:34:01 [WARNING] Impossible de sélectionner 1X2
23:34:01 [INFO] 9 rounds retenus / 10 total (9 horodatés)
23:34:02 [INFO]   1X2 [23:35]: 10 matchs
23:34:03 [INFO]   1X2 [23:37]: 10 matchs
23:34:04 [INFO]   1X2 [23:39]: 10 matchs
23:34:05 [INFO]   1X2 [23:41]: 10 matchs
23:34:07 [INFO]   1X2 [23:43]: 10 matchs
23:34:08 [INFO]   1X2 [23:45]: 10 matchs
23:34:09 [INFO]   1X2 [23:47]: 10 matchs
23:34:11 [INFO]   1X2 [23:49]: 10 matchs
23:34:12 [INFO]   1X2 [23:51]: 10 matchs
23:34:12 [INFO] 1X2: 9 rounds → data/congobet_1x2_rounds.json
23:34:12 [INFO] === FIN 18.6s erreurs=aucune ===
23:34:12 [INFO] === DÉBUT CYCLE mode=gng ===
23:34:13 [INFO] === SCRAPE G/NG ===
23:34:19 [WARNING] Impossible de sélectionner G/NG
23:34:19 [INFO] === FIN 6.5s erreurs=aucune ===
23:36:03 [INFO] === DÉBUT CYCLE mode=results ===
23:36:04 [INFO] === SCRAPE RÉSULTATS (version corrigée) ===
23:36:16 [INFO]   5 clics 'Afficher plus'
23:36:20 [INFO] Résultats: 240 → data/cbet_results.json
23:36:50 [INFO] === FIN 47.0s erreurs=aucune ===
01:26:37 [INFO] === DÉBUT CYCLE mode=1x2 ===
01:26:37 [INFO] === SCRAPE 1X2 ===
01:26:46 [WARNING] Impossible de sélectionner 1X2
01:26:46 [INFO] 9 rounds retenus / 10 total (9 horodatés)
01:26:47 [INFO]   1X2 [01:27]: 10 matchs
01:26:48 [INFO]   1X2 [01:29]: 10 matchs
01:26:50 [INFO]   1X2 [01:31]: 10 matchs
01:26:51 [INFO]   1X2 [01:33]: 10 matchs
01:26:53 [INFO]   1X2 [01:35]: 10 matchs
01:26:54 [INFO]   1X2 [01:37]: 10 matchs
01:26:55 [INFO]   1X2 [01:39]: 10 matchs
01:26:57 [INFO]   1X2 [01:41]: 10 matchs
01:26:58 [INFO]   1X2 [01:43]: 10 matchs
01:26:58 [INFO] 1X2: 9 rounds → data/congobet_1x2_rounds.json
01:27:28 [INFO] === FIN 51.5s erreurs=aucune ===
01:27:28 [INFO] === DÉBUT CYCLE mode=gng ===
01:27:29 [INFO] === SCRAPE G/NG ===
01:27:40 [INFO] rounds ignorés (timer courant / hors séquence): ['00:09']
01:27:40 [INFO] 9 rounds retenus / 10 total (10 horodatés)
01:27:43 [INFO]   G/NG [01:29]: 10 matchs
01:27:46 [INFO]   G/NG [01:31]: 10 matchs
01:27:49 [INFO]   G/NG [01:33]: 10 matchs
01:27:52 [INFO]   G/NG [01:35]: 10 matchs
01:27:55 [INFO]   G/NG [01:37]: 10 matchs
01:27:58 [INFO]   G/NG [01:39]: 10 matchs
01:28:01 [INFO]   G/NG [01:41]: 10 matchs
01:28:04 [INFO]   G/NG [01:43]: 10 matchs
01:28:07 [INFO]   G/NG [01:45]: 10 matchs
01:28:07 [INFO] G/NG: 90 cotes → data/cbet_odds.json
01:28:38 [INFO] === FIN 69.2s erreurs=aucune ===
01:30:27 [INFO] === DÉBUT CYCLE mode=results ===
01:30:27 [INFO] === SCRAPE RÉSULTATS (version corrigée) ===
01:30:35 [INFO]   0 clics 'Afficher plus'
01:30:36 [INFO] Résultats: 40 → data/cbet_results.json
01:31:06 [INFO] === FIN 39.4s erreurs=aucune ===
05:12:01 [INFO] === DÉBUT CYCLE mode=1x2 ===
05:12:01 [INFO] === SCRAPE 1X2 ===
05:12:10 [WARNING] Impossible de sélectionner 1X2
05:12:10 [INFO] rounds ignorés (timer courant / hors séquence): ['05:13']
05:12:10 [INFO] 8 rounds retenus / 10 total (9 horodatés)
05:12:12 [INFO]   1X2 [05:18]: 10 matchs
05:12:13 [INFO]   1X2 [05:20]: 10 matchs
05:12:15 [INFO]   1X2 [05:22]: 10 matchs
05:12:16 [INFO]   1X2 [05:24]: 10 matchs
05:12:17 [INFO]   1X2 [05:26]: 10 matchs
05:12:19 [INFO]   1X2 [05:28]: 10 matchs
05:12:20 [INFO]   1X2 [05:30]: 10 matchs
05:12:22 [INFO]   1X2 [05:32]: 10 matchs
05:12:22 [INFO] 1X2: 8 rounds → data/congobet_1x2_rounds.json
05:12:22 [INFO] === FIN 20.9s erreurs=aucune ===
05:12:22 [INFO] === DÉBUT CYCLE mode=gng ===
05:12:22 [INFO] === SCRAPE G/NG ===
05:12:31 [WARNING] Impossible de sélectionner G/NG
05:12:31 [INFO] === FIN 9.2s erreurs=aucune ===
05:14:16 [INFO] === DÉBUT CYCLE mode=results ===
05:14:16 [INFO] === SCRAPE RÉSULTATS (version corrigée) ===
05:14:31 [INFO]   5 clics 'Afficher plus'
05:14:36 [INFO] Résultats: 240 → data/cbet_results.json
05:15:06 [INFO] === FIN 49.9s erreurs=aucune ===
08:20:04 [INFO] === DÉBUT CYCLE mode=1x2 ===
08:20:06 [INFO] === SCRAPE 1X2 ===
08:20:12 [INFO] rounds ignorés (timer courant / hors séquence): ['00:36']
08:20:12 [INFO] 9 rounds retenus / 10 total (10 horodatés)
08:20:14 [INFO]   1X2 [08:22]: 10 matchs
08:20:15 [INFO]   1X2 [08:24]: 10 matchs
08:20:16 [INFO]   1X2 [08:26]: 10 matchs
08:20:17 [INFO]   1X2 [08:28]: 10 matchs
08:20:19 [INFO]   1X2 [08:30]: 10 matchs
08:20:20 [INFO]   1X2 [08:32]: 10 matchs
08:20:22 [INFO]   1X2 [08:34]: 10 matchs
08:20:23 [INFO]   1X2 [08:36]: 10 matchs
08:20:24 [INFO]   1X2 [08:38]: 10 matchs
08:20:24 [INFO] 1X2: 9 rounds → data/congobet_1x2_rounds.json
08:20:24 [INFO] === FIN 20.5s erreurs=aucune ===
08:20:25 [INFO] === DÉBUT CYCLE mode=gng ===
08:20:25 [INFO] === SCRAPE G/NG ===
08:20:34 [INFO] rounds ignorés (timer courant / hors séquence): ['00:15']
08:20:34 [INFO] 9 rounds retenus / 10 total (10 horodatés)
08:20:37 [INFO]   G/NG [08:22]: 10 matchs
08:20:40 [INFO]   G/NG [08:24]: 10 matchs
08:20:42 [INFO]   G/NG [08:26]: 10 matchs
08:20:45 [INFO]   G/NG [08:28]: 10 matchs
08:20:48 [INFO]   G/NG [08:30]: 10 matchs
08:20:51 [INFO]   G/NG [08:32]: 10 matchs
08:20:54 [INFO]   G/NG [08:34]: 10 matchs
08:20:57 [INFO]   G/NG [08:36]: 10 matchs
08:21:00 [INFO]   G/NG [08:38]: 10 matchs
08:21:00 [INFO] G/NG: 90 cotes → data/cbet_odds.json
08:21:00 [INFO] === FIN 35.6s erreurs=aucune ===
08:22:45 [INFO] === DÉBUT CYCLE mode=results ===
08:22:46 [INFO] === SCRAPE RÉSULTATS (version corrigée) ===
08:22:55 [INFO]   3 clics 'Afficher plus'
08:22:57 [INFO] Résultats: 130 → data/cbet_results.json
08:23:28 [INFO] === FIN 42.4s erreurs=aucune ===
10:40:41 [INFO] === DÉBUT CYCLE mode=1x2 ===
10:40:42 [INFO] === SCRAPE 1X2 ===
10:40:48 [INFO] rounds ignorés (timer courant / hors séquence): ['00:01']
10:40:48 [INFO] 9 rounds retenus / 10 total (10 horodatés)
10:40:50 [INFO]   1X2 [10:42]: 10 matchs
10:40:51 [INFO]   1X2 [10:44]: 10 matchs
10:40:52 [INFO]   1X2 [10:46]: 10 matchs
10:40:54 [INFO]   1X2 [10:48]: 10 matchs
10:40:55 [INFO]   1X2 [10:50]: 10 matchs
10:40:57 [INFO]   1X2 [10:52]: 10 matchs
10:40:58 [INFO]   1X2 [10:54]: 10 matchs
10:40:59 [INFO]   1X2 [10:56]: 10 matchs
10:41:01 [INFO]   1X2 [10:58]: 10 matchs
10:41:01 [INFO] 1X2: 9 rounds → data/congobet_1x2_rounds.json
10:41:31 [INFO] === FIN 49.7s erreurs=aucune ===
10:41:33 [INFO] === DÉBUT CYCLE mode=gng ===
10:41:34 [INFO] === SCRAPE G/NG ===
10:41:40 [WARNING] Impossible de sélectionner G/NG
10:42:10 [INFO] === FIN 37.1s erreurs=aucune ===
10:43:57 [INFO] === DÉBUT CYCLE mode=results ===
10:43:57 [INFO] === SCRAPE RÉSULTATS (version corrigée) ===
10:44:04 [INFO]   1 clics 'Afficher plus'
10:44:05 [INFO] Résultats: 50 → data/cbet_results.json
10:44:35 [INFO] === FIN 38.4s erreurs=aucune ===
12:24:30 [INFO] === DÉBUT CYCLE mode=1x2 ===
12:24:31 [INFO] === SCRAPE 1X2 ===
12:24:39 [WARNING] Impossible de sélectionner 1X2
12:24:39 [INFO] 9 rounds retenus / 10 total (9 horodatés)
12:24:41 [INFO]   1X2 [12:25]: 10 matchs
12:24:42 [INFO]   1X2 [12:27]: 10 matchs
12:24:44 [INFO]   1X2 [12:29]: 10 matchs
12:24:45 [INFO]   1X2 [12:31]: 10 matchs
12:24:46 [INFO]   1X2 [12:33]: 10 matchs
12:24:48 [INFO]   1X2 [12:35]: 10 matchs
12:24:49 [INFO]   1X2 [12:37]: 10 matchs
12:24:51 [INFO]   1X2 [12:39]: 10 matchs
12:24:52 [INFO]   1X2 [12:41]: 10 matchs
12:24:52 [INFO] 1X2: 9 rounds → data/congobet_1x2_rounds.json
12:25:23 [INFO] === FIN 52.7s erreurs=aucune ===
12:25:27 [INFO] === DÉBUT CYCLE mode=gng ===
12:25:29 [INFO] === SCRAPE G/NG ===
12:25:39 [INFO] rounds ignorés (timer courant / hors séquence): ['00:10']
12:25:39 [INFO] 9 rounds retenus / 10 total (10 horodatés)
12:25:42 [INFO]   G/NG [12:27]: 10 matchs
12:25:45 [INFO]   G/NG [12:29]: 10 matchs
12:25:48 [INFO]   G/NG [12:31]: 10 matchs
12:25:51 [INFO]   G/NG [12:33]: 10 matchs
12:25:55 [INFO]   G/NG [12:35]: 10 matchs
12:25:58 [INFO]   G/NG [12:37]: 10 matchs
12:26:01 [INFO]   G/NG [12:39]: 10 matchs
12:26:04 [INFO]   G/NG [12:41]: 10 matchs
12:26:07 [INFO]   G/NG [12:43]: 10 matchs
12:26:07 [INFO] G/NG: 90 cotes → data/cbet_odds.json
12:26:07 [INFO] === FIN 40.7s erreurs=aucune ===
12:27:53 [INFO] === DÉBUT CYCLE mode=results ===
12:27:53 [INFO] === SCRAPE RÉSULTATS (version corrigée) ===
12:28:07 [INFO]   4 clics 'Afficher plus'
12:28:11 [INFO] Résultats: 170 → data/cbet_results.json
12:28:41 [INFO] === FIN 48.2s erreurs=aucune ===
14:45:16 [INFO] === DÉBUT CYCLE mode=1x2 ===
14:45:17 [INFO] === SCRAPE 1X2 ===
14:45:26 [INFO] rounds ignorés (timer courant / hors séquence): ['00:24']
14:45:26 [INFO] 9 rounds retenus / 10 total (10 horodatés)
14:45:27 [INFO]   1X2 [14:47]: 10 matchs
14:45:28 [INFO]   1X2 [14:49]: 10 matchs
14:45:30 [INFO]   1X2 [14:51]: 10 matchs
14:45:31 [INFO]   1X2 [14:53]: 10 matchs
14:45:33 [INFO]   1X2 [14:55]: 10 matchs
14:45:34 [INFO]   1X2 [14:57]: 10 matchs
14:45:35 [INFO]   1X2 [14:59]: 10 matchs
14:45:37 [INFO]   1X2 [15:01]: 10 matchs
14:45:38 [INFO]   1X2 [15:03]: 10 matchs
14:45:38 [INFO] 1X2: 9 rounds → data/congobet_1x2_rounds.json
14:45:38 [INFO] === FIN 22.4s erreurs=aucune ===
14:45:38 [INFO] === DÉBUT CYCLE mode=gng ===
14:45:39 [INFO] === SCRAPE G/NG ===
14:45:48 [INFO] rounds ignorés (timer courant / hors séquence): ['00:01']
14:45:48 [INFO] 9 rounds retenus / 10 total (10 horodatés)
14:45:51 [INFO]   G/NG [14:47]: 10 matchs
14:45:54 [INFO]   G/NG [14:49]: 10 matchs
14:45:57 [INFO]   G/NG [14:51]: 10 matchs
14:46:00 [INFO]   G/NG [14:53]: 10 matchs
14:46:04 [INFO]   G/NG [14:55]: 10 matchs
14:46:07 [INFO]   G/NG [14:57]: 10 matchs
14:46:10 [INFO]   G/NG [14:59]: 10 matchs
14:46:13 [INFO]   G/NG [15:01]: 10 matchs
14:46:16 [INFO]   G/NG [15:03]: 10 matchs
14:46:16 [INFO] G/NG: 90 cotes → data/cbet_odds.json
14:46:47 [INFO] === FIN 67.8s erreurs=aucune ===
14:48:34 [INFO] === DÉBUT CYCLE mode=results ===
14:48:35 [INFO] === SCRAPE RÉSULTATS (version corrigée) ===
14:48:43 [INFO]   1 clics 'Afficher plus'
14:48:45 [INFO] Résultats: 80 → data/cbet_results.json
14:48:45 [INFO] === FIN 10.2s erreurs=aucune ===
16:32:49 [INFO] === DÉBUT CYCLE mode=1x2 ===
16:32:50 [INFO] === SCRAPE 1X2 ===
16:32:58 [WARNING] Impossible de sélectionner 1X2
16:32:58 [INFO] 9 rounds retenus / 10 total (9 horodatés)
16:33:00 [INFO]   1X2 [16:34]: 10 matchs
16:33:01 [INFO]   1X2 [16:36]: 10 matchs
16:33:03 [INFO]   1X2 [16:38]: 10 matchs
16:33:04 [INFO]   1X2 [16:40]: 10 matchs
16:33:05 [INFO]   1X2 [16:42]: 10 matchs
16:33:07 [INFO]   1X2 [16:44]: 10 matchs
16:33:08 [INFO]   1X2 [16:46]: 10 matchs
16:33:10 [INFO]   1X2 [16:48]: 10 matchs
16:33:11 [INFO]   1X2 [16:50]: 10 matchs
16:33:11 [INFO] 1X2: 9 rounds → data/congobet_1x2_rounds.json
16:33:11 [INFO] === FIN 22.2s erreurs=aucune ===
16:33:11 [INFO] === DÉBUT CYCLE mode=gng ===
16:33:12 [INFO] === SCRAPE G/NG ===
16:33:20 [WARNING] Impossible de sélectionner G/NG
16:33:50 [INFO] === FIN 38.6s erreurs=aucune ===
16:35:36 [INFO] === DÉBUT CYCLE mode=results ===
16:35:37 [INFO] === SCRAPE RÉSULTATS (version corrigée) ===
16:35:51 [INFO]   5 clics 'Afficher plus'
16:35:55 [INFO] Résultats: 220 → data/cbet_results.json
16:36:25 [INFO] === FIN 48.5s erreurs=aucune ===
18:09:49 [INFO] === DÉBUT CYCLE mode=1x2 ===
18:09:50 [INFO] === SCRAPE 1X2 ===
18:09:56 [WARNING] Impossible de sélectionner 1X2
18:09:56 [INFO] rounds ignorés (timer courant / hors séquence): ['18:11', '18:13', '18:15', '18:17', '18:19', '18:21', '18:23']
18:09:56 [INFO] 2 rounds retenus / 10 total (9 horodatés)
18:09:58 [INFO]   1X2 [18:28]: 10 matchs
18:09:59 [INFO]   1X2 [18:30]: 10 matchs
18:09:59 [INFO] 1X2: 2 rounds → data/congobet_1x2_rounds.json
18:09:59 [INFO] === FIN 10.2s erreurs=aucune ===
18:10:00 [INFO] === DÉBUT CYCLE mode=gng ===
18:10:00 [INFO] === SCRAPE G/NG ===
18:10:06 [WARNING] Impossible de sélectionner G/NG
18:10:36 [INFO] === FIN 36.6s erreurs=aucune ===
18:12:25 [INFO] === DÉBUT CYCLE mode=results ===
18:12:25 [INFO] === SCRAPE RÉSULTATS (version corrigée) ===
18:12:37 [INFO]   5 clics 'Afficher plus'
18:12:42 [INFO] Résultats: 240 → data/cbet_results.json
18:12:42 [INFO] === FIN 17.3s erreurs=aucune ===
19:53:30 [INFO] === DÉBUT CYCLE mode=1x2 ===
19:53:32 [INFO] === SCRAPE 1X2 ===
19:53:41 [INFO] rounds ignorés (timer courant / hors séquence): ['00:09']
19:53:41 [INFO] 9 rounds retenus / 10 total (10 horodatés)
19:53:42 [INFO]   1X2 [19:55]: 10 matchs
19:53:44 [INFO]   1X2 [19:57]: 10 matchs
19:53:45 [INFO]   1X2 [19:59]: 10 matchs
19:53:46 [INFO]   1X2 [20:01]: 10 matchs
19:53:48 [INFO]   1X2 [20:03]: 10 matchs
19:53:49 [INFO]   1X2 [20:05]: 10 matchs
19:53:51 [INFO]   1X2 [20:07]: 10 matchs
19:53:52 [INFO]   1X2 [20:09]: 10 matchs
19:53:53 [INFO]   1X2 [20:11]: 10 matchs
19:53:53 [INFO] 1X2: 9 rounds → data/congobet_1x2_rounds.json
19:53:53 [INFO] === FIN 23.0s erreurs=aucune ===
19:53:54 [INFO] === DÉBUT CYCLE mode=gng ===
19:53:54 [INFO] === SCRAPE G/NG ===
19:54:02 [WARNING] Impossible de sélectionner G/NG
19:54:32 [INFO] === FIN 38.6s erreurs=aucune ===
19:56:17 [INFO] === DÉBUT CYCLE mode=results ===
19:56:18 [INFO] === SCRAPE RÉSULTATS (version corrigée) ===
19:56:26 [INFO]   0 clics 'Afficher plus'
19:56:27 [INFO] Résultats: 40 → data/cbet_results.json
19:56:57 [INFO] === FIN 39.4s erreurs=aucune ===
20:51:17 [INFO] === DÉBUT CYCLE mode=1x2 ===
20:51:20 [INFO] === SCRAPE 1X2 ===
20:51:26 [INFO] rounds ignorés (timer courant / hors séquence): ['00:22', '20:53', '20:55', '20:57', '20:59', '21:01']
20:51:26 [INFO] 4 rounds retenus / 10 total (10 horodatés)
20:51:28 [INFO]   1X2 [21:06]: 10 matchs
20:51:29 [INFO]   1X2 [21:08]: 10 matchs
20:51:31 [INFO]   1X2 [21:10]: 10 matchs
20:51:32 [INFO]   1X2 [21:12]: 10 matchs
20:51:32 [INFO] 1X2: 4 rounds → data/congobet_1x2_rounds.json
20:52:02 [INFO] === FIN 44.8s erreurs=aucune ===
20:52:03 [INFO] === DÉBUT CYCLE mode=gng ===
20:52:04 [INFO] === SCRAPE G/NG ===
20:52:10 [WARNING] Impossible de sélectionner G/NG
20:52:40 [INFO] === FIN 36.5s erreurs=aucune ===
20:54:28 [INFO] === DÉBUT CYCLE mode=results ===
20:54:29 [INFO] === SCRAPE RÉSULTATS (version corrigée) ===
20:54:41 [INFO]   5 clics 'Afficher plus'
20:54:45 [INFO] Résultats: 240 → data/cbet_results.json
20:54:45 [INFO] === FIN 17.2s erreurs=aucune ===
21:44:14 [INFO] === DÉBUT CYCLE mode=1x2 ===
21:44:16 [INFO] === SCRAPE 1X2 ===
21:44:25 [INFO] rounds ignorés (timer courant / hors séquence): ['00:24']
21:44:25 [INFO] 9 rounds retenus / 10 total (10 horodatés)
21:44:26 [INFO]   1X2 [21:46]: 10 matchs
21:44:28 [INFO]   1X2 [21:48]: 10 matchs
21:44:29 [INFO]   1X2 [21:50]: 10 matchs
21:44:30 [INFO]   1X2 [21:52]: 10 matchs
21:44:32 [INFO]   1X2 [21:54]: 10 matchs
21:44:33 [INFO]   1X2 [21:56]: 10 matchs
21:44:35 [INFO]   1X2 [21:58]: 10 matchs
21:44:36 [INFO]   1X2 [22:00]: 10 matchs
21:44:37 [INFO]   1X2 [22:02]: 10 matchs
21:44:37 [INFO] 1X2: 9 rounds → data/congobet_1x2_rounds.json
21:45:08 [INFO] === FIN 53.1s erreurs=aucune ===
21:45:08 [INFO] === DÉBUT CYCLE mode=gng ===
21:45:08 [INFO] === SCRAPE G/NG ===
21:45:17 [WARNING] Impossible de sélectionner G/NG
21:45:17 [INFO] === FIN 9.2s erreurs=aucune ===
21:47:03 [INFO] === DÉBUT CYCLE mode=results ===
21:47:03 [INFO] === SCRAPE RÉSULTATS (version corrigée) ===
21:47:17 [INFO]   4 clics 'Afficher plus'
21:47:20 [INFO] Résultats: 200 → data/cbet_results.json
21:47:50 [INFO] === FIN 47.6s erreurs=aucune ===
22:40:00 [INFO] === DÉBUT CYCLE mode=1x2 ===
22:40:01 [INFO] === SCRAPE 1X2 ===
22:40:09 [WARNING] Impossible de sélectionner 1X2
22:40:09 [INFO] 9 rounds retenus / 10 total (9 horodatés)
22:40:11 [INFO]   1X2 [22:41]: 10 matchs
22:40:12 [INFO]   1X2 [22:43]: 10 matchs
22:40:13 [INFO]   1X2 [22:45]: 10 matchs
22:40:15 [INFO]   1X2 [22:47]: 10 matchs
22:40:16 [INFO]   1X2 [22:49]: 10 matchs
22:40:18 [INFO]   1X2 [22:51]: 10 matchs
22:40:19 [INFO]   1X2 [22:53]: 10 matchs
22:40:20 [INFO]   1X2 [22:55]: 10 matchs
22:40:22 [INFO]   1X2 [22:57]: 10 matchs
22:40:22 [INFO] 1X2: 9 rounds → data/congobet_1x2_rounds.json
22:40:22 [INFO] === FIN 22.1s erreurs=aucune ===
22:40:22 [INFO] === DÉBUT CYCLE mode=gng ===
22:40:22 [INFO] === SCRAPE G/NG ===
22:40:30 [WARNING] Impossible de sélectionner G/NG
22:41:01 [INFO] === FIN 38.4s erreurs=aucune ===
22:42:46 [INFO] === DÉBUT CYCLE mode=results ===
22:42:47 [INFO] === SCRAPE RÉSULTATS (version corrigée) ===
22:42:57 [INFO]   2 clics 'Afficher plus'
22:42:58 [INFO] Résultats: 90 → data/cbet_results.json
22:43:28 [INFO] === FIN 41.8s erreurs=aucune ===
23:37:23 [INFO] === DÉBUT CYCLE mode=1x2 ===
23:37:24 [INFO] === SCRAPE 1X2 ===
23:37:32 [INFO] rounds ignorés (timer courant / hors séquence): ['00:18', '23:39']
23:37:32 [INFO] 8 rounds retenus / 10 total (10 horodatés)
23:37:33 [INFO]   1X2 [23:44]: 10 matchs
23:37:34 [INFO]   1X2 [23:46]: 10 matchs
23:37:36 [INFO]   1X2 [23:48]: 10 matchs
23:37:37 [INFO]   1X2 [23:50]: 10 matchs
23:37:38 [INFO]   1X2 [23:52]: 10 matchs
23:37:40 [INFO]   1X2 [23:54]: 10 matchs
23:37:41 [INFO]   1X2 [23:56]: 10 matchs
23:37:43 [INFO]   1X2 [23:58]: 10 matchs
23:37:43 [INFO] 1X2: 8 rounds → data/congobet_1x2_rounds.json
23:38:13 [INFO] === FIN 49.6s erreurs=aucune ===
23:38:13 [INFO] === DÉBUT CYCLE mode=gng ===
23:38:13 [INFO] === SCRAPE G/NG ===
23:38:20 [WARNING] Impossible de sélectionner G/NG
23:38:50 [INFO] === FIN 37.7s erreurs=aucune ===
23:40:35 [INFO] === DÉBUT CYCLE mode=results ===
23:40:36 [INFO] === SCRAPE RÉSULTATS (version corrigée) ===
23:40:49 [INFO]   5 clics 'Afficher plus'
23:40:53 [INFO] Résultats: 240 → data/cbet_results.json
23:41:24 [INFO] === FIN 48.1s erreurs=aucune ===
01:22:24 [INFO] === DÉBUT CYCLE mode=1x2 ===
01:22:26 [INFO] === SCRAPE 1X2 ===
01:22:34 [WARNING] Impossible de sélectionner 1X2
01:22:34 [INFO] 9 rounds retenus / 10 total (9 horodatés)
01:22:36 [INFO]   1X2 [01:23]: 10 matchs
01:22:37 [INFO]   1X2 [01:25]: 10 matchs
01:22:39 [INFO]   1X2 [01:27]: 10 matchs
01:22:40 [INFO]   1X2 [01:29]: 10 matchs
01:22:41 [INFO]   1X2 [01:31]: 10 matchs
01:22:43 [INFO]   1X2 [01:33]: 10 matchs
01:22:44 [INFO]   1X2 [01:35]: 10 matchs
01:22:46 [INFO]   1X2 [01:37]: 10 matchs
01:22:47 [INFO]   1X2 [01:39]: 10 matchs
01:22:47 [INFO] 1X2: 9 rounds → data/congobet_1x2_rounds.json
01:23:17 [INFO] === FIN 53.1s erreurs=aucune ===
01:23:17 [INFO] === DÉBUT CYCLE mode=gng ===
01:23:18 [INFO] === SCRAPE G/NG ===
01:23:28 [INFO] rounds ignorés (timer courant / hors séquence): ['00:20']
01:23:28 [INFO] 9 rounds retenus / 10 total (10 horodatés)
01:23:31 [INFO]   G/NG [01:25]: 10 matchs
01:23:34 [INFO]   G/NG [01:27]: 10 matchs
01:23:37 [INFO]   G/NG [01:29]: 10 matchs
01:23:41 [INFO]   G/NG [01:31]: 10 matchs
01:23:44 [INFO]   G/NG [01:33]: 10 matchs
01:23:47 [INFO]   G/NG [01:35]: 10 matchs
01:23:50 [INFO]   G/NG [01:37]: 10 matchs
01:23:53 [INFO]   G/NG [01:39]: 10 matchs
01:23:56 [INFO]   G/NG [01:41]: 10 matchs
01:23:56 [INFO] G/NG: 90 cotes → data/cbet_odds.json
01:24:26 [INFO] === FIN 68.7s erreurs=aucune ===
01:26:11 [INFO] === DÉBUT CYCLE mode=results ===
01:26:12 [INFO] === SCRAPE RÉSULTATS (version corrigée) ===
01:26:23 [INFO]   2 clics 'Afficher plus'
01:26:25 [INFO] Résultats: 110 → data/cbet_results.json
01:26:55 [INFO] === FIN 43.7s erreurs=aucune ===
04:43:56 [INFO] === DÉBUT CYCLE mode=1x2 ===
04:43:58 [INFO] === SCRAPE 1X2 ===
04:44:04 [WARNING] Impossible de sélectionner 1X2
04:44:04 [INFO] rounds ignorés (timer courant / hors séquence): ['04:45', '04:47', '04:49', '04:51', '04:53', '04:55']
04:44:04 [INFO] 3 rounds retenus / 10 total (9 horodatés)
04:44:06 [INFO]   1X2 [05:00]: 10 matchs
04:44:07 [INFO]   1X2 [05:02]: 10 matchs
04:44:09 [INFO]   1X2 [05:04]: 10 matchs
04:44:09 [INFO] 1X2: 3 rounds → data/congobet_1x2_rounds.json
04:44:09 [INFO] === FIN 12.9s erreurs=aucune ===
04:44:09 [INFO] === DÉBUT CYCLE mode=gng ===
04:44:09 [INFO] === SCRAPE G/NG ===
04:44:15 [WARNING] Impossible de sélectionner G/NG
04:44:45 [INFO] === FIN 36.5s erreurs=aucune ===
04:46:31 [INFO] === DÉBUT CYCLE mode=results ===
04:46:31 [INFO] === SCRAPE RÉSULTATS (version corrigée) ===
04:46:43 [INFO]   5 clics 'Afficher plus'
04:46:48 [INFO] Résultats: 240 → data/cbet_results.json
04:46:48 [INFO] === FIN 17.2s erreurs=aucune ===
07:06:30 [INFO] === DÉBUT CYCLE mode=1x2 ===
07:06:30 [INFO] === SCRAPE 1X2 ===
07:06:37 [WARNING] Impossible de sélectionner 1X2
07:06:37 [INFO] 9 rounds retenus / 10 total (9 horodatés)
07:06:38 [INFO]   1X2 [07:07]: 10 matchs
07:06:40 [INFO]   1X2 [07:09]: 10 matchs
07:06:41 [INFO]   1X2 [07:11]: 10 matchs
07:06:42 [INFO]   1X2 [07:13]: 10 matchs
07:06:43 [INFO]   1X2 [07:15]: 10 matchs
07:06:44 [INFO]   1X2 [07:17]: 10 matchs
07:06:45 [INFO]   1X2 [07:19]: 10 matchs
07:06:46 [INFO]   1X2 [07:21]: 10 matchs
07:06:47 [INFO]   1X2 [07:23]: 10 matchs
07:06:47 [INFO] 1X2: 9 rounds → data/congobet_1x2_rounds.json
07:06:47 [INFO] === FIN 17.1s erreurs=aucune ===
07:06:47 [INFO] === DÉBUT CYCLE mode=gng ===
07:06:47 [INFO] === SCRAPE G/NG ===
07:06:56 [INFO] rounds ignorés (timer courant / hors séquence): ['00:53']
07:06:56 [INFO] 9 rounds retenus / 10 total (10 horodatés)
07:06:59 [INFO]   G/NG [07:09]: 10 matchs
07:07:02 [INFO]   G/NG [07:11]: 10 matchs
07:07:05 [INFO]   G/NG [07:13]: 10 matchs
07:07:07 [INFO]   G/NG [07:15]: 10 matchs
07:07:10 [INFO]   G/NG [07:17]: 10 matchs
07:07:13 [INFO]   G/NG [07:19]: 10 matchs
07:07:16 [INFO]   G/NG [07:21]: 10 matchs
07:07:19 [INFO]   G/NG [07:23]: 10 matchs
07:07:22 [INFO]   G/NG [07:25]: 10 matchs
07:07:22 [INFO] G/NG: 90 cotes → data/cbet_odds.json
07:07:52 [INFO] === FIN 65.1s erreurs=aucune ===
07:09:40 [INFO] === DÉBUT CYCLE mode=results ===
07:09:40 [INFO] === SCRAPE RÉSULTATS (version corrigée) ===
07:09:52 [INFO]   5 clics 'Afficher plus'
07:09:57 [INFO] Résultats: 240 → data/cbet_results.json
07:09:57 [INFO] === FIN 17.5s erreurs=aucune ===
08:58:24 [INFO] === DÉBUT CYCLE mode=1x2 ===
08:58:25 [INFO] === SCRAPE 1X2 ===
08:58:32 [WARNING] Impossible de sélectionner 1X2
08:58:32 [INFO] 9 rounds retenus / 10 total (9 horodatés)
08:58:33 [INFO]   1X2 [08:59]: 10 matchs
08:58:34 [INFO]   1X2 [09:01]: 10 matchs
08:58:35 [INFO]   1X2 [09:03]: 10 matchs
08:58:36 [INFO]   1X2 [09:05]: 10 matchs
08:58:38 [INFO]   1X2 [09:07]: 10 matchs
08:58:39 [INFO]   1X2 [09:09]: 10 matchs
08:58:40 [INFO]   1X2 [09:11]: 10 matchs
08:58:42 [INFO]   1X2 [09:13]: 10 matchs
08:58:43 [INFO]   1X2 [09:15]: 10 matchs
08:58:43 [INFO] 1X2: 9 rounds → data/congobet_1x2_rounds.json
08:59:14 [INFO] === FIN 49.8s erreurs=aucune ===
08:59:16 [INFO] === DÉBUT CYCLE mode=gng ===
08:59:17 [INFO] === SCRAPE G/NG ===
08:59:25 [INFO] rounds ignorés (timer courant / hors séquence): ['00:24']
08:59:25 [INFO] 9 rounds retenus / 10 total (10 horodatés)
08:59:28 [INFO]   G/NG [09:01]: 10 matchs
08:59:30 [INFO]   G/NG [09:03]: 10 matchs
08:59:33 [INFO]   G/NG [09:05]: 10 matchs
08:59:36 [INFO]   G/NG [09:07]: 10 matchs
08:59:40 [INFO]   G/NG [09:09]: 10 matchs
08:59:42 [INFO]   G/NG [09:11]: 10 matchs
08:59:45 [INFO]   G/NG [09:13]: 10 matchs
08:59:48 [INFO]   G/NG [09:15]: 10 matchs
08:59:51 [INFO]   G/NG [09:17]: 10 matchs
08:59:51 [INFO] G/NG: 90 cotes → data/cbet_odds.json
09:00:21 [INFO] === FIN 64.8s erreurs=aucune ===
09:02:07 [INFO] === DÉBUT CYCLE mode=results ===
09:02:07 [INFO] === SCRAPE RÉSULTATS (version corrigée) ===
09:02:13 [INFO]   0 clics 'Afficher plus'
09:02:13 [INFO] Résultats: 20 → data/cbet_results.json
09:02:13 [INFO] === FIN 6.6s erreurs=aucune ===
10:19:02 [INFO] === DÉBUT CYCLE mode=1x2 ===
10:19:03 [INFO] === SCRAPE 1X2 ===
10:19:10 [WARNING] Impossible de sélectionner 1X2
10:19:10 [INFO] 9 rounds retenus / 10 total (9 horodatés)
10:19:11 [INFO]   1X2 [10:20]: 10 matchs
10:19:12 [INFO]   1X2 [10:22]: 10 matchs
10:19:14 [INFO]   1X2 [10:24]: 10 matchs
10:19:15 [INFO]   1X2 [10:26]: 10 matchs
10:19:17 [INFO]   1X2 [10:28]: 10 matchs
10:19:18 [INFO]   1X2 [10:30]: 10 matchs
10:19:19 [INFO]   1X2 [10:32]: 10 matchs
10:19:20 [INFO]   1X2 [10:34]: 10 matchs
10:19:22 [INFO]   1X2 [10:36]: 10 matchs
10:19:22 [INFO] 1X2: 9 rounds → data/congobet_1x2_rounds.json
10:19:22 [INFO] === FIN 20.2s erreurs=aucune ===
10:19:22 [INFO] === DÉBUT CYCLE mode=gng ===
10:19:22 [INFO] === SCRAPE G/NG ===
10:19:28 [WARNING] Impossible de sélectionner G/NG
10:19:58 [INFO] === FIN 36.5s erreurs=aucune ===
10:21:43 [INFO] === DÉBUT CYCLE mode=results ===
10:21:43 [INFO] === SCRAPE RÉSULTATS (version corrigée) ===
10:21:49 [INFO]   0 clics 'Afficher plus'
10:21:50 [INFO] Résultats: 20 → data/cbet_results.json
10:22:20 [INFO] === FIN 36.6s erreurs=aucune ===
11:29:45 [INFO] === DÉBUT CYCLE mode=1x2 ===
11:29:46 [INFO] === SCRAPE 1X2 ===
11:29:53 [INFO] rounds ignorés (timer courant / hors séquence): ['00:56']
11:29:53 [INFO] 9 rounds retenus / 10 total (10 horodatés)
11:29:55 [INFO]   1X2 [11:35]: 10 matchs
11:29:56 [INFO]   1X2 [11:37]: 10 matchs
11:29:58 [INFO]   1X2 [11:39]: 10 matchs
11:29:59 [INFO]   1X2 [11:41]: 10 matchs
11:30:00 [INFO]   1X2 [11:43]: 10 matchs
11:30:02 [INFO]   1X2 [11:45]: 10 matchs
11:30:03 [INFO]   1X2 [11:47]: 10 matchs
11:30:04 [INFO]   1X2 [11:49]: 10 matchs
11:30:06 [INFO]   1X2 [11:51]: 10 matchs
11:30:06 [INFO] 1X2: 9 rounds → data/congobet_1x2_rounds.json
11:30:06 [INFO] === FIN 21.3s erreurs=aucune ===
11:30:06 [INFO] === DÉBUT CYCLE mode=gng ===
11:30:06 [INFO] === SCRAPE G/NG ===
11:30:16 [INFO] rounds ignorés (timer courant / hors séquence): ['00:34']
11:30:16 [INFO] 9 rounds retenus / 10 total (10 horodatés)
11:30:19 [INFO]   G/NG [11:35]: 10 matchs
11:30:22 [INFO]   G/NG [11:37]: 10 matchs
11:30:25 [INFO]   G/NG [11:39]: 10 matchs
11:30:28 [INFO]   G/NG [11:41]: 10 matchs
11:30:31 [INFO]   G/NG [11:43]: 10 matchs
11:30:34 [INFO]   G/NG [11:45]: 10 matchs
11:30:37 [INFO]   G/NG [11:47]: 10 matchs
11:30:40 [INFO]   G/NG [11:49]: 10 matchs
11:30:43 [INFO]   G/NG [11:51]: 10 matchs
11:30:43 [INFO] G/NG: 90 cotes → data/cbet_odds.json
11:31:13 [INFO] === FIN 66.9s erreurs=aucune ===
11:32:58 [INFO] === DÉBUT CYCLE mode=results ===
11:32:58 [INFO] === SCRAPE RÉSULTATS (version corrigée) ===
11:33:05 [INFO]   0 clics 'Afficher plus'
11:33:20 [WARNING] Aucun conteneur de résultat trouvé
11:33:20 [INFO] === FIN 21.9s erreurs=aucune ===
12:40:14 [INFO] === DÉBUT CYCLE mode=1x2 ===
12:40:16 [INFO] === SCRAPE 1X2 ===
12:40:23 [WARNING] Impossible de sélectionner 1X2
12:40:23 [INFO] rounds ignorés (timer courant / hors séquence): ['12:41', '12:43', '12:45', '12:47', '12:49']
12:40:23 [INFO] 4 rounds retenus / 10 total (9 horodatés)
12:40:25 [INFO]   1X2 [12:54]: 10 matchs
12:40:26 [INFO]   1X2 [12:56]: 10 matchs
12:40:28 [INFO]   1X2 [12:58]: 10 matchs
12:40:29 [INFO]   1X2 [13:00]: 10 matchs
12:40:29 [INFO] 1X2: 4 rounds → data/congobet_1x2_rounds.json
12:40:59 [INFO] === FIN 44.8s erreurs=aucune ===
12:41:00 [INFO] === DÉBUT CYCLE mode=gng ===
12:41:01 [INFO] === SCRAPE G/NG ===
12:41:10 [INFO] rounds ignorés (timer courant / hors séquence): ['00:39', '12:43', '12:45', '12:47', '12:49']
12:41:10 [INFO] 5 rounds retenus / 10 total (10 horodatés)
12:41:13 [INFO]   G/NG [12:54]: 10 matchs
12:41:16 [INFO]   G/NG [12:56]: 10 matchs
12:41:19 [INFO]   G/NG [12:58]: 10 matchs
12:41:23 [INFO]   G/NG [13:00]: 10 matchs
12:41:26 [INFO]   G/NG [13:02]: 10 matchs
12:41:26 [INFO] G/NG: 50 cotes → data/cbet_odds.json
12:41:26 [INFO] === FIN 25.3s erreurs=aucune ===
12:43:11 [INFO] === DÉBUT CYCLE mode=results ===
12:43:11 [INFO] === SCRAPE RÉSULTATS (version corrigée) ===
12:43:24 [INFO]   5 clics 'Afficher plus'
12:43:29 [INFO] Résultats: 240 → data/cbet_results.json
12:43:29 [INFO] === FIN 18.0s erreurs=aucune ===
14:09:10 [INFO] === DÉBUT CYCLE mode=1x2 ===
14:09:11 [INFO] === SCRAPE 1X2 ===
14:09:17 [WARNING] Impossible de sélectionner 1X2
14:09:17 [INFO] 9 rounds retenus / 10 total (9 horodatés)
14:09:19 [INFO]   1X2 [14:13]: 10 matchs
14:09:20 [INFO]   1X2 [14:15]: 10 matchs
14:09:22 [INFO]   1X2 [14:17]: 10 matchs
14:09:23 [INFO]   1X2 [14:19]: 10 matchs
14:09:24 [INFO]   1X2 [14:21]: 10 matchs
14:09:26 [INFO]   1X2 [14:23]: 10 matchs
14:09:27 [INFO]   1X2 [14:25]: 10 matchs
14:09:29 [INFO]   1X2 [14:27]: 10 matchs
14:09:30 [INFO]   1X2 [14:29]: 10 matchs
14:09:30 [INFO] 1X2: 9 rounds → data/congobet_1x2_rounds.json
14:10:01 [INFO] === FIN 50.4s erreurs=aucune ===
14:10:03 [INFO] === DÉBUT CYCLE mode=gng ===
14:10:04 [INFO] === SCRAPE G/NG ===
14:10:12 [INFO] rounds ignorés (timer courant / hors séquence): ['03:37']
14:10:12 [INFO] 9 rounds retenus / 10 total (10 horodatés)
14:10:15 [INFO]   G/NG [14:15]: 10 matchs
14:10:18 [INFO]   G/NG [14:17]: 10 matchs
14:10:21 [INFO]   G/NG [14:19]: 10 matchs
14:10:24 [INFO]   G/NG [14:21]: 10 matchs
14:10:27 [INFO]   G/NG [14:23]: 10 matchs
14:10:30 [INFO]   G/NG [14:25]: 10 matchs
14:10:33 [INFO]   G/NG [14:27]: 10 matchs
14:10:36 [INFO]   G/NG [14:29]: 10 matchs
14:10:39 [INFO]   G/NG [14:31]: 10 matchs
14:10:39 [INFO] G/NG: 90 cotes → data/cbet_odds.json
14:10:39 [INFO] === FIN 35.8s erreurs=aucune ===
14:12:24 [INFO] === DÉBUT CYCLE mode=results ===
14:12:24 [INFO] === SCRAPE RÉSULTATS (version corrigée) ===
14:12:30 [INFO]   0 clics 'Afficher plus'
14:12:45 [WARNING] Aucun conteneur de résultat trouvé
14:13:16 [INFO] === FIN 51.1s erreurs=aucune ===
15:14:55 [INFO] === DÉBUT CYCLE mode=1x2 ===
15:14:57 [INFO] === SCRAPE 1X2 ===
15:15:05 [INFO] rounds ignorés (timer courant / hors séquence): ['00:44', '15:17', '15:19', '15:21', '15:23', '15:25', '15:27']
15:15:05 [INFO] 3 rounds retenus / 10 total (10 horodatés)
15:15:07 [INFO]   1X2 [15:32]: 10 matchs
15:15:08 [INFO]   1X2 [15:34]: 10 matchs
15:15:10 [INFO]   1X2 [15:36]: 10 matchs
15:15:10 [INFO] 1X2: 3 rounds → data/congobet_1x2_rounds.json
15:15:10 [INFO] === FIN 15.0s erreurs=aucune ===
15:15:10 [INFO] === DÉBUT CYCLE mode=gng ===
15:15:10 [INFO] === SCRAPE G/NG ===
15:15:21 [INFO] rounds ignorés (timer courant / hors séquence): ['00:28', '15:17', '15:19', '15:21', '15:23', '15:25', '15:27']
15:15:21 [INFO] 3 rounds retenus / 10 total (10 horodatés)
15:15:24 [INFO]   G/NG [15:32]: 10 matchs
15:15:27 [INFO]   G/NG [15:34]: 10 matchs
15:15:30 [INFO]   G/NG [15:36]: 10 matchs
15:15:30 [INFO] G/NG: 30 cotes → data/cbet_odds.json
15:16:01 [INFO] === FIN 50.6s erreurs=aucune ===
15:17:46 [INFO] === DÉBUT CYCLE mode=results ===
15:17:46 [INFO] === SCRAPE RÉSULTATS (version corrigée) ===
15:18:01 [INFO]   5 clics 'Afficher plus'
15:18:06 [INFO] Résultats: 240 → data/cbet_results.json
15:18:06 [INFO] === FIN 20.2s erreurs=aucune ===
16:12:10 [INFO] === DÉBUT CYCLE mode=1x2 ===
16:12:12 [INFO] === SCRAPE 1X2 ===
16:12:20 [INFO] rounds ignorés (timer courant / hors séquence): ['00:29']
16:12:20 [INFO] 9 rounds retenus / 10 total (10 horodatés)
16:12:22 [INFO]   1X2 [16:14]: 10 matchs
16:12:23 [INFO]   1X2 [16:16]: 10 matchs
16:12:24 [INFO]   1X2 [16:18]: 10 matchs
16:12:26 [INFO]   1X2 [16:20]: 10 matchs
16:12:27 [INFO]   1X2 [16:22]: 10 matchs
16:12:29 [INFO]   1X2 [16:24]: 10 matchs
16:12:30 [INFO]   1X2 [16:26]: 10 matchs
16:12:31 [INFO]   1X2 [16:28]: 10 matchs
16:12:33 [INFO]   1X2 [16:30]: 10 matchs
16:12:33 [INFO] 1X2: 9 rounds → data/congobet_1x2_rounds.json
16:13:03 [INFO] === FIN 52.4s erreurs=aucune ===
16:13:03 [INFO] === DÉBUT CYCLE mode=gng ===
16:13:04 [INFO] === SCRAPE G/NG ===
16:13:12 [WARNING] Impossible de sélectionner G/NG
16:13:42 [INFO] === FIN 38.7s erreurs=aucune ===
16:15:30 [INFO] === DÉBUT CYCLE mode=results ===
16:15:30 [INFO] === SCRAPE RÉSULTATS (version corrigée) ===
16:15:45 [INFO]   5 clics 'Afficher plus'
16:15:48 [INFO] Résultats: 210 → data/cbet_results.json
16:16:18 [INFO] === FIN 48.9s erreurs=aucune ===
17:15:40 [INFO] === DÉBUT CYCLE mode=1x2 ===
17:15:40 [INFO] === SCRAPE 1X2 ===
17:15:47 [INFO] rounds ignorés (timer courant / hors séquence): ['00:02']
17:15:47 [INFO] 9 rounds retenus / 10 total (10 horodatés)
17:15:48 [INFO]   1X2 [17:17]: 10 matchs
17:15:49 [INFO]   1X2 [17:19]: 10 matchs
17:15:50 [INFO]   1X2 [17:21]: 10 matchs
17:15:51 [INFO]   1X2 [17:23]: 10 matchs
17:15:53 [INFO]   1X2 [17:25]: 10 matchs
17:15:54 [INFO]   1X2 [17:27]: 10 matchs
17:15:56 [INFO]   1X2 [17:29]: 10 matchs
17:15:57 [INFO]   1X2 [17:31]: 10 matchs
17:15:58 [INFO]   1X2 [17:33]: 10 matchs
17:15:58 [INFO] 1X2: 9 rounds → data/congobet_1x2_rounds.json
17:15:59 [INFO] === FIN 18.7s erreurs=aucune ===
17:15:59 [INFO] === DÉBUT CYCLE mode=gng ===
17:15:59 [INFO] === SCRAPE G/NG ===
17:16:05 [WARNING] Impossible de sélectionner G/NG
17:16:35 [INFO] === FIN 36.4s erreurs=aucune ===
17:18:23 [INFO] === DÉBUT CYCLE mode=results ===
17:18:23 [INFO] === SCRAPE RÉSULTATS (version corrigée) ===
17:18:33 [INFO]   3 clics 'Afficher plus'
17:18:35 [INFO] Résultats: 130 → data/cbet_results.json
17:18:35 [INFO] === FIN 12.6s erreurs=aucune ===
18:09:19 [INFO] === DÉBUT CYCLE mode=1x2 ===
18:09:20 [INFO] === SCRAPE 1X2 ===
18:09:29 [INFO] rounds ignorés (timer courant / hors séquence): ['01:21']
18:09:29 [INFO] 9 rounds retenus / 10 total (10 horodatés)
18:09:30 [INFO]   1X2 [18:12]: 10 matchs
18:09:31 [INFO]   1X2 [18:14]: 10 matchs
18:09:33 [INFO]   1X2 [18:16]: 10 matchs
18:09:34 [INFO]   1X2 [18:18]: 10 matchs
18:09:36 [INFO]   1X2 [18:20]: 10 matchs
18:09:37 [INFO]   1X2 [18:22]: 10 matchs
18:09:38 [INFO]   1X2 [18:24]: 10 matchs
18:09:40 [INFO]   1X2 [18:26]: 10 matchs
18:09:41 [INFO]   1X2 [18:28]: 10 matchs
18:09:41 [INFO] 1X2: 9 rounds → data/congobet_1x2_rounds.json
18:10:12 [INFO] === FIN 52.2s erreurs=aucune ===
18:10:13 [INFO] === DÉBUT CYCLE mode=gng ===
18:10:13 [INFO] === SCRAPE G/NG ===
18:10:24 [INFO] rounds ignorés (timer courant / hors séquence): ['00:25']
18:10:24 [INFO] 9 rounds retenus / 10 total (10 horodatés)
18:10:27 [INFO]   G/NG [18:12]: 10 matchs
18:10:30 [INFO]   G/NG [18:14]: 10 matchs
18:10:33 [INFO]   G/NG [18:16]: 10 matchs
18:10:36 [INFO]   G/NG [18:18]: 10 matchs
18:10:39 [INFO]   G/NG [18:20]: 10 matchs
18:10:42 [INFO]   G/NG [18:22]: 10 matchs
18:10:45 [INFO]   G/NG [18:24]: 10 matchs
18:10:48 [INFO]   G/NG [18:26]: 10 matchs
18:10:51 [INFO]   G/NG [18:28]: 10 matchs
18:10:51 [INFO] G/NG: 90 cotes → data/cbet_odds.json
18:11:22 [INFO] === FIN 68.9s erreurs=aucune ===
18:13:08 [INFO] === DÉBUT CYCLE mode=results ===
18:13:08 [INFO] === SCRAPE RÉSULTATS (version corrigée) ===
18:13:17 [INFO]   0 clics 'Afficher plus'
18:13:17 [INFO] Résultats: 10 → data/cbet_results.json
18:13:17 [INFO] === FIN 9.1s erreurs=aucune ===
19:22:29 [INFO] === DÉBUT CYCLE mode=1x2 ===
19:22:29 [INFO] === SCRAPE 1X2 ===
19:22:36 [INFO] rounds ignorés (timer courant / hors séquence): ['00:13', '19:24']
19:22:36 [INFO] 8 rounds retenus / 10 total (10 horodatés)
19:22:37 [INFO]   1X2 [19:29]: 10 matchs
19:22:39 [INFO]   1X2 [19:31]: 10 matchs
19:22:39 [INFO]   1X2 [19:33]: 10 matchs
19:22:40 [INFO]   1X2 [19:35]: 10 matchs
19:22:42 [INFO]   1X2 [19:37]: 10 matchs
19:22:43 [INFO]   1X2 [19:39]: 10 matchs
19:22:44 [INFO]   1X2 [19:41]: 10 matchs
19:22:46 [INFO]   1X2 [19:43]: 10 matchs
19:22:46 [INFO] 1X2: 8 rounds → data/congobet_1x2_rounds.json
19:22:46 [INFO] === FIN 17.2s erreurs=aucune ===
19:22:46 [INFO] === DÉBUT CYCLE mode=gng ===
19:22:46 [INFO] === SCRAPE G/NG ===
19:22:53 [WARNING] Impossible de sélectionner G/NG
19:22:53 [INFO] === FIN 6.7s erreurs=aucune ===
19:24:38 [INFO] === DÉBUT CYCLE mode=results ===
19:24:38 [INFO] === SCRAPE RÉSULTATS (version corrigée) ===
19:24:51 [INFO]   5 clics 'Afficher plus'
19:24:55 [INFO] Résultats: 240 → data/cbet_results.json
19:25:25 [INFO] === FIN 47.5s erreurs=aucune ===
20:09:55 [INFO] === DÉBUT CYCLE mode=1x2 ===
20:09:56 [INFO] === SCRAPE 1X2 ===
20:10:03 [WARNING] Impossible de sélectionner 1X2
20:10:03 [INFO] 9 rounds retenus / 10 total (9 horodatés)
20:10:04 [INFO]   1X2 [20:11]: 10 matchs
20:10:05 [INFO]   1X2 [20:13]: 10 matchs
20:10:06 [INFO]   1X2 [20:15]: 10 matchs
20:10:08 [INFO]   1X2 [20:17]: 10 matchs
20:10:09 [INFO]   1X2 [20:19]: 10 matchs
20:10:10 [INFO]   1X2 [20:21]: 10 matchs
20:10:12 [INFO]   1X2 [20:23]: 10 matchs
20:10:13 [INFO]   1X2 [20:25]: 10 matchs
20:10:15 [INFO]   1X2 [20:27]: 10 matchs
20:10:15 [INFO] 1X2: 9 rounds → data/congobet_1x2_rounds.json
20:10:15 [INFO] === FIN 19.7s erreurs=aucune ===
20:10:15 [INFO] === DÉBUT CYCLE mode=gng ===
20:10:15 [INFO] === SCRAPE G/NG ===
20:10:21 [WARNING] Impossible de sélectionner G/NG
20:10:22 [INFO] === FIN 6.7s erreurs=aucune ===
20:12:06 [INFO] === DÉBUT CYCLE mode=results ===
20:12:07 [INFO] === SCRAPE RÉSULTATS (version corrigée) ===
20:12:19 [INFO]   5 clics 'Afficher plus'
20:12:23 [INFO] Résultats: 210 → data/cbet_results.json
20:12:23 [INFO] === FIN 16.5s erreurs=aucune ===
21:04:01 [INFO] === DÉBUT CYCLE mode=1x2 ===
21:04:03 [INFO] === SCRAPE 1X2 ===
21:04:10 [INFO] rounds ignorés (timer courant / hors séquence): ['00:39']
21:04:10 [INFO] 9 rounds retenus / 10 total (10 horodatés)
21:04:12 [INFO]   1X2 [21:06]: 10 matchs
21:04:13 [INFO]   1X2 [21:08]: 10 matchs
21:04:15 [INFO]   1X2 [21:10]: 10 matchs
21:04:16 [INFO]   1X2 [21:12]: 10 matchs
21:04:17 [INFO]   1X2 [21:14]: 10 matchs
21:04:19 [INFO]   1X2 [21:16]: 10 matchs
21:04:20 [INFO]   1X2 [21:18]: 10 matchs
21:04:21 [INFO]   1X2 [21:20]: 10 matchs
21:04:23 [INFO]   1X2 [21:22]: 10 matchs
21:04:23 [INFO] 1X2: 9 rounds → data/congobet_1x2_rounds.json
21:04:53 [INFO] === FIN 51.9s erreurs=aucune ===
21:04:54 [INFO] === DÉBUT CYCLE mode=gng ===
21:04:55 [INFO] === SCRAPE G/NG ===
21:05:02 [WARNING] Impossible de sélectionner G/NG
21:05:02 [INFO] === FIN 7.5s erreurs=aucune ===
21:06:47 [INFO] === DÉBUT CYCLE mode=results ===
21:06:48 [INFO] === SCRAPE RÉSULTATS (version corrigée) ===
21:06:57 [INFO]   2 clics 'Afficher plus'
21:06:59 [INFO] Résultats: 90 → data/cbet_results.json
21:06:59 [INFO] === FIN 11.2s erreurs=aucune ===
22:00:16 [INFO] === DÉBUT CYCLE mode=1x2 ===
22:00:18 [INFO] === SCRAPE 1X2 ===
22:00:24 [INFO] rounds ignorés (timer courant / hors séquence): ['00:25', '22:02']
22:00:24 [INFO] 8 rounds retenus / 10 total (10 horodatés)
22:00:25 [INFO]   1X2 [22:07]: 10 matchs
22:00:26 [INFO]   1X2 [22:09]: 10 matchs
22:00:28 [INFO]   1X2 [22:11]: 10 matchs
22:00:29 [INFO]   1X2 [22:13]: 10 matchs
22:00:30 [INFO]   1X2 [22:15]: 10 matchs
22:00:32 [INFO]   1X2 [22:17]: 10 matchs
22:00:33 [INFO]   1X2 [22:19]: 10 matchs
22:00:35 [INFO]   1X2 [22:21]: 10 matchs
22:00:35 [INFO] 1X2: 8 rounds → data/congobet_1x2_rounds.json
22:00:35 [INFO] === FIN 18.5s erreurs=aucune ===
22:00:35 [INFO] === DÉBUT CYCLE mode=gng ===
22:00:35 [INFO] === SCRAPE G/NG ===
22:00:43 [INFO] rounds ignorés (timer courant / hors séquence): ['00:06', '22:02']
22:00:43 [INFO] 8 rounds retenus / 10 total (10 horodatés)
22:00:46 [INFO]   G/NG [22:07]: 10 matchs
22:00:49 [INFO]   G/NG [22:09]: 10 matchs
22:00:52 [INFO]   G/NG [22:11]: 10 matchs
22:00:56 [INFO]   G/NG [22:13]: 10 matchs
22:00:59 [INFO]   G/NG [22:15]: 10 matchs
22:01:02 [INFO]   G/NG [22:17]: 10 matchs
22:01:05 [INFO]   G/NG [22:19]: 10 matchs
22:01:08 [INFO]   G/NG [22:21]: 10 matchs
22:01:08 [INFO] G/NG: 80 cotes → data/cbet_odds.json
22:01:38 [INFO] === FIN 63.3s erreurs=aucune ===
22:03:24 [INFO] === DÉBUT CYCLE mode=results ===
22:03:24 [INFO] === SCRAPE RÉSULTATS (version corrigée) ===
22:03:37 [INFO]   5 clics 'Afficher plus'
22:03:41 [INFO] Résultats: 240 → data/cbet_results.json
22:03:41 [INFO] === FIN 17.0s erreurs=aucune ===
22:56:27 [INFO] === DÉBUT CYCLE mode=1x2 ===
22:56:29 [INFO] === SCRAPE 1X2 ===
22:56:35 [WARNING] Impossible de sélectionner 1X2
22:56:35 [INFO] 9 rounds retenus / 10 total (9 horodatés)
22:56:36 [INFO]   1X2 [22:57]: 10 matchs
22:56:37 [INFO]   1X2 [22:59]: 10 matchs
22:56:38 [INFO]   1X2 [23:01]: 10 matchs
22:56:39 [INFO]   1X2 [23:03]: 10 matchs
22:56:41 [INFO]   1X2 [23:05]: 10 matchs
22:56:42 [INFO]   1X2 [23:07]: 10 matchs
22:56:43 [INFO]   1X2 [23:09]: 10 matchs
22:56:45 [INFO]   1X2 [23:11]: 10 matchs
22:56:46 [INFO]   1X2 [23:13]: 10 matchs
22:56:46 [INFO] 1X2: 9 rounds → data/congobet_1x2_rounds.json
22:57:16 [INFO] === FIN 49.6s erreurs=aucune ===
22:57:16 [INFO] === DÉBUT CYCLE mode=gng ===
22:57:17 [INFO] === SCRAPE G/NG ===
22:57:26 [INFO] rounds ignorés (timer courant / hors séquence): ['00:24']
22:57:26 [INFO] 9 rounds retenus / 10 total (10 horodatés)
22:57:28 [INFO]   G/NG [22:59]: 10 matchs
22:57:31 [INFO]   G/NG [23:01]: 10 matchs
22:57:34 [INFO]   G/NG [23:03]: 10 matchs
22:57:37 [INFO]   G/NG [23:05]: 10 matchs
22:57:40 [INFO]   G/NG [23:07]: 10 matchs
22:57:43 [INFO]   G/NG [23:09]: 10 matchs
22:57:46 [INFO]   G/NG [23:11]: 10 matchs
22:57:49 [INFO]   G/NG [23:13]: 10 matchs
22:57:52 [INFO]   G/NG [23:15]: 10 matchs
22:57:52 [INFO] G/NG: 90 cotes → data/cbet_odds.json
22:57:53 [INFO] === FIN 36.3s erreurs=aucune ===
22:59:38 [INFO] === DÉBUT CYCLE mode=results ===
22:59:38 [INFO] === SCRAPE RÉSULTATS (version corrigée) ===
22:59:50 [INFO]   5 clics 'Afficher plus'
22:59:55 [INFO] Résultats: 240 → data/cbet_results.json
23:00:25 [INFO] === FIN 47.4s erreurs=aucune ===
23:51:31 [INFO] === DÉBUT CYCLE mode=1x2 ===
23:51:32 [INFO] === SCRAPE 1X2 ===
23:51:38 [WARNING] Impossible de sélectionner 1X2
23:51:38 [INFO] 9 rounds retenus / 10 total (9 horodatés)
23:51:39 [INFO]   1X2 [23:52]: 10 matchs
23:51:41 [INFO]   1X2 [23:54]: 10 matchs
23:51:42 [INFO]   1X2 [23:56]: 10 matchs
23:51:43 [INFO]   1X2 [23:58]: 10 matchs
23:51:44 [INFO]   1X2 [00:00]: 10 matchs
23:51:45 [INFO]   1X2 [00:02]: 10 matchs
23:51:47 [INFO]   1X2 [00:04]: 10 matchs
23:51:48 [INFO]   1X2 [00:06]: 10 matchs
23:51:50 [INFO]   1X2 [00:08]: 10 matchs
23:51:50 [INFO] 1X2: 9 rounds → data/congobet_1x2_rounds.json
23:52:20 [INFO] === FIN 48.6s erreurs=aucune ===
23:52:20 [INFO] === DÉBUT CYCLE mode=gng ===
23:52:20 [INFO] === SCRAPE G/NG ===
23:52:29 [INFO] rounds ignorés (timer courant / hors séquence): ['00:20']
23:52:29 [INFO] 9 rounds retenus / 10 total (10 horodatés)
23:52:31 [INFO]   G/NG [23:54]: 10 matchs
23:52:34 [INFO]   G/NG [23:56]: 10 matchs
23:52:37 [INFO]   G/NG [23:58]: 10 matchs
23:52:40 [INFO]   G/NG [00:00]: 10 matchs
23:52:43 [INFO]   G/NG [00:02]: 10 matchs
23:52:46 [INFO]   G/NG [00:04]: 10 matchs
23:52:49 [INFO]   G/NG [00:06]: 10 matchs
23:52:52 [INFO]   G/NG [00:08]: 10 matchs
23:52:55 [INFO]   G/NG [00:10]: 10 matchs
23:52:55 [INFO] G/NG: 90 cotes → data/cbet_odds.json
23:52:55 [INFO] === FIN 35.5s erreurs=aucune ===
23:54:41 [INFO] === DÉBUT CYCLE mode=results ===
23:54:41 [INFO] === SCRAPE RÉSULTATS (version corrigée) ===
23:54:51 [INFO]   3 clics 'Afficher plus'
23:54:53 [INFO] Résultats: 140 → data/cbet_results.json
23:55:23 [INFO] === FIN 42.6s erreurs=aucune ===
01:43:38 [INFO] === DÉBUT CYCLE mode=1x2 ===
01:43:39 [INFO] === SCRAPE 1X2 ===
01:43:45 [INFO] 10 rounds retenus / 10 total (10 horodatés)
01:43:46 [INFO]   1X2 [00:03]: 10 matchs
01:43:47 [INFO]   1X2 [01:45]: 10 matchs
01:43:49 [INFO]   1X2 [01:47]: 10 matchs
01:43:50 [INFO]   1X2 [01:49]: 10 matchs
01:43:51 [INFO]   1X2 [01:51]: 10 matchs
01:43:53 [INFO]   1X2 [01:53]: 10 matchs
01:43:54 [INFO]   1X2 [01:55]: 10 matchs
01:43:56 [INFO]   1X2 [01:57]: 10 matchs
01:43:57 [INFO]   1X2 [01:59]: 10 matchs
01:43:59 [INFO]   1X2 [02:04]: 10 matchs
01:43:59 [INFO] 1X2: 10 rounds → data/congobet_1x2_rounds.json
01:44:29 [INFO] === FIN 51.1s erreurs=aucune ===
01:44:29 [INFO] === DÉBUT CYCLE mode=gng ===
01:44:29 [INFO] === SCRAPE G/NG ===
01:44:35 [WARNING] Impossible de sélectionner G/NG
01:44:35 [INFO] === FIN 6.6s erreurs=aucune ===
01:46:20 [INFO] === DÉBUT CYCLE mode=results ===
01:46:20 [INFO] === SCRAPE RÉSULTATS (version corrigée) ===
01:46:33 [INFO]   5 clics 'Afficher plus'
01:46:37 [INFO] Résultats: 240 → data/cbet_results.json
01:46:37 [INFO] === FIN 17.1s erreurs=aucune ===
05:35:39 [INFO] === DÉBUT CYCLE mode=1x2 ===
05:35:41 [INFO] === SCRAPE 1X2 ===
05:35:50 [WARNING] Impossible de sélectionner 1X2
05:35:50 [INFO] 9 rounds retenus / 10 total (9 horodatés)
05:35:51 [INFO]   1X2 [05:36]: 10 matchs
05:35:52 [INFO]   1X2 [05:38]: 10 matchs
05:35:54 [INFO]   1X2 [05:40]: 10 matchs
05:35:55 [INFO]   1X2 [05:42]: 10 matchs
05:35:57 [INFO]   1X2 [05:44]: 10 matchs
05:35:58 [INFO]   1X2 [05:46]: 10 matchs
05:35:59 [INFO]   1X2 [05:48]: 10 matchs
05:36:01 [INFO]   1X2 [05:50]: 10 matchs
05:36:02 [INFO]   1X2 [05:52]: 10 matchs
05:36:02 [INFO] 1X2: 9 rounds → data/congobet_1x2_rounds.json
05:36:32 [INFO] === FIN 52.9s erreurs=aucune ===
05:36:32 [INFO] === DÉBUT CYCLE mode=gng ===
05:36:33 [INFO] === SCRAPE G/NG ===
05:36:44 [INFO] rounds ignorés (timer courant / hors séquence): ['00:05']
05:36:44 [INFO] 9 rounds retenus / 10 total (10 horodatés)
05:36:47 [INFO]   G/NG [05:38]: 10 matchs
05:36:50 [INFO]   G/NG [05:40]: 10 matchs
05:36:53 [INFO]   G/NG [05:42]: 10 matchs
05:36:56 [INFO]   G/NG [05:44]: 10 matchs
05:36:59 [INFO]   G/NG [05:46]: 10 matchs
05:37:02 [INFO]   G/NG [05:48]: 10 matchs
05:37:05 [INFO]   G/NG [05:50]: 10 matchs
05:37:08 [INFO]   G/NG [05:52]: 10 matchs
05:37:11 [INFO]   G/NG [05:54]: 10 matchs
05:37:11 [INFO] G/NG: 90 cotes → data/cbet_odds.json
05:37:11 [INFO] === FIN 39.2s erreurs=aucune ===
05:38:57 [INFO] === DÉBUT CYCLE mode=results ===
05:38:57 [INFO] === SCRAPE RÉSULTATS (version corrigée) ===
05:39:12 [INFO]   5 clics 'Afficher plus'
05:39:16 [INFO] Résultats: 240 → data/cbet_results.json
05:39:46 [INFO] === FIN 49.8s erreurs=aucune ===
07:59:24 [INFO] === DÉBUT CYCLE mode=1x2 ===
07:59:26 [INFO] === SCRAPE 1X2 ===
07:59:35 [WARNING] Impossible de sélectionner 1X2
07:59:35 [INFO] 9 rounds retenus / 10 total (9 horodatés)
07:59:36 [INFO]   1X2 [08:00]: 10 matchs
07:59:38 [INFO]   1X2 [08:02]: 10 matchs
07:59:39 [INFO]   1X2 [08:04]: 10 matchs
07:59:40 [INFO]   1X2 [08:06]: 10 matchs
07:59:42 [INFO]   1X2 [08:08]: 10 matchs
07:59:43 [INFO]   1X2 [08:10]: 10 matchs
07:59:44 [INFO]   1X2 [08:12]: 10 matchs
07:59:46 [INFO]   1X2 [08:14]: 10 matchs
07:59:47 [INFO]   1X2 [08:16]: 10 matchs
07:59:47 [INFO] 1X2: 9 rounds → data/congobet_1x2_rounds.json
08:00:18 [INFO] === FIN 53.2s erreurs=aucune ===
08:00:18 [INFO] === DÉBUT CYCLE mode=gng ===
08:00:18 [INFO] === SCRAPE G/NG ===
08:00:28 [INFO] rounds ignorés (timer courant / hors séquence): ['00:21']
08:00:28 [INFO] 9 rounds retenus / 10 total (10 horodatés)
08:00:31 [INFO]   G/NG [08:02]: 10 matchs
08:00:34 [INFO]   G/NG [08:04]: 10 matchs
08:00:37 [INFO]   G/NG [08:06]: 10 matchs
08:00:40 [INFO]   G/NG [08:08]: 10 matchs
08:00:43 [INFO]   G/NG [08:10]: 10 matchs
08:00:46 [INFO]   G/NG [08:12]: 10 matchs
08:00:49 [INFO]   G/NG [08:14]: 10 matchs
08:00:52 [INFO]   G/NG [08:16]: 10 matchs
08:00:55 [INFO]   G/NG [08:18]: 10 matchs
08:00:55 [INFO] G/NG: 90 cotes → data/cbet_odds.json
08:00:55 [INFO] === FIN 37.6s erreurs=aucune ===
08:02:41 [INFO] === DÉBUT CYCLE mode=results ===
08:02:41 [INFO] === SCRAPE RÉSULTATS (version corrigée) ===
08:02:55 [INFO]   5 clics 'Afficher plus'
08:02:58 [INFO] Résultats: 210 → data/cbet_results.json
08:02:58 [INFO] === FIN 17.7s erreurs=aucune ===
09:52:38 [INFO] === DÉBUT CYCLE mode=1x2 ===
09:52:38 [INFO] === SCRAPE 1X2 ===
09:52:47 [WARNING] Impossible de sélectionner 1X2
09:52:47 [INFO] rounds ignorés (timer courant / hors séquence): ['09:53']
09:52:47 [INFO] 8 rounds retenus / 10 total (9 horodatés)
09:52:49 [INFO]   1X2 [09:58]: 10 matchs
09:52:50 [INFO]   1X2 [10:00]: 10 matchs
09:52:52 [INFO]   1X2 [10:02]: 10 matchs
09:52:53 [INFO]   1X2 [10:04]: 10 matchs
09:52:54 [INFO]   1X2 [10:06]: 10 matchs
09:52:56 [INFO]   1X2 [10:08]: 10 matchs
09:52:57 [INFO]   1X2 [10:10]: 10 matchs
09:52:58 [INFO]   1X2 [10:12]: 10 matchs
09:52:58 [INFO] 1X2: 8 rounds → data/congobet_1x2_rounds.json
09:52:58 [INFO] === FIN 20.6s erreurs=aucune ===
09:52:58 [INFO] === DÉBUT CYCLE mode=gng ===
09:52:59 [INFO] === SCRAPE G/NG ===
09:53:09 [INFO] rounds ignorés (timer courant / hors séquence): ['00:39']
09:53:09 [INFO] 9 rounds retenus / 10 total (10 horodatés)
09:53:12 [INFO]   G/NG [09:58]: 10 matchs
09:53:15 [INFO]   G/NG [10:00]: 10 matchs
09:53:19 [INFO]   G/NG [10:02]: 10 matchs
09:53:22 [INFO]   G/NG [10:04]: 10 matchs
09:53:25 [INFO]   G/NG [10:06]: 10 matchs
09:53:28 [INFO]   G/NG [10:08]: 10 matchs
09:53:31 [INFO]   G/NG [10:10]: 10 matchs
09:53:34 [INFO]   G/NG [10:12]: 10 matchs
09:53:37 [INFO]   G/NG [10:14]: 10 matchs
09:53:37 [INFO] G/NG: 90 cotes → data/cbet_odds.json
09:53:37 [INFO] === FIN 38.5s erreurs=aucune ===
09:55:22 [INFO] === DÉBUT CYCLE mode=results ===
09:55:22 [INFO] === SCRAPE RÉSULTATS (version corrigée) ===
09:55:31 [INFO]   0 clics 'Afficher plus'
09:55:46 [WARNING] Aucun conteneur de résultat trouvé
09:55:46 [INFO] === FIN 23.8s erreurs=aucune ===
10:57:56 [INFO] === DÉBUT CYCLE mode=1x2 ===
10:57:57 [INFO] === SCRAPE 1X2 ===
10:58:04 [INFO] rounds ignorés (timer courant / hors séquence): ['00:45', '11:00', '11:02', '11:04', '11:06', '11:08', '11:10', '11:12']
10:58:04 [INFO] 2 rounds retenus / 10 total (10 horodatés)
10:58:05 [INFO]   1X2 [11:17]: 10 matchs
10:58:06 [INFO]   1X2 [11:19]: 10 matchs
10:58:06 [INFO] 1X2: 2 rounds → data/congobet_1x2_rounds.json
10:58:07 [INFO] === FIN 10.6s erreurs=aucune ===
10:58:07 [INFO] === DÉBUT CYCLE mode=gng ===
10:58:07 [INFO] === SCRAPE G/NG ===
10:58:15 [INFO] rounds ignorés (timer courant / hors séquence): ['00:34', '11:00', '11:02', '11:04', '11:06', '11:08', '11:10', '11:12']
10:58:15 [INFO] 2 rounds retenus / 10 total (10 horodatés)
10:58:19 [INFO]   G/NG [11:17]: 10 matchs
10:58:22 [INFO]   G/NG [11:19]: 10 matchs
10:58:22 [INFO] G/NG: 20 cotes → data/cbet_odds.json
10:58:22 [INFO] === FIN 15.0s erreurs=aucune ===
11:00:07 [INFO] === DÉBUT CYCLE mode=results ===
11:00:07 [INFO] === SCRAPE RÉSULTATS (version corrigée) ===
11:00:20 [INFO]   5 clics 'Afficher plus'
11:00:24 [INFO] Résultats: 240 → data/cbet_results.json
11:00:54 [INFO] === FIN 47.4s erreurs=aucune ===
12:01:09 [INFO] === DÉBUT CYCLE mode=1x2 ===
12:01:11 [INFO] === SCRAPE 1X2 ===
12:01:20 [INFO] rounds ignorés (timer courant / hors séquence): ['00:30']
12:01:20 [INFO] 9 rounds retenus / 10 total (10 horodatés)
12:01:21 [INFO]   1X2 [12:03]: 10 matchs
12:01:22 [INFO]   1X2 [12:05]: 10 matchs
12:01:24 [INFO]   1X2 [12:07]: 10 matchs
12:01:25 [INFO]   1X2 [12:09]: 10 matchs
12:01:27 [INFO]   1X2 [12:11]: 10 matchs
12:01:28 [INFO]   1X2 [12:13]: 10 matchs
12:01:29 [INFO]   1X2 [12:15]: 10 matchs
12:01:31 [INFO]   1X2 [12:17]: 10 matchs
12:01:32 [INFO]   1X2 [12:19]: 10 matchs
12:01:32 [INFO] 1X2: 9 rounds → data/congobet_1x2_rounds.json
12:01:32 [INFO] === FIN 22.9s erreurs=aucune ===
12:01:32 [INFO] === DÉBUT CYCLE mode=gng ===
12:01:33 [INFO] === SCRAPE G/NG ===
12:01:43 [INFO] rounds ignorés (timer courant / hors séquence): ['00:05']
12:01:43 [INFO] 9 rounds retenus / 10 total (10 horodatés)
12:01:46 [INFO]   G/NG [12:03]: 10 matchs
12:01:49 [INFO]   G/NG [12:05]: 10 matchs
12:01:52 [INFO]   G/NG [12:07]: 10 matchs
12:01:56 [INFO]   G/NG [12:09]: 10 matchs
12:01:59 [INFO]   G/NG [12:11]: 10 matchs
12:02:02 [INFO]   G/NG [12:13]: 10 matchs
12:02:05 [INFO]   G/NG [12:15]: 10 matchs
12:02:08 [INFO]   G/NG [12:17]: 10 matchs
12:02:11 [INFO]   G/NG [12:19]: 10 matchs
12:02:11 [INFO] G/NG: 90 cotes → data/cbet_odds.json
12:02:41 [INFO] === FIN 68.7s erreurs=aucune ===
12:04:26 [INFO] === DÉBUT CYCLE mode=results ===
12:04:27 [INFO] === SCRAPE RÉSULTATS (version corrigée) ===
12:04:41 [INFO]   5 clics 'Afficher plus'
12:04:45 [INFO] Résultats: 230 → data/cbet_results.json
12:05:15 [INFO] === FIN 49.3s erreurs=aucune ===
13:51:56 [INFO] === DÉBUT CYCLE mode=1x2 ===
13:51:57 [INFO] === SCRAPE 1X2 ===
13:52:03 [INFO] rounds ignorés (timer courant / hors séquence): ['03:46']
13:52:03 [INFO] 9 rounds retenus / 10 total (10 horodatés)
13:52:05 [INFO]   1X2 [13:57]: 10 matchs
13:52:05 [INFO]   1X2 [13:59]: 10 matchs
13:52:07 [INFO]   1X2 [14:01]: 10 matchs
13:52:08 [INFO]   1X2 [14:03]: 10 matchs
13:52:10 [INFO]   1X2 [14:05]: 10 matchs
13:52:11 [INFO]   1X2 [14:07]: 10 matchs
13:52:12 [INFO]   1X2 [14:09]: 10 matchs
13:52:14 [INFO]   1X2 [14:11]: 10 matchs
13:52:15 [INFO]   1X2 [14:13]: 10 matchs
13:52:15 [INFO] 1X2: 9 rounds → data/congobet_1x2_rounds.json
13:52:45 [INFO] === FIN 48.8s erreurs=aucune ===
13:52:47 [INFO] === DÉBUT CYCLE mode=gng ===
13:52:47 [INFO] === SCRAPE G/NG ===
13:52:56 [INFO] rounds ignorés (timer courant / hors séquence): ['02:53']
13:52:56 [INFO] 9 rounds retenus / 10 total (10 horodatés)
13:52:59 [INFO]   G/NG [13:57]: 10 matchs
13:53:02 [INFO]   G/NG [13:59]: 10 matchs
13:53:05 [INFO]   G/NG [14:01]: 10 matchs
13:53:08 [INFO]   G/NG [14:03]: 10 matchs
13:53:11 [INFO]   G/NG [14:05]: 10 matchs
13:53:14 [INFO]   G/NG [14:07]: 10 matchs
13:53:17 [INFO]   G/NG [14:09]: 10 matchs
13:53:20 [INFO]   G/NG [14:11]: 10 matchs
13:53:23 [INFO]   G/NG [14:13]: 10 matchs
13:53:23 [INFO] G/NG: 90 cotes → data/cbet_odds.json
13:53:23 [INFO] === FIN 36.1s erreurs=aucune ===
13:55:08 [INFO] === DÉBUT CYCLE mode=results ===
13:55:09 [INFO] === SCRAPE RÉSULTATS (version corrigée) ===
13:55:15 [INFO]   0 clics 'Afficher plus'
13:55:30 [WARNING] Aucun conteneur de résultat trouvé
13:56:00 [INFO] === FIN 51.3s erreurs=aucune ===
14:47:51 [INFO] === DÉBUT CYCLE mode=1x2 ===
14:47:52 [INFO] === SCRAPE 1X2 ===
14:47:59 [WARNING] Impossible de sélectionner 1X2
14:47:59 [INFO] 9 rounds retenus / 10 total (9 horodatés)
14:48:00 [INFO]   1X2 [14:49]: 10 matchs
14:48:01 [INFO]   1X2 [14:51]: 10 matchs
14:48:03 [INFO]   1X2 [14:53]: 10 matchs
14:48:04 [INFO]   1X2 [14:55]: 10 matchs
14:48:05 [INFO]   1X2 [14:57]: 10 matchs
14:48:07 [INFO]   1X2 [14:59]: 10 matchs
14:48:08 [INFO]   1X2 [15:01]: 10 matchs
14:48:09 [INFO]   1X2 [15:03]: 10 matchs
14:48:11 [INFO]   1X2 [15:05]: 10 matchs
14:48:11 [INFO] 1X2: 9 rounds → data/congobet_1x2_rounds.json
14:48:11 [INFO] === FIN 20.1s erreurs=aucune ===
14:48:11 [INFO] === DÉBUT CYCLE mode=gng ===
14:48:11 [INFO] === SCRAPE G/NG ===
14:48:17 [WARNING] Impossible de sélectionner G/NG
14:48:47 [INFO] === FIN 36.6s erreurs=aucune ===
14:50:33 [INFO] === DÉBUT CYCLE mode=results ===
14:50:33 [INFO] === SCRAPE RÉSULTATS (version corrigée) ===
14:50:46 [INFO]   5 clics 'Afficher plus'
14:50:50 [INFO] Résultats: 240 → data/cbet_results.json
14:50:50 [INFO] === FIN 17.4s erreurs=aucune ===
15:45:32 [INFO] === DÉBUT CYCLE mode=1x2 ===
15:45:33 [INFO] === SCRAPE 1X2 ===
15:45:41 [WARNING] Impossible de sélectionner 1X2
15:45:41 [INFO] 9 rounds retenus / 10 total (9 horodatés)
15:45:42 [INFO]   1X2 [15:46]: 10 matchs
15:45:43 [INFO]   1X2 [15:48]: 10 matchs
15:45:44 [INFO]   1X2 [15:50]: 10 matchs
15:45:46 [INFO]   1X2 [15:52]: 10 matchs
15:45:47 [INFO]   1X2 [15:54]: 10 matchs
15:45:48 [INFO]   1X2 [15:56]: 10 matchs
15:45:49 [INFO]   1X2 [15:58]: 10 matchs
15:45:51 [INFO]   1X2 [16:00]: 10 matchs
15:45:52 [INFO]   1X2 [16:02]: 10 matchs
15:45:52 [INFO] 1X2: 9 rounds → data/congobet_1x2_rounds.json
15:45:52 [INFO] === FIN 19.9s erreurs=aucune ===
15:45:52 [INFO] === DÉBUT CYCLE mode=gng ===
15:45:53 [INFO] === SCRAPE G/NG ===
15:45:58 [WARNING] Impossible de sélectionner G/NG
15:46:28 [INFO] === FIN 35.8s erreurs=aucune ===
15:48:16 [INFO] === DÉBUT CYCLE mode=results ===
15:48:17 [INFO] === SCRAPE RÉSULTATS (version corrigée) ===
15:48:28 [INFO]   4 clics 'Afficher plus'
15:48:31 [INFO] Résultats: 170 → data/cbet_results.json
15:48:31 [INFO] === FIN 14.3s erreurs=aucune ===
16:41:03 [INFO] === DÉBUT CYCLE mode=1x2 ===
16:41:04 [INFO] === SCRAPE 1X2 ===
16:41:14 [INFO] rounds ignorés (timer courant / hors séquence): ['00:35']
16:41:14 [INFO] 9 rounds retenus / 10 total (10 horodatés)
16:41:15 [INFO]   1X2 [16:43]: 10 matchs
16:41:16 [INFO]   1X2 [16:45]: 10 matchs
16:41:18 [INFO]   1X2 [16:47]: 10 matchs
16:41:19 [INFO]   1X2 [16:49]: 10 matchs
16:41:20 [INFO]   1X2 [16:51]: 10 matchs
16:41:22 [INFO]   1X2 [16:53]: 10 matchs
16:41:23 [INFO]   1X2 [16:55]: 10 matchs
16:41:25 [INFO]   1X2 [16:57]: 10 matchs
16:41:26 [INFO]   1X2 [16:59]: 10 matchs
16:41:26 [INFO] 1X2: 9 rounds → data/congobet_1x2_rounds.json
16:41:57 [INFO] === FIN 53.5s erreurs=aucune ===
16:41:59 [INFO] === DÉBUT CYCLE mode=gng ===
16:42:00 [INFO] === SCRAPE G/NG ===
16:42:09 [WARNING] Impossible de sélectionner G/NG
16:42:09 [INFO] === FIN 9.5s erreurs=aucune ===
16:43:54 [INFO] === DÉBUT CYCLE mode=results ===
16:43:55 [INFO] === SCRAPE RÉSULTATS (version corrigée) ===
16:44:05 [INFO]   1 clics 'Afficher plus'
16:44:06 [INFO] Résultats: 50 → data/cbet_results.json
16:44:36 [INFO] === FIN 41.3s erreurs=aucune ===
17:41:52 [INFO] === DÉBUT CYCLE mode=1x2 ===
17:41:53 [INFO] === SCRAPE 1X2 ===
17:42:02 [WARNING] Impossible de sélectionner 1X2
17:42:02 [INFO] rounds ignorés (timer courant / hors séquence): ['17:43', '17:45', '17:47']
17:42:02 [INFO] 6 rounds retenus / 10 total (9 horodatés)
17:42:03 [INFO]   1X2 [17:52]: 10 matchs
17:42:05 [INFO]   1X2 [17:54]: 10 matchs
17:42:06 [INFO]   1X2 [17:56]: 10 matchs
17:42:08 [INFO]   1X2 [17:58]: 10 matchs
17:42:09 [INFO]   1X2 [18:00]: 10 matchs
17:42:11 [INFO]   1X2 [18:02]: 10 matchs
17:42:11 [INFO] 1X2: 6 rounds → data/congobet_1x2_rounds.json
17:42:41 [INFO] === FIN 48.4s erreurs=aucune ===
17:42:42 [INFO] === DÉBUT CYCLE mode=gng ===
17:42:42 [INFO] === SCRAPE G/NG ===
17:42:52 [WARNING] Impossible de sélectionner G/NG
17:43:22 [INFO] === FIN 40.3s erreurs=aucune ===
17:45:08 [INFO] === DÉBUT CYCLE mode=results ===
17:45:09 [INFO] === SCRAPE RÉSULTATS (version corrigée) ===
17:45:24 [INFO]   5 clics 'Afficher plus'
17:45:28 [INFO] Résultats: 240 → data/cbet_results.json
17:45:29 [INFO] === FIN 20.1s erreurs=aucune ===
18:44:17 [INFO] === DÉBUT CYCLE mode=1x2 ===
18:44:19 [INFO] === SCRAPE 1X2 ===
18:44:27 [INFO] rounds ignorés (timer courant / hors séquence): ['00:22']
18:44:27 [INFO] 9 rounds retenus / 10 total (10 horodatés)
18:44:29 [INFO]   1X2 [18:46]: 10 matchs
18:44:30 [INFO]   1X2 [18:48]: 10 matchs
18:44:32 [INFO]   1X2 [18:50]: 10 matchs
18:44:33 [INFO]   1X2 [18:52]: 10 matchs
18:44:34 [INFO]   1X2 [18:54]: 10 matchs
18:44:36 [INFO]   1X2 [18:56]: 10 matchs
18:44:37 [INFO]   1X2 [18:58]: 10 matchs
18:44:39 [INFO]   1X2 [19:00]: 10 matchs
18:44:40 [INFO]   1X2 [19:02]: 10 matchs
18:44:40 [INFO] 1X2: 9 rounds → data/congobet_1x2_rounds.json
18:45:11 [INFO] === FIN 52.7s erreurs=aucune ===
18:45:12 [INFO] === DÉBUT CYCLE mode=gng ===
18:45:13 [INFO] === SCRAPE G/NG ===
18:45:33 [WARNING] Impossible de sélectionner G/NG
18:46:04 [INFO] === FIN 50.7s erreurs=aucune ===
18:47:53 [INFO] === DÉBUT CYCLE mode=results ===
18:47:54 [INFO] === SCRAPE RÉSULTATS (version corrigée) ===
18:48:09 [INFO]   5 clics 'Afficher plus'
18:48:13 [INFO] Résultats: 240 → data/cbet_results.json
18:48:13 [INFO] === FIN 20.1s erreurs=aucune ===
19:52:41 [INFO] === DÉBUT CYCLE mode=1x2 ===
19:52:43 [INFO] === SCRAPE 1X2 ===
19:52:54 [INFO] rounds ignorés (timer courant / hors séquence): ['00:54']
19:52:54 [INFO] 9 rounds retenus / 10 total (10 horodatés)
19:52:56 [INFO]   1X2 [19:55]: 10 matchs
19:52:57 [INFO]   1X2 [19:57]: 10 matchs
19:52:59 [INFO]   1X2 [19:59]: 10 matchs
19:53:00 [INFO]   1X2 [20:01]: 10 matchs
19:53:01 [INFO]   1X2 [20:03]: 10 matchs
19:53:03 [INFO]   1X2 [20:05]: 10 matchs
19:53:04 [INFO]   1X2 [20:07]: 10 matchs
19:53:05 [INFO]   1X2 [20:09]: 10 matchs
19:53:07 [INFO]   1X2 [20:11]: 10 matchs
19:53:07 [INFO] 1X2: 9 rounds → data/congobet_1x2_rounds.json
19:53:37 [INFO] === FIN 55.2s erreurs=aucune ===
19:53:39 [INFO] === DÉBUT CYCLE mode=gng ===
19:53:40 [INFO] === SCRAPE G/NG ===
19:53:51 [INFO] 9 rounds retenus / 10 total (9 horodatés)
19:53:54 [INFO]   G/NG [19:55]: 10 matchs
19:53:57 [INFO]   G/NG [19:57]: 10 matchs
19:54:00 [INFO]   G/NG [19:59]: 10 matchs
19:54:04 [INFO]   G/NG [20:01]: 10 matchs
19:54:07 [INFO]   G/NG [20:03]: 10 matchs
19:54:10 [INFO]   G/NG [20:05]: 10 matchs
19:54:13 [INFO]   G/NG [20:07]: 10 matchs
19:54:16 [INFO]   G/NG [20:09]: 10 matchs
19:54:19 [INFO]   G/NG [20:11]: 10 matchs
19:54:19 [INFO] G/NG: 90 cotes → data/cbet_odds.json
19:54:19 [INFO] === FIN 40.1s erreurs=aucune ===
19:56:05 [INFO] === DÉBUT CYCLE mode=results ===
19:56:05 [INFO] === SCRAPE RÉSULTATS (version corrigée) ===
19:56:21 [INFO]   5 clics 'Afficher plus'
19:56:25 [INFO] Résultats: 220 → data/cbet_results.json
19:56:26 [INFO] === FIN 20.9s erreurs=aucune ===
20:37:55 [INFO] === DÉBUT CYCLE mode=1x2 ===
20:37:57 [INFO] === SCRAPE 1X2 ===
20:38:04 [INFO] rounds ignorés (timer courant / hors séquence): ['00:45']
20:38:04 [INFO] 9 rounds retenus / 10 total (10 horodatés)
20:38:05 [INFO]   1X2 [20:40]: 10 matchs
20:38:07 [INFO]   1X2 [20:42]: 10 matchs
20:38:08 [INFO]   1X2 [20:44]: 10 matchs
20:38:10 [INFO]   1X2 [20:46]: 10 matchs
20:38:11 [INFO]   1X2 [20:48]: 10 matchs
20:38:12 [INFO]   1X2 [20:50]: 10 matchs
20:38:14 [INFO]   1X2 [20:52]: 10 matchs
20:38:15 [INFO]   1X2 [20:54]: 10 matchs
20:38:16 [INFO]   1X2 [20:56]: 10 matchs
20:38:16 [INFO] 1X2: 9 rounds → data/congobet_1x2_rounds.json
20:38:17 [INFO] === FIN 21.7s erreurs=aucune ===
20:38:17 [INFO] === DÉBUT CYCLE mode=gng ===
20:38:17 [INFO] === SCRAPE G/NG ===
20:38:27 [INFO] rounds ignorés (timer courant / hors séquence): ['00:21']
20:38:27 [INFO] 9 rounds retenus / 10 total (10 horodatés)
20:38:30 [INFO]   G/NG [20:40]: 10 matchs
20:38:33 [INFO]   G/NG [20:42]: 10 matchs
20:38:36 [INFO]   G/NG [20:44]: 10 matchs
20:38:39 [INFO]   G/NG [20:46]: 10 matchs
20:38:42 [INFO]   G/NG [20:48]: 10 matchs
20:38:45 [INFO]   G/NG [20:50]: 10 matchs
20:38:48 [INFO]   G/NG [20:52]: 10 matchs
20:38:51 [INFO]   G/NG [20:54]: 10 matchs
20:38:54 [INFO]   G/NG [20:56]: 10 matchs
20:38:54 [INFO] G/NG: 90 cotes → data/cbet_odds.json
20:39:24 [INFO] === FIN 67.0s erreurs=aucune ===
20:41:10 [INFO] === DÉBUT CYCLE mode=results ===
20:41:10 [INFO] === SCRAPE RÉSULTATS (version corrigée) ===
20:41:19 [INFO]   1 clics 'Afficher plus'
20:41:20 [INFO] Résultats: 50 → data/cbet_results.json
20:41:50 [INFO] === FIN 40.5s erreurs=aucune ===
21:35:13 [INFO] === DÉBUT CYCLE mode=1x2 ===
21:35:15 [INFO] === SCRAPE 1X2 ===
21:35:24 [WARNING] Impossible de sélectionner 1X2
21:35:24 [INFO] rounds ignorés (timer courant / hors séquence): ['21:36', '21:38', '21:40', '21:42', '21:44']
21:35:24 [INFO] 4 rounds retenus / 10 total (9 horodatés)
21:35:25 [INFO]   1X2 [21:49]: 10 matchs
21:35:26 [INFO]   1X2 [21:51]: 10 matchs
21:35:28 [INFO]   1X2 [21:53]: 10 matchs
21:35:29 [INFO]   1X2 [21:55]: 10 matchs
21:35:29 [INFO] 1X2: 4 rounds → data/congobet_1x2_rounds.json
21:35:59 [INFO] === FIN 46.4s erreurs=aucune ===
21:35:59 [INFO] === DÉBUT CYCLE mode=gng ===
21:36:00 [INFO] === SCRAPE G/NG ===
21:36:12 [INFO] rounds ignorés (timer courant / hors séquence): ['00:37', '21:38', '21:40', '21:42', '21:44']
21:36:12 [INFO] 5 rounds retenus / 10 total (10 horodatés)
21:36:15 [INFO]   G/NG [21:49]: 10 matchs
21:36:18 [INFO]   G/NG [21:51]: 10 matchs
21:36:21 [INFO]   G/NG [21:53]: 10 matchs
21:36:24 [INFO]   G/NG [21:55]: 10 matchs
21:36:27 [INFO]   G/NG [21:57]: 10 matchs
21:36:27 [INFO] G/NG: 50 cotes → data/cbet_odds.json
21:36:27 [INFO] === FIN 27.5s erreurs=aucune ===
21:38:12 [INFO] === DÉBUT CYCLE mode=results ===
21:38:13 [INFO] === SCRAPE RÉSULTATS (version corrigée) ===
21:38:26 [INFO]   5 clics 'Afficher plus'
21:38:31 [INFO] Résultats: 240 → data/cbet_results.json
21:39:01 [INFO] === FIN 48.4s erreurs=aucune ===
22:31:21 [INFO] === DÉBUT CYCLE mode=1x2 ===
22:31:21 [INFO] === SCRAPE 1X2 ===
22:31:29 [INFO] rounds ignorés (timer courant / hors séquence): ['00:20']
22:31:29 [INFO] 9 rounds retenus / 10 total (10 horodatés)
22:31:30 [INFO]   1X2 [22:33]: 10 matchs
22:31:31 [INFO]   1X2 [22:35]: 10 matchs
22:31:32 [INFO]   1X2 [22:37]: 10 matchs
22:31:34 [INFO]   1X2 [22:39]: 10 matchs
22:31:35 [INFO]   1X2 [22:41]: 10 matchs
22:31:37 [INFO]   1X2 [22:43]: 10 matchs
22:31:38 [INFO]   1X2 [22:45]: 10 matchs
22:31:39 [INFO]   1X2 [22:47]: 10 matchs
22:31:41 [INFO]   1X2 [22:49]: 10 matchs
22:31:41 [INFO] 1X2: 9 rounds → data/congobet_1x2_rounds.json
22:31:41 [INFO] === FIN 19.9s erreurs=aucune ===
22:31:41 [INFO] === DÉBUT CYCLE mode=gng ===
22:31:41 [INFO] === SCRAPE G/NG ===
22:31:50 [INFO] rounds ignorés (timer courant / hors séquence): ['00:00']
22:31:50 [INFO] 9 rounds retenus / 10 total (10 horodatés)
22:31:53 [INFO]   G/NG [22:33]: 10 matchs
22:31:56 [INFO]   G/NG [22:35]: 10 matchs
22:31:59 [INFO]   G/NG [22:37]: 10 matchs
22:32:02 [INFO]   G/NG [22:39]: 10 matchs
22:32:05 [INFO]   G/NG [22:41]: 10 matchs
22:32:08 [INFO]   G/NG [22:43]: 10 matchs
22:32:11 [INFO]   G/NG [22:45]: 10 matchs
22:32:14 [INFO]   G/NG [22:47]: 10 matchs
22:32:18 [INFO]   G/NG [22:49]: 10 matchs
22:32:18 [INFO] G/NG: 90 cotes → data/cbet_odds.json
22:32:48 [INFO] === FIN 66.9s erreurs=aucune ===
22:34:36 [INFO] === DÉBUT CYCLE mode=results ===
22:34:36 [INFO] === SCRAPE RÉSULTATS (version corrigée) ===
22:34:50 [INFO]   5 clics 'Afficher plus'
22:34:54 [INFO] Résultats: 220 → data/cbet_results.json
22:34:54 [INFO] === FIN 18.0s erreurs=aucune ===
23:33:13 [INFO] === DÉBUT CYCLE mode=1x2 ===
23:33:15 [INFO] === SCRAPE 1X2 ===
23:33:21 [WARNING] Impossible de sélectionner 1X2
23:33:22 [INFO] 9 rounds retenus / 10 total (9 horodatés)
23:33:22 [INFO]   1X2 [23:34]: 10 matchs
23:33:24 [INFO]   1X2 [23:36]: 10 matchs
23:33:25 [INFO]   1X2 [23:38]: 10 matchs
23:33:27 [INFO]   1X2 [23:40]: 10 matchs
23:33:28 [INFO]   1X2 [23:42]: 10 matchs
23:33:30 [INFO]   1X2 [23:44]: 10 matchs
23:33:31 [INFO]   1X2 [23:46]: 10 matchs
23:33:32 [INFO]   1X2 [23:48]: 10 matchs
23:33:34 [INFO]   1X2 [23:50]: 10 matchs
23:33:34 [INFO] 1X2: 9 rounds → data/congobet_1x2_rounds.json
23:34:04 [INFO] === FIN 51.2s erreurs=aucune ===
23:34:04 [INFO] === DÉBUT CYCLE mode=gng ===
23:34:05 [INFO] === SCRAPE G/NG ===
23:34:15 [INFO] rounds ignorés (timer courant / hors séquence): ['00:34']
23:34:15 [INFO] 9 rounds retenus / 10 total (10 horodatés)
23:34:18 [INFO]   G/NG [23:36]: 10 matchs
23:34:21 [INFO]   G/NG [23:38]: 10 matchs
23:34:24 [INFO]   G/NG [23:40]: 10 matchs
23:34:27 [INFO]   G/NG [23:42]: 10 matchs
23:34:29 [INFO]   G/NG [23:44]: 10 matchs
23:34:33 [INFO]   G/NG [23:46]: 10 matchs
23:34:36 [INFO]   G/NG [23:48]: 10 matchs
23:34:38 [INFO]   G/NG [23:50]: 10 matchs
23:34:41 [INFO]   G/NG [23:52]: 10 matchs
23:34:41 [INFO] G/NG: 90 cotes → data/cbet_odds.json
23:34:41 [INFO] === FIN 36.9s erreurs=aucune ===
23:36:27 [INFO] === DÉBUT CYCLE mode=results ===
23:36:27 [INFO] === SCRAPE RÉSULTATS (version corrigée) ===
23:36:37 [INFO]   3 clics 'Afficher plus'
23:36:39 [INFO] Résultats: 140 → data/cbet_results.json
23:37:10 [INFO] === FIN 42.7s erreurs=aucune ===
01:31:50 [INFO] === DÉBUT CYCLE mode=1x2 ===
01:31:51 [INFO] === SCRAPE 1X2 ===
01:31:58 [WARNING] Impossible de sélectionner 1X2
01:31:58 [INFO] rounds ignorés (timer courant / hors séquence): ['01:33', '01:35', '01:37', '01:39', '01:41']
01:31:58 [INFO] 4 rounds retenus / 10 total (9 horodatés)
01:32:00 [INFO]   1X2 [01:46]: 10 matchs
01:32:01 [INFO]   1X2 [01:48]: 10 matchs
01:32:03 [INFO]   1X2 [01:50]: 10 matchs
01:32:04 [INFO]   1X2 [01:52]: 10 matchs
01:32:04 [INFO] 1X2: 4 rounds → data/congobet_1x2_rounds.json
01:32:35 [INFO] === FIN 44.2s erreurs=aucune ===
01:32:37 [INFO] === DÉBUT CYCLE mode=gng ===
01:32:38 [INFO] === SCRAPE G/NG ===
01:32:46 [WARNING] Impossible de sélectionner G/NG
01:32:46 [INFO] === FIN 9.3s erreurs=aucune ===
01:34:32 [INFO] === DÉBUT CYCLE mode=results ===
01:34:33 [INFO] === SCRAPE RÉSULTATS (version corrigée) ===
01:34:47 [INFO]   5 clics 'Afficher plus'
01:34:52 [INFO] Résultats: 240 → data/cbet_results.json
01:35:22 [INFO] === FIN 49.5s erreurs=aucune ===
05:51:30 [INFO] === DÉBUT CYCLE mode=1x2 ===
05:51:31 [INFO] === SCRAPE 1X2 ===
05:51:39 [INFO] rounds ignorés (timer courant / hors séquence): ['00:11']
05:51:39 [INFO] 9 rounds retenus / 10 total (10 horodatés)
05:51:40 [INFO]   1X2 [05:53]: 10 matchs
05:51:41 [INFO]   1X2 [05:55]: 10 matchs
05:51:43 [INFO]   1X2 [05:57]: 10 matchs
05:51:44 [INFO]   1X2 [05:59]: 10 matchs
05:51:46 [INFO]   1X2 [06:01]: 10 matchs
05:51:47 [INFO]   1X2 [06:03]: 10 matchs
05:51:48 [INFO]   1X2 [06:05]: 10 matchs
05:51:50 [INFO]   1X2 [06:07]: 10 matchs
05:51:51 [INFO]   1X2 [06:09]: 10 matchs
05:51:51 [INFO] 1X2: 9 rounds → data/congobet_1x2_rounds.json
05:51:51 [INFO] === FIN 20.7s erreurs=aucune ===
05:51:51 [INFO] === DÉBUT CYCLE mode=gng ===
05:51:52 [INFO] === SCRAPE G/NG ===
05:51:59 [WARNING] Impossible de sélectionner G/NG
05:51:59 [INFO] === FIN 7.7s erreurs=aucune ===
05:53:44 [INFO] === DÉBUT CYCLE mode=results ===
05:53:45 [INFO] === SCRAPE RÉSULTATS (version corrigée) ===
05:53:54 [INFO]   1 clics 'Afficher plus'
05:53:55 [INFO] Résultats: 50 → data/cbet_results.json
05:53:55 [INFO] === FIN 10.7s erreurs=aucune ===
09:02:15 [INFO] === DÉBUT CYCLE mode=1x2 ===
09:02:16 [INFO] === SCRAPE 1X2 ===
09:02:29 [WARNING] Impossible de sélectionner 1X2
09:02:29 [INFO] 9 rounds retenus / 10 total (9 horodatés)
09:02:31 [INFO]   1X2 [09:03]: 10 matchs
09:02:32 [INFO]   1X2 [09:05]: 10 matchs
09:02:33 [INFO]   1X2 [09:07]: 10 matchs
09:02:35 [INFO]   1X2 [09:09]: 10 matchs
09:02:36 [INFO]   1X2 [09:11]: 10 matchs
09:02:38 [INFO]   1X2 [09:13]: 10 matchs
09:02:39 [INFO]   1X2 [09:15]: 10 matchs
09:02:40 [INFO]   1X2 [09:17]: 10 matchs
09:02:42 [INFO]   1X2 [09:19]: 10 matchs
09:02:42 [INFO] 1X2: 9 rounds → data/congobet_1x2_rounds.json
09:02:42 [INFO] === FIN 26.5s erreurs=aucune ===
09:02:42 [INFO] === DÉBUT CYCLE mode=gng ===
09:02:42 [INFO] === SCRAPE G/NG ===
09:02:49 [WARNING] Impossible de sélectionner G/NG
09:02:49 [INFO] === FIN 7.2s erreurs=aucune ===
09:04:35 [INFO] === DÉBUT CYCLE mode=results ===
09:04:35 [INFO] === SCRAPE RÉSULTATS (version corrigée) ===
09:04:48 [INFO]   5 clics 'Afficher plus'
09:04:52 [INFO] Résultats: 210 → data/cbet_results.json
09:05:22 [INFO] === FIN 47.1s erreurs=aucune ===
12:44:26 [INFO] === DÉBUT CYCLE mode=1x2 ===
12:44:27 [INFO] === SCRAPE 1X2 ===
12:44:37 [INFO] rounds ignorés (timer courant / hors séquence): ['00:13']
12:44:37 [INFO] 9 rounds retenus / 10 total (10 horodatés)
12:44:38 [INFO]   1X2 [12:46]: 10 matchs
12:44:39 [INFO]   1X2 [12:48]: 10 matchs
12:44:41 [INFO]   1X2 [12:50]: 10 matchs
12:44:42 [INFO]   1X2 [12:52]: 10 matchs
12:44:44 [INFO]   1X2 [12:54]: 10 matchs
12:44:45 [INFO]   1X2 [12:56]: 10 matchs
12:44:46 [INFO]   1X2 [12:58]: 10 matchs
12:44:48 [INFO]   1X2 [13:00]: 10 matchs
12:44:49 [INFO]   1X2 [13:02]: 10 matchs
12:44:49 [INFO] 1X2: 9 rounds → data/congobet_1x2_rounds.json
12:44:49 [INFO] === FIN 23.4s erreurs=aucune ===
12:44:49 [INFO] === DÉBUT CYCLE mode=gng ===
12:44:50 [INFO] === SCRAPE G/NG ===
12:44:58 [WARNING] Impossible de sélectionner G/NG
12:44:58 [INFO] === FIN 9.0s erreurs=aucune ===
12:46:44 [INFO] === DÉBUT CYCLE mode=results ===
12:46:45 [INFO] === SCRAPE RÉSULTATS (version corrigée) ===
12:46:57 [INFO]   3 clics 'Afficher plus'
12:46:59 [INFO] Résultats: 140 → data/cbet_results.json
12:46:59 [INFO] === FIN 15.3s erreurs=aucune ===
16:14:06 [INFO] === DÉBUT CYCLE mode=1x2 ===
16:14:07 [INFO] === SCRAPE 1X2 ===
16:14:15 [INFO] rounds ignorés (timer courant / hors séquence): ['01:34']
16:14:15 [INFO] 9 rounds retenus / 10 total (10 horodatés)
16:14:16 [INFO]   1X2 [16:17]: 10 matchs
16:14:18 [INFO]   1X2 [16:19]: 10 matchs
16:14:19 [INFO]   1X2 [16:21]: 10 matchs
16:14:20 [INFO]   1X2 [16:23]: 10 matchs
16:14:22 [INFO]   1X2 [16:25]: 10 matchs
16:14:23 [INFO]   1X2 [16:27]: 10 matchs
16:14:24 [INFO]   1X2 [16:29]: 10 matchs
16:14:26 [INFO]   1X2 [16:31]: 10 matchs
16:14:27 [INFO]   1X2 [16:33]: 10 matchs
16:14:27 [INFO] 1X2: 9 rounds → data/congobet_1x2_rounds.json
16:14:57 [INFO] === FIN 50.9s erreurs=aucune ===
16:14:57 [INFO] === DÉBUT CYCLE mode=gng ===
16:14:58 [INFO] === SCRAPE G/NG ===
16:15:07 [INFO] rounds ignorés (timer courant / hors séquence): ['00:42']
16:15:07 [INFO] 9 rounds retenus / 10 total (10 horodatés)
16:15:10 [INFO]   G/NG [16:17]: 10 matchs
16:15:13 [INFO]   G/NG [16:19]: 10 matchs
16:15:16 [INFO]   G/NG [16:21]: 10 matchs
16:15:19 [INFO]   G/NG [16:23]: 10 matchs
16:15:22 [INFO]   G/NG [16:25]: 10 matchs
16:15:25 [INFO]   G/NG [16:27]: 10 matchs
16:15:28 [INFO]   G/NG [16:29]: 10 matchs
16:15:31 [INFO]   G/NG [16:31]: 10 matchs
16:15:34 [INFO]   G/NG [16:33]: 10 matchs
16:15:34 [INFO] G/NG: 90 cotes → data/cbet_odds.json
16:15:34 [INFO] === FIN 36.9s erreurs=aucune ===
16:17:20 [INFO] === DÉBUT CYCLE mode=results ===
16:17:20 [INFO] === SCRAPE RÉSULTATS (version corrigée) ===
16:17:27 [INFO]   0 clics 'Afficher plus'
16:17:27 [INFO] Résultats: 10 → data/cbet_results.json
16:17:27 [INFO] === FIN 7.0s erreurs=aucune ===
18:12:41 [INFO] === DÉBUT CYCLE mode=1x2 ===
18:12:43 [INFO] === SCRAPE 1X2 ===
18:12:52 [INFO] 9 rounds retenus / 10 total (9 horodatés)
18:12:53 [INFO]   1X2 [18:14]: 10 matchs
18:12:54 [INFO]   1X2 [18:16]: 10 matchs
18:12:56 [INFO]   1X2 [18:18]: 10 matchs
18:12:57 [INFO]   1X2 [18:20]: 10 matchs
18:12:59 [INFO]   1X2 [18:22]: 10 matchs
18:13:00 [INFO]   1X2 [18:24]: 10 matchs
18:13:02 [INFO]   1X2 [18:26]: 10 matchs
18:13:03 [INFO]   1X2 [18:28]: 10 matchs
18:13:04 [INFO]   1X2 [18:30]: 10 matchs
18:13:04 [INFO] 1X2: 9 rounds → data/congobet_1x2_rounds.json
18:13:35 [INFO] === FIN 52.9s erreurs=aucune ===
18:13:36 [INFO] === DÉBUT CYCLE mode=gng ===
18:13:36 [INFO] === SCRAPE G/NG ===
18:13:44 [WARNING] Impossible de sélectionner G/NG
18:13:45 [INFO] === FIN 8.7s erreurs=aucune ===
18:15:31 [INFO] === DÉBUT CYCLE mode=results ===
18:15:31 [INFO] === SCRAPE RÉSULTATS (version corrigée) ===
18:15:44 [INFO]   4 clics 'Afficher plus'
18:15:48 [INFO] Résultats: 200 → data/cbet_results.json
18:15:48 [INFO] === FIN 17.5s erreurs=aucune ===
20:01:26 [INFO] === DÉBUT CYCLE mode=1x2 ===
20:01:28 [INFO] === SCRAPE 1X2 ===
20:01:35 [INFO] rounds ignorés (timer courant / hors séquence): ['00:14', '20:03', '20:05', '20:07']
20:01:35 [INFO] 6 rounds retenus / 10 total (10 horodatés)
20:01:37 [INFO]   1X2 [20:12]: 10 matchs
20:01:38 [INFO]   1X2 [20:14]: 10 matchs
20:01:39 [INFO]   1X2 [20:16]: 10 matchs
20:01:40 [INFO]   1X2 [20:18]: 10 matchs
20:01:41 [INFO]   1X2 [20:20]: 10 matchs
20:01:42 [INFO]   1X2 [20:22]: 10 matchs
20:01:42 [INFO] 1X2: 6 rounds → data/congobet_1x2_rounds.json
20:02:12 [INFO] === FIN 45.9s erreurs=aucune ===
20:02:12 [INFO] === DÉBUT CYCLE mode=gng ===
20:02:13 [INFO] === SCRAPE G/NG ===
20:02:19 [WARNING] Impossible de sélectionner G/NG
20:02:19 [INFO] === FIN 7.2s erreurs=aucune ===
20:04:05 [INFO] === DÉBUT CYCLE mode=results ===
20:04:05 [INFO] === SCRAPE RÉSULTATS (version corrigée) ===
20:04:17 [INFO]   5 clics 'Afficher plus'
20:04:22 [INFO] Résultats: 240 → data/cbet_results.json
20:04:52 [INFO] === FIN 47.2s erreurs=aucune ===
21:21:25 [INFO] === DÉBUT CYCLE mode=1x2 ===
21:21:26 [INFO] === SCRAPE 1X2 ===
21:21:33 [WARNING] Impossible de sélectionner 1X2
21:21:33 [INFO] rounds ignorés (timer courant / hors séquence): ['21:22', '21:24', '21:26']
21:21:33 [INFO] 6 rounds retenus / 10 total (9 horodatés)
21:21:34 [INFO]   1X2 [21:31]: 10 matchs
21:21:35 [INFO]   1X2 [21:33]: 10 matchs
21:21:35 [INFO]   1X2 [21:35]: 10 matchs
21:21:37 [INFO]   1X2 [21:37]: 10 matchs
21:21:38 [INFO]   1X2 [21:39]: 10 matchs
21:21:40 [INFO]   1X2 [21:41]: 10 matchs
21:21:40 [INFO] 1X2: 6 rounds → data/congobet_1x2_rounds.json
21:21:40 [INFO] === FIN 14.5s erreurs=aucune ===
21:21:40 [INFO] === DÉBUT CYCLE mode=gng ===
21:21:40 [INFO] === SCRAPE G/NG ===
21:21:49 [WARNING] Impossible de sélectionner G/NG
21:22:20 [INFO] === FIN 39.6s erreurs=aucune ===
21:24:06 [INFO] === DÉBUT CYCLE mode=results ===
21:24:07 [INFO] === SCRAPE RÉSULTATS (version corrigée) ===
21:24:19 [INFO]   5 clics 'Afficher plus'
21:24:23 [INFO] Résultats: 240 → data/cbet_results.json
21:24:23 [INFO] === FIN 17.1s erreurs=aucune ===
22:30:19 [INFO] === DÉBUT CYCLE mode=1x2 ===
22:30:20 [INFO] === SCRAPE 1X2 ===
22:30:27 [WARNING] Impossible de sélectionner 1X2
22:30:27 [INFO] 9 rounds retenus / 10 total (9 horodatés)
22:30:28 [INFO]   1X2 [22:31]: 10 matchs
22:30:29 [INFO]   1X2 [22:33]: 10 matchs
22:30:30 [INFO]   1X2 [22:35]: 10 matchs
22:30:31 [INFO]   1X2 [22:37]: 10 matchs
22:30:32 [INFO]   1X2 [22:39]: 10 matchs
22:30:34 [INFO]   1X2 [22:41]: 10 matchs
22:30:35 [INFO]   1X2 [22:43]: 10 matchs
22:30:36 [INFO]   1X2 [22:45]: 10 matchs
22:30:37 [INFO]   1X2 [22:50]: 10 matchs
22:30:37 [INFO] 1X2: 9 rounds → data/congobet_1x2_rounds.json
22:30:37 [INFO] === FIN 18.8s erreurs=aucune ===
22:30:38 [INFO] === DÉBUT CYCLE mode=gng ===
22:30:38 [INFO] === SCRAPE G/NG ===
22:30:50 [WARNING] Impossible de sélectionner G/NG
22:31:20 [INFO] === FIN 42.8s erreurs=aucune ===
22:33:07 [INFO] === DÉBUT CYCLE mode=results ===
22:33:07 [INFO] === SCRAPE RÉSULTATS (version corrigée) ===
22:33:21 [INFO]   5 clics 'Afficher plus'
22:33:26 [INFO] Résultats: 240 → data/cbet_results.json
22:33:56 [INFO] === FIN 48.9s erreurs=aucune ===
23:39:11 [INFO] === DÉBUT CYCLE mode=1x2 ===
23:39:11 [INFO] === SCRAPE 1X2 ===
23:39:19 [WARNING] Impossible de sélectionner 1X2
23:39:19 [INFO] 9 rounds retenus / 10 total (9 horodatés)
23:39:20 [INFO]   1X2 [23:40]: 10 matchs
23:39:22 [INFO]   1X2 [23:42]: 10 matchs
23:39:23 [INFO]   1X2 [23:44]: 10 matchs
23:39:24 [INFO]   1X2 [23:46]: 10 matchs
23:39:26 [INFO]   1X2 [23:48]: 10 matchs
23:39:27 [INFO]   1X2 [23:50]: 10 matchs
23:39:29 [INFO]   1X2 [23:52]: 10 matchs
23:39:30 [INFO]   1X2 [23:54]: 10 matchs
23:39:31 [INFO]   1X2 [23:56]: 10 matchs
23:39:31 [INFO] 1X2: 9 rounds → data/congobet_1x2_rounds.json
23:40:02 [INFO] === FIN 50.7s erreurs=aucune ===
23:40:02 [INFO] === DÉBUT CYCLE mode=gng ===
23:40:03 [INFO] === SCRAPE G/NG ===
23:40:14 [INFO] rounds ignorés (timer courant / hors séquence): ['00:35']
23:40:14 [INFO] 9 rounds retenus / 10 total (10 horodatés)
23:40:17 [INFO]   G/NG [23:42]: 10 matchs
23:40:20 [INFO]   G/NG [23:44]: 10 matchs
23:40:23 [INFO]   G/NG [23:46]: 10 matchs
23:40:26 [INFO]   G/NG [23:48]: 10 matchs
23:40:29 [INFO]   G/NG [23:50]: 10 matchs
23:40:32 [INFO]   G/NG [23:52]: 10 matchs
23:40:35 [INFO]   G/NG [23:54]: 10 matchs
23:40:38 [INFO]   G/NG [23:56]: 10 matchs
23:40:41 [INFO]   G/NG [23:58]: 10 matchs
23:40:41 [INFO] G/NG: 90 cotes → data/cbet_odds.json
23:41:11 [INFO] === FIN 68.8s erreurs=aucune ===
23:42:57 [INFO] === DÉBUT CYCLE mode=results ===
23:42:58 [INFO] === SCRAPE RÉSULTATS (version corrigée) ===
23:43:13 [INFO]   5 clics 'Afficher plus'
23:43:18 [INFO] Résultats: 240 → data/cbet_results.json
23:43:18 [INFO] === FIN 20.5s erreurs=aucune ===
01:33:44 [INFO] === DÉBUT CYCLE mode=1x2 ===
01:33:45 [INFO] === SCRAPE 1X2 ===
01:33:53 [INFO] rounds ignorés (timer courant / hors séquence): ['00:57']
01:33:53 [INFO] 9 rounds retenus / 10 total (10 horodatés)
01:33:54 [INFO]   1X2 [01:36]: 10 matchs
01:33:56 [INFO]   1X2 [01:38]: 10 matchs
01:33:57 [INFO]   1X2 [01:40]: 10 matchs
01:33:58 [INFO]   1X2 [01:42]: 10 matchs
01:34:00 [INFO]   1X2 [01:44]: 10 matchs
01:34:01 [INFO]   1X2 [01:46]: 10 matchs
01:34:02 [INFO]   1X2 [01:48]: 10 matchs
01:34:04 [INFO]   1X2 [01:50]: 10 matchs
01:34:05 [INFO]   1X2 [01:52]: 10 matchs
01:34:05 [INFO] 1X2: 9 rounds → data/congobet_1x2_rounds.json
01:34:36 [INFO] === FIN 50.9s erreurs=aucune ===
01:34:36 [INFO] === DÉBUT CYCLE mode=gng ===
01:34:37 [INFO] === SCRAPE G/NG ===
01:34:47 [INFO] rounds ignorés (timer courant / hors séquence): ['00:01']
01:34:47 [INFO] 9 rounds retenus / 10 total (10 horodatés)
01:34:50 [INFO]   G/NG [01:36]: 10 matchs
01:34:53 [INFO]   G/NG [01:38]: 10 matchs
01:34:56 [INFO]   G/NG [01:40]: 10 matchs
01:34:59 [INFO]   G/NG [01:42]: 10 matchs
01:35:03 [INFO]   G/NG [01:44]: 10 matchs
01:35:06 [INFO]   G/NG [01:46]: 10 matchs
01:35:09 [INFO]   G/NG [01:48]: 10 matchs
01:35:12 [INFO]   G/NG [01:50]: 10 matchs
01:35:15 [INFO]   G/NG [01:52]: 10 matchs
01:35:15 [INFO] G/NG: 90 cotes → data/cbet_odds.json
01:35:15 [INFO] === FIN 39.1s erreurs=aucune ===
01:37:00 [INFO] === DÉBUT CYCLE mode=results ===
01:37:00 [INFO] === SCRAPE RÉSULTATS (version corrigée) ===
01:37:08 [INFO]   0 clics 'Afficher plus'
01:37:09 [INFO] Résultats: 40 → data/cbet_results.json
01:37:09 [INFO] === FIN 8.9s erreurs=aucune ===
05:47:38 [INFO] === DÉBUT CYCLE mode=1x2 ===
05:47:40 [INFO] === SCRAPE 1X2 ===
05:47:48 [INFO] rounds ignorés (timer courant / hors séquence): ['00:01']
05:47:48 [INFO] 9 rounds retenus / 10 total (10 horodatés)
05:47:50 [INFO]   1X2 [05:49]: 10 matchs
05:47:51 [INFO]   1X2 [05:51]: 10 matchs
05:47:52 [INFO]   1X2 [05:53]: 10 matchs
05:47:54 [INFO]   1X2 [05:55]: 10 matchs
05:47:55 [INFO]   1X2 [05:57]: 10 matchs
05:47:57 [INFO]   1X2 [05:59]: 10 matchs
05:47:58 [INFO]   1X2 [06:01]: 10 matchs
05:47:59 [INFO]   1X2 [06:03]: 10 matchs
05:48:01 [INFO]   1X2 [06:05]: 10 matchs
05:48:01 [INFO] 1X2: 9 rounds → data/congobet_1x2_rounds.json
05:48:31 [INFO] === FIN 52.6s erreurs=aucune ===
05:48:31 [INFO] === DÉBUT CYCLE mode=gng ===
05:48:31 [INFO] === SCRAPE G/NG ===
05:48:43 [WARNING] Impossible de sélectionner G/NG
05:49:13 [INFO] === FIN 41.8s erreurs=aucune ===
05:50:59 [INFO] === DÉBUT CYCLE mode=results ===
05:50:59 [INFO] === SCRAPE RÉSULTATS (version corrigée) ===
05:51:12 [INFO]   3 clics 'Afficher plus'
05:51:14 [INFO] Résultats: 130 → data/cbet_results.json
05:51:45 [INFO] === FIN 45.7s erreurs=aucune ===
08:50:53 [INFO] === DÉBUT CYCLE mode=1x2 ===
08:50:57 [INFO] === SCRAPE 1X2 ===
08:51:05 [INFO] rounds ignorés (timer courant / hors séquence): ['00:44']
08:51:05 [INFO] 9 rounds retenus / 10 total (10 horodatés)
08:51:06 [INFO]   1X2 [08:53]: 10 matchs
08:51:08 [INFO]   1X2 [08:55]: 10 matchs
08:51:09 [INFO]   1X2 [08:57]: 10 matchs
08:51:10 [INFO]   1X2 [08:59]: 10 matchs
08:51:12 [INFO]   1X2 [09:01]: 10 matchs
08:51:13 [INFO]   1X2 [09:03]: 10 matchs
08:51:15 [INFO]   1X2 [09:05]: 10 matchs
08:51:16 [INFO]   1X2 [09:07]: 10 matchs
08:51:17 [INFO]   1X2 [09:09]: 10 matchs
08:51:17 [INFO] 1X2: 9 rounds → data/congobet_1x2_rounds.json
08:51:48 [INFO] === FIN 54.4s erreurs=aucune ===
08:51:48 [INFO] === DÉBUT CYCLE mode=gng ===
08:51:49 [INFO] === SCRAPE G/NG ===
08:51:58 [WARNING] Impossible de sélectionner G/NG
08:52:28 [INFO] === FIN 39.7s erreurs=aucune ===
08:54:17 [INFO] === DÉBUT CYCLE mode=results ===
08:54:17 [INFO] === SCRAPE RÉSULTATS (version corrigée) ===
08:54:32 [INFO]   5 clics 'Afficher plus'
08:54:36 [INFO] Résultats: 240 → data/cbet_results.json
08:55:06 [INFO] === FIN 49.6s erreurs=aucune ===
11:49:33 [INFO] === DÉBUT CYCLE mode=1x2 ===
11:49:35 [INFO] === SCRAPE 1X2 ===
11:49:41 [INFO] rounds ignorés (timer courant / hors séquence): ['00:07', '11:51', '11:53', '11:55']
11:49:41 [INFO] 6 rounds retenus / 10 total (10 horodatés)
11:49:43 [INFO]   1X2 [12:00]: 10 matchs
11:49:44 [INFO]   1X2 [12:02]: 10 matchs
11:49:45 [INFO]   1X2 [12:04]: 10 matchs
11:49:47 [INFO]   1X2 [12:06]: 10 matchs
11:49:47 [INFO]   1X2 [12:08]: 10 matchs
11:49:49 [INFO]   1X2 [12:10]: 10 matchs
11:49:49 [INFO] 1X2: 6 rounds → data/congobet_1x2_rounds.json
11:49:49 [INFO] === FIN 15.5s erreurs=aucune ===
11:49:49 [INFO] === DÉBUT CYCLE mode=gng ===
11:49:49 [INFO] === SCRAPE G/NG ===
11:49:56 [WARNING] Impossible de sélectionner G/NG
11:49:56 [INFO] === FIN 6.6s erreurs=aucune ===
11:51:41 [INFO] === DÉBUT CYCLE mode=results ===
11:51:42 [INFO] === SCRAPE RÉSULTATS (version corrigée) ===
11:51:54 [INFO]   5 clics 'Afficher plus'
11:51:58 [INFO] Résultats: 240 → data/cbet_results.json
11:51:58 [INFO] === FIN 17.2s erreurs=aucune ===
14:22:38 [INFO] === DÉBUT CYCLE mode=1x2 ===
14:22:39 [INFO] === SCRAPE 1X2 ===
14:22:49 [WARNING] Impossible de sélectionner 1X2
14:22:49 [INFO] rounds ignorés (timer courant / hors séquence): ['14:23', '14:25', '14:27', '14:29', '14:31', '14:33']
14:22:49 [INFO] 3 rounds retenus / 10 total (9 horodatés)
14:22:50 [INFO]   1X2 [14:38]: 10 matchs
14:22:52 [INFO]   1X2 [14:40]: 10 matchs
14:22:53 [INFO]   1X2 [14:42]: 10 matchs
14:22:53 [INFO] 1X2: 3 rounds → data/congobet_1x2_rounds.json
14:23:23 [INFO] === FIN 45.4s erreurs=aucune ===
14:23:24 [INFO] === DÉBUT CYCLE mode=gng ===
14:23:24 [INFO] === SCRAPE G/NG ===
14:23:35 [INFO] rounds ignorés (timer courant / hors séquence): ['00:14', '14:25', '14:27', '14:29', '14:31', '14:33']
14:23:35 [INFO] 4 rounds retenus / 10 total (10 horodatés)
14:23:38 [INFO]   G/NG [14:38]: 10 matchs
14:23:41 [INFO]   G/NG [14:40]: 10 matchs
14:23:44 [INFO]   G/NG [14:42]: 10 matchs
14:23:48 [INFO]   G/NG [14:44]: 10 matchs
14:23:48 [INFO] G/NG: 40 cotes → data/cbet_odds.json
14:24:18 [INFO] === FIN 54.0s erreurs=aucune ===
14:26:04 [INFO] === DÉBUT CYCLE mode=results ===
14:26:05 [INFO] === SCRAPE RÉSULTATS (version corrigée) ===
14:26:20 [INFO]   5 clics 'Afficher plus'
14:26:24 [INFO] Résultats: 240 → data/cbet_results.json
14:26:25 [INFO] === FIN 20.3s erreurs=aucune ===
17:23:32 [INFO] === DÉBUT CYCLE mode=1x2 ===
17:23:32 [INFO] === SCRAPE 1X2 ===
17:23:39 [WARNING] Impossible de sélectionner 1X2
17:23:39 [INFO] 9 rounds retenus / 10 total (9 horodatés)
17:23:41 [INFO]   1X2 [17:24]: 10 matchs
17:23:42 [INFO]   1X2 [17:26]: 10 matchs
17:23:44 [INFO]   1X2 [17:28]: 10 matchs
17:23:45 [INFO]   1X2 [17:30]: 10 matchs
17:23:46 [INFO]   1X2 [17:32]: 10 matchs
17:23:48 [INFO]   1X2 [17:34]: 10 matchs
17:23:49 [INFO]   1X2 [17:36]: 10 matchs
17:23:51 [INFO]   1X2 [17:38]: 10 matchs
17:23:52 [INFO]   1X2 [17:40]: 10 matchs
17:23:52 [INFO] 1X2: 9 rounds → data/congobet_1x2_rounds.json
17:24:22 [INFO] === FIN 50.3s erreurs=aucune ===
17:24:22 [INFO] === DÉBUT CYCLE mode=gng ===
17:24:22 [INFO] === SCRAPE G/NG ===
17:24:32 [INFO] rounds ignorés (timer courant / hors séquence): ['00:17']
17:24:32 [INFO] 9 rounds retenus / 10 total (10 horodatés)
17:24:35 [INFO]   G/NG [17:26]: 10 matchs
17:24:38 [INFO]   G/NG [17:28]: 10 matchs
17:24:41 [INFO]   G/NG [17:30]: 10 matchs
17:24:44 [INFO]   G/NG [17:32]: 10 matchs
17:24:47 [INFO]   G/NG [17:34]: 10 matchs
17:24:50 [INFO]   G/NG [17:36]: 10 matchs
17:24:53 [INFO]   G/NG [17:38]: 10 matchs
17:24:56 [INFO]   G/NG [17:40]: 10 matchs
17:24:59 [INFO]   G/NG [17:42]: 10 matchs
17:24:59 [INFO] G/NG: 90 cotes → data/cbet_odds.json
17:25:00 [INFO] === FIN 37.5s erreurs=aucune ===
17:26:45 [INFO] === DÉBUT CYCLE mode=results ===
17:26:46 [INFO] === SCRAPE RÉSULTATS (version corrigée) ===
17:26:54 [INFO]   1 clics 'Afficher plus'
17:26:54 [INFO] Résultats: 50 → data/cbet_results.json
17:26:54 [INFO] === FIN 8.9s erreurs=aucune ===
19:23:51 [INFO] === DÉBUT CYCLE mode=1x2 ===
19:23:52 [INFO] === SCRAPE 1X2 ===
19:23:59 [WARNING] Impossible de sélectionner 1X2
19:23:59 [INFO] 9 rounds retenus / 10 total (9 horodatés)
19:24:00 [INFO]   1X2 [19:25]: 10 matchs
19:24:02 [INFO]   1X2 [19:27]: 10 matchs
19:24:03 [INFO]   1X2 [19:29]: 10 matchs
19:24:05 [INFO]   1X2 [19:31]: 10 matchs
19:24:06 [INFO]   1X2 [19:33]: 10 matchs
19:24:07 [INFO]   1X2 [19:35]: 10 matchs
19:24:09 [INFO]   1X2 [19:37]: 10 matchs
19:24:10 [INFO]   1X2 [19:39]: 10 matchs
19:24:12 [INFO]   1X2 [19:41]: 10 matchs
19:24:12 [INFO] 1X2: 9 rounds → data/congobet_1x2_rounds.json
19:24:42 [INFO] === FIN 50.5s erreurs=aucune ===
19:24:42 [INFO] === DÉBUT CYCLE mode=gng ===
19:24:43 [INFO] === SCRAPE G/NG ===
19:24:50 [WARNING] Impossible de sélectionner G/NG
19:25:20 [INFO] === FIN 37.5s erreurs=aucune ===
19:27:05 [INFO] === DÉBUT CYCLE mode=results ===
19:27:06 [INFO] === SCRAPE RÉSULTATS (version corrigée) ===
19:27:19 [INFO]   5 clics 'Afficher plus'
19:27:23 [INFO] Résultats: 240 → data/cbet_results.json
19:27:54 [INFO] === FIN 48.1s erreurs=aucune ===
20:57:25 [INFO] === DÉBUT CYCLE mode=1x2 ===
20:57:28 [INFO] === SCRAPE 1X2 ===
20:57:34 [WARNING] Impossible de sélectionner 1X2
20:57:34 [INFO] rounds ignorés (timer courant / hors séquence): ['20:58', '21:00', '21:02', '21:04', '21:06', '21:08']
20:57:34 [INFO] 3 rounds retenus / 10 total (9 horodatés)
20:57:35 [INFO]   1X2 [21:13]: 10 matchs
20:57:37 [INFO]   1X2 [21:15]: 10 matchs
20:57:38 [INFO]   1X2 [21:17]: 10 matchs
20:57:38 [INFO] 1X2: 3 rounds → data/congobet_1x2_rounds.json
20:57:38 [INFO] === FIN 13.2s erreurs=aucune ===
20:57:39 [INFO] === DÉBUT CYCLE mode=gng ===
20:57:39 [INFO] === SCRAPE G/NG ===
20:57:45 [WARNING] Impossible de sélectionner G/NG
20:58:15 [INFO] === FIN 36.5s erreurs=aucune ===
21:00:01 [INFO] === DÉBUT CYCLE mode=results ===
21:00:01 [INFO] === SCRAPE RÉSULTATS (version corrigée) ===
21:00:13 [INFO]   5 clics 'Afficher plus'
21:00:18 [INFO] Résultats: 240 → data/cbet_results.json
21:00:48 [INFO] === FIN 47.2s erreurs=aucune ===
22:17:31 [INFO] === DÉBUT CYCLE mode=1x2 ===
22:17:32 [INFO] === SCRAPE 1X2 ===
22:17:39 [INFO] rounds ignorés (timer courant / hors séquence): ['00:10', '22:19', '22:21', '22:23', '22:25', '22:27']
22:17:39 [INFO] 4 rounds retenus / 10 total (10 horodatés)
22:17:40 [INFO]   1X2 [22:32]: 10 matchs
22:17:42 [INFO]   1X2 [22:34]: 10 matchs
22:17:43 [INFO]   1X2 [22:36]: 10 matchs
22:17:45 [INFO]   1X2 [22:38]: 10 matchs
22:17:45 [INFO] 1X2: 4 rounds → data/congobet_1x2_rounds.json
22:17:45 [INFO] === FIN 13.6s erreurs=aucune ===
22:17:45 [INFO] === DÉBUT CYCLE mode=gng ===
22:17:45 [INFO] === SCRAPE G/NG ===
22:17:54 [INFO] rounds ignorés (timer courant / hors séquence): ['22:19', '22:21', '22:23', '22:25', '22:27']
22:17:54 [INFO] 4 rounds retenus / 10 total (9 horodatés)
22:17:57 [INFO]   G/NG [22:32]: 10 matchs
22:18:00 [INFO]   G/NG [22:34]: 10 matchs
22:18:03 [INFO]   G/NG [22:36]: 10 matchs
22:18:06 [INFO]   G/NG [22:38]: 10 matchs
22:18:06 [INFO] G/NG: 40 cotes → data/cbet_odds.json
22:18:06 [INFO] === FIN 21.6s erreurs=aucune ===
22:19:51 [INFO] === DÉBUT CYCLE mode=results ===
22:19:52 [INFO] === SCRAPE RÉSULTATS (version corrigée) ===
22:20:04 [INFO]   5 clics 'Afficher plus'
22:20:09 [INFO] Résultats: 240 → data/cbet_results.json
22:20:39 [INFO] === FIN 47.5s erreurs=aucune ===
23:34:59 [INFO] === DÉBUT CYCLE mode=1x2 ===
23:35:00 [INFO] === SCRAPE 1X2 ===
23:35:06 [WARNING] Impossible de sélectionner 1X2
23:35:06 [INFO] rounds ignorés (timer courant / hors séquence): ['23:36', '23:38', '23:40', '23:42', '23:44', '23:46']
23:35:06 [INFO] 3 rounds retenus / 10 total (9 horodatés)
23:35:08 [INFO]   1X2 [23:51]: 10 matchs
23:35:09 [INFO]   1X2 [23:53]: 10 matchs
23:35:10 [INFO]   1X2 [23:55]: 10 matchs
23:35:10 [INFO] 1X2: 3 rounds → data/congobet_1x2_rounds.json
23:35:40 [INFO] === FIN 41.4s erreurs=aucune ===
23:35:41 [INFO] === DÉBUT CYCLE mode=gng ===
23:35:41 [INFO] === SCRAPE G/NG ===
23:35:47 [WARNING] Impossible de sélectionner G/NG
23:35:47 [INFO] === FIN 6.7s erreurs=aucune ===
23:37:33 [INFO] === DÉBUT CYCLE mode=results ===
23:37:33 [INFO] === SCRAPE RÉSULTATS (version corrigée) ===
23:37:45 [INFO]   5 clics 'Afficher plus'
23:37:50 [INFO] Résultats: 240 → data/cbet_results.json
23:37:50 [INFO] === FIN 17.2s erreurs=aucune ===
01:33:56 [INFO] === DÉBUT CYCLE mode=1x2 ===
01:33:58 [INFO] === SCRAPE 1X2 ===
01:34:05 [INFO] rounds ignorés (timer courant / hors séquence): ['00:44']
01:34:05 [INFO] 9 rounds retenus / 10 total (10 horodatés)
01:34:07 [INFO]   1X2 [01:36]: 10 matchs
01:34:08 [INFO]   1X2 [01:38]: 10 matchs
01:34:09 [INFO]   1X2 [01:40]: 10 matchs
01:34:11 [INFO]   1X2 [01:42]: 10 matchs
01:34:12 [INFO]   1X2 [01:44]: 10 matchs
01:34:14 [INFO]   1X2 [01:46]: 10 matchs
01:34:15 [INFO]   1X2 [01:48]: 10 matchs
01:34:16 [INFO]   1X2 [01:50]: 10 matchs
01:34:18 [INFO]   1X2 [01:52]: 10 matchs
01:34:18 [INFO] 1X2: 9 rounds → data/congobet_1x2_rounds.json
01:34:48 [INFO] === FIN 51.8s erreurs=aucune ===
01:34:51 [INFO] === DÉBUT CYCLE mode=gng ===
01:34:51 [INFO] === SCRAPE G/NG ===
01:34:58 [WARNING] Impossible de sélectionner G/NG
01:35:28 [INFO] === FIN 37.5s erreurs=aucune ===
01:37:18 [INFO] === DÉBUT CYCLE mode=results ===
01:37:18 [INFO] === SCRAPE RÉSULTATS (version corrigée) ===
01:37:29 [INFO]   3 clics 'Afficher plus'
01:37:31 [INFO] Résultats: 130 → data/cbet_results.json
01:38:01 [INFO] === FIN 42.9s erreurs=aucune ===
05:48:39 [INFO] === DÉBUT CYCLE mode=1x2 ===
05:48:40 [INFO] === SCRAPE 1X2 ===
05:48:49 [WARNING] Impossible de sélectionner 1X2
05:48:49 [INFO] 9 rounds retenus / 10 total (9 horodatés)
05:48:50 [INFO]   1X2 [05:49]: 10 matchs
05:48:52 [INFO]   1X2 [05:51]: 10 matchs
05:48:53 [INFO]   1X2 [05:53]: 10 matchs
05:48:54 [INFO]   1X2 [05:55]: 10 matchs
05:48:56 [INFO]   1X2 [05:57]: 10 matchs
05:48:57 [INFO]   1X2 [05:59]: 10 matchs
05:48:58 [INFO]   1X2 [06:01]: 10 matchs
05:49:00 [INFO]   1X2 [06:03]: 10 matchs
05:49:01 [INFO]   1X2 [06:05]: 10 matchs
05:49:01 [INFO] 1X2: 9 rounds → data/congobet_1x2_rounds.json
05:49:01 [INFO] === FIN 21.9s erreurs=aucune ===
05:49:01 [INFO] === DÉBUT CYCLE mode=gng ===
05:49:02 [INFO] === SCRAPE G/NG ===
05:49:13 [INFO] rounds ignorés (timer courant / hors séquence): ['00:36']
05:49:13 [INFO] 9 rounds retenus / 10 total (10 horodatés)
05:49:16 [INFO]   G/NG [05:51]: 10 matchs
05:49:19 [INFO]   G/NG [05:53]: 10 matchs
05:49:22 [INFO]   G/NG [05:55]: 10 matchs
05:49:25 [INFO]   G/NG [05:57]: 10 matchs
05:49:28 [INFO]   G/NG [05:59]: 10 matchs
05:49:31 [INFO]   G/NG [06:01]: 10 matchs
05:49:34 [INFO]   G/NG [06:03]: 10 matchs
05:49:37 [INFO]   G/NG [06:05]: 10 matchs
05:49:40 [INFO]   G/NG [06:07]: 10 matchs
05:49:40 [INFO] G/NG: 90 cotes → data/cbet_odds.json
05:49:40 [INFO] === FIN 38.7s erreurs=aucune ===
05:51:26 [INFO] === DÉBUT CYCLE mode=results ===
05:51:26 [INFO] === SCRAPE RÉSULTATS (version corrigée) ===
05:51:41 [INFO]   5 clics 'Afficher plus'
05:51:45 [INFO] Résultats: 220 → data/cbet_results.json
05:51:45 [INFO] === FIN 19.4s erreurs=aucune ===
08:46:46 [INFO] === DÉBUT CYCLE mode=1x2 ===
08:46:51 [INFO] === SCRAPE 1X2 ===
08:46:59 [INFO] rounds ignorés (timer courant / hors séquence): ['00:51', '08:49', '08:51', '08:53', '08:55', '08:57', '08:59']
08:46:59 [INFO] 3 rounds retenus / 10 total (10 horodatés)
08:47:00 [INFO]   1X2 [09:04]: 10 matchs
08:47:01 [INFO]   1X2 [09:06]: 10 matchs
08:47:03 [INFO]   1X2 [09:08]: 10 matchs
08:47:03 [INFO] 1X2: 3 rounds → data/congobet_1x2_rounds.json
08:47:34 [INFO] === FIN 46.6s erreurs=aucune ===
08:47:36 [INFO] === DÉBUT CYCLE mode=gng ===
08:47:36 [INFO] === SCRAPE G/NG ===
08:47:46 [INFO] rounds ignorés (timer courant / hors séquence): ['00:03', '08:49', '08:51', '08:53', '08:55', '08:57', '08:59']
08:47:46 [INFO] 3 rounds retenus / 10 total (10 horodatés)
08:47:49 [INFO]   G/NG [09:04]: 10 matchs
08:47:52 [INFO]   G/NG [09:06]: 10 matchs
08:47:55 [INFO]   G/NG [09:08]: 10 matchs
08:47:55 [INFO] G/NG: 30 cotes → data/cbet_odds.json
08:48:25 [INFO] === FIN 49.2s erreurs=aucune ===
08:50:16 [INFO] === DÉBUT CYCLE mode=results ===
08:50:16 [INFO] === SCRAPE RÉSULTATS (version corrigée) ===
08:50:30 [INFO]   5 clics 'Afficher plus'
08:50:34 [INFO] Résultats: 240 → data/cbet_results.json
08:51:05 [INFO] === FIN 48.3s erreurs=aucune ===
11:37:04 [INFO] === DÉBUT CYCLE mode=1x2 ===
11:37:06 [INFO] === SCRAPE 1X2 ===
11:37:14 [INFO] rounds ignorés (timer courant / hors séquence): ['00:35']
11:37:14 [INFO] 9 rounds retenus / 10 total (10 horodatés)
11:37:16 [INFO]   1X2 [11:42]: 10 matchs
11:37:17 [INFO]   1X2 [11:44]: 10 matchs
11:37:18 [INFO]   1X2 [11:46]: 10 matchs
11:37:20 [INFO]   1X2 [11:48]: 10 matchs
11:37:21 [INFO]   1X2 [11:50]: 10 matchs
11:37:23 [INFO]   1X2 [11:52]: 10 matchs
11:37:24 [INFO]   1X2 [11:54]: 10 matchs
11:37:25 [INFO]   1X2 [11:56]: 10 matchs
11:37:27 [INFO]   1X2 [11:58]: 10 matchs
11:37:27 [INFO] 1X2: 9 rounds → data/congobet_1x2_rounds.json
11:37:57 [INFO] === FIN 52.7s erreurs=aucune ===
11:38:00 [INFO] === DÉBUT CYCLE mode=gng ===
11:38:01 [INFO] === SCRAPE G/NG ===
11:38:10 [WARNING] Impossible de sélectionner G/NG
11:38:40 [INFO] === FIN 40.1s erreurs=aucune ===
11:40:29 [INFO] === DÉBUT CYCLE mode=results ===
11:40:30 [INFO] === SCRAPE RÉSULTATS (version corrigée) ===
11:40:38 [INFO]   0 clics 'Afficher plus'
11:40:53 [WARNING] Aucun conteneur de résultat trouvé
11:40:53 [INFO] === FIN 24.0s erreurs=aucune ===
14:14:16 [INFO] === DÉBUT CYCLE mode=1x2 ===
14:14:16 [INFO] === SCRAPE 1X2 ===
14:14:23 [WARNING] Impossible de sélectionner 1X2
14:14:23 [INFO] rounds ignorés (timer courant / hors séquence): ['14:15']
14:14:23 [INFO] 8 rounds retenus / 10 total (9 horodatés)
14:14:24 [INFO]   1X2 [14:20]: 10 matchs
14:14:26 [INFO]   1X2 [14:22]: 10 matchs
14:14:27 [INFO]   1X2 [14:24]: 10 matchs
14:14:28 [INFO]   1X2 [14:26]: 10 matchs
14:14:30 [INFO]   1X2 [14:28]: 10 matchs
14:14:31 [INFO]   1X2 [14:30]: 10 matchs
14:14:32 [INFO]   1X2 [14:32]: 10 matchs
14:14:33 [INFO]   1X2 [14:34]: 10 matchs
14:14:33 [INFO] 1X2: 8 rounds → data/congobet_1x2_rounds.json
14:15:03 [INFO] === FIN 47.6s erreurs=aucune ===
14:15:04 [INFO] === DÉBUT CYCLE mode=gng ===
14:15:04 [INFO] === SCRAPE G/NG ===
14:15:13 [INFO] rounds ignorés (timer courant / hors séquence): ['00:36']
14:15:13 [INFO] 9 rounds retenus / 10 total (10 horodatés)
14:15:16 [INFO]   G/NG [14:20]: 10 matchs
14:15:19 [INFO]   G/NG [14:22]: 10 matchs
14:15:22 [INFO]   G/NG [14:24]: 10 matchs
14:15:25 [INFO]   G/NG [14:26]: 10 matchs
14:15:28 [INFO]   G/NG [14:28]: 10 matchs
14:15:31 [INFO]   G/NG [14:30]: 10 matchs
14:15:34 [INFO]   G/NG [14:32]: 10 matchs
14:15:37 [INFO]   G/NG [14:34]: 10 matchs
14:15:40 [INFO]   G/NG [14:36]: 10 matchs
14:15:40 [INFO] G/NG: 90 cotes → data/cbet_odds.json
14:15:40 [INFO] === FIN 36.6s erreurs=aucune ===
14:17:26 [INFO] === DÉBUT CYCLE mode=results ===
14:17:26 [INFO] === SCRAPE RÉSULTATS (version corrigée) ===
14:17:32 [INFO]   0 clics 'Afficher plus'
14:17:47 [WARNING] Aucun conteneur de résultat trouvé
14:18:18 [INFO] === FIN 51.5s erreurs=aucune ===
17:33:16 [INFO] === DÉBUT CYCLE mode=1x2 ===
17:33:17 [INFO] === SCRAPE 1X2 ===
17:33:24 [WARNING] Impossible de sélectionner 1X2
17:33:24 [INFO] 9 rounds retenus / 10 total (9 horodatés)
17:33:25 [INFO]   1X2 [17:34]: 10 matchs
17:33:27 [INFO]   1X2 [17:36]: 10 matchs
17:33:28 [INFO]   1X2 [17:38]: 10 matchs
17:33:30 [INFO]   1X2 [17:40]: 10 matchs
17:33:31 [INFO]   1X2 [17:42]: 10 matchs
17:33:32 [INFO]   1X2 [17:44]: 10 matchs
17:33:34 [INFO]   1X2 [17:46]: 10 matchs
17:33:35 [INFO]   1X2 [17:48]: 10 matchs
17:33:37 [INFO]   1X2 [17:50]: 10 matchs
17:33:37 [INFO] 1X2: 9 rounds → data/congobet_1x2_rounds.json
17:33:37 [INFO] === FIN 20.6s erreurs=aucune ===
17:33:37 [INFO] === DÉBUT CYCLE mode=gng ===
17:33:37 [INFO] === SCRAPE G/NG ===
17:33:44 [WARNING] Impossible de sélectionner G/NG
17:34:14 [INFO] === FIN 37.3s erreurs=aucune ===
17:36:03 [INFO] === DÉBUT CYCLE mode=results ===
17:36:03 [INFO] === SCRAPE RÉSULTATS (version corrigée) ===
17:36:15 [INFO]   4 clics 'Afficher plus'
17:36:18 [INFO] Résultats: 190 → data/cbet_results.json
17:36:18 [INFO] === FIN 15.5s erreurs=aucune ===
19:50:48 [INFO] === DÉBUT CYCLE mode=1x2 ===
19:50:49 [INFO] === SCRAPE 1X2 ===
19:50:56 [WARNING] Impossible de sélectionner 1X2
19:50:56 [INFO] 9 rounds retenus / 10 total (9 horodatés)
19:50:57 [INFO]   1X2 [19:52]: 10 matchs
19:50:59 [INFO]   1X2 [19:54]: 10 matchs
19:51:00 [INFO]   1X2 [19:56]: 10 matchs
19:51:01 [INFO]   1X2 [19:58]: 10 matchs
19:51:03 [INFO]   1X2 [20:00]: 10 matchs
19:51:04 [INFO]   1X2 [20:02]: 10 matchs
19:51:05 [INFO]   1X2 [20:04]: 10 matchs
19:51:07 [INFO]   1X2 [20:06]: 10 matchs
19:51:08 [INFO]   1X2 [20:08]: 10 matchs
19:51:08 [INFO] 1X2: 9 rounds → data/congobet_1x2_rounds.json
19:51:39 [INFO] === FIN 50.5s erreurs=aucune ===
19:51:41 [INFO] === DÉBUT CYCLE mode=gng ===
19:51:42 [INFO] === SCRAPE G/NG ===
19:51:49 [WARNING] Impossible de sélectionner G/NG
19:51:49 [INFO] === FIN 7.6s erreurs=aucune ===
19:53:36 [INFO] === DÉBUT CYCLE mode=results ===
19:53:36 [INFO] === SCRAPE RÉSULTATS (version corrigée) ===
19:53:43 [INFO]   1 clics 'Afficher plus'
19:53:45 [INFO] Résultats: 80 → data/cbet_results.json
19:54:15 [INFO] === FIN 39.0s erreurs=aucune ===
21:27:07 [INFO] === DÉBUT CYCLE mode=1x2 ===
21:27:07 [INFO] === SCRAPE 1X2 ===
21:27:14 [INFO] rounds ignorés (timer courant / hors séquence): ['00:35']
21:27:14 [INFO] 9 rounds retenus / 10 total (10 horodatés)
21:27:15 [INFO]   1X2 [21:29]: 10 matchs
21:27:16 [INFO]   1X2 [21:31]: 10 matchs
21:27:17 [INFO]   1X2 [21:33]: 10 matchs
21:27:18 [INFO]   1X2 [21:35]: 10 matchs
21:27:19 [INFO]   1X2 [21:37]: 10 matchs
21:27:21 [INFO]   1X2 [21:39]: 10 matchs
21:27:22 [INFO]   1X2 [21:41]: 10 matchs
21:27:24 [INFO]   1X2 [21:43]: 10 matchs
21:27:25 [INFO]   1X2 [21:45]: 10 matchs
21:27:25 [INFO] 1X2: 9 rounds → data/congobet_1x2_rounds.json
21:27:25 [INFO] === FIN 18.2s erreurs=aucune ===
21:27:25 [INFO] === DÉBUT CYCLE mode=gng ===
21:27:25 [INFO] === SCRAPE G/NG ===
21:27:34 [INFO] rounds ignorés (timer courant / hors séquence): ['00:15']
21:27:34 [INFO] 9 rounds retenus / 10 total (10 horodatés)
21:27:37 [INFO]   G/NG [21:29]: 10 matchs
21:27:40 [INFO]   G/NG [21:31]: 10 matchs
21:27:43 [INFO]   G/NG [21:33]: 10 matchs
21:27:45 [INFO]   G/NG [21:35]: 10 matchs
21:27:48 [INFO]   G/NG [21:37]: 10 matchs
21:27:51 [INFO]   G/NG [21:39]: 10 matchs
21:27:54 [INFO]   G/NG [21:41]: 10 matchs
21:27:57 [INFO]   G/NG [21:43]: 10 matchs
21:28:01 [INFO]   G/NG [21:45]: 10 matchs
21:28:01 [INFO] G/NG: 90 cotes → data/cbet_odds.json
21:28:01 [INFO] === FIN 35.5s erreurs=aucune ===
21:29:46 [INFO] === DÉBUT CYCLE mode=results ===
21:29:47 [INFO] === SCRAPE RÉSULTATS (version corrigée) ===
21:29:58 [INFO]   4 clics 'Afficher plus'
21:30:00 [INFO] Résultats: 170 → data/cbet_results.json
21:30:31 [INFO] === FIN 44.3s erreurs=aucune ===
22:53:02 [INFO] === DÉBUT CYCLE mode=1x2 ===
22:53:04 [INFO] === SCRAPE 1X2 ===
22:53:12 [WARNING] Impossible de sélectionner 1X2
22:53:12 [INFO] 9 rounds retenus / 10 total (9 horodatés)
22:53:14 [INFO]   1X2 [22:54]: 10 matchs
22:53:15 [INFO]   1X2 [22:56]: 10 matchs
22:53:16 [INFO]   1X2 [22:58]: 10 matchs
22:53:18 [INFO]   1X2 [23:00]: 10 matchs
22:53:19 [INFO]   1X2 [23:02]: 10 matchs
22:53:21 [INFO]   1X2 [23:04]: 10 matchs
22:53:22 [INFO]   1X2 [23:06]: 10 matchs
22:53:23 [INFO]   1X2 [23:08]: 10 matchs
22:53:25 [INFO]   1X2 [23:10]: 10 matchs
22:53:25 [INFO] 1X2: 9 rounds → data/congobet_1x2_rounds.json
22:53:55 [INFO] === FIN 52.6s erreurs=aucune ===
22:53:55 [INFO] === DÉBUT CYCLE mode=gng ===
22:53:55 [INFO] === SCRAPE G/NG ===
22:54:05 [INFO] rounds ignorés (timer courant / hors séquence): ['00:44']
22:54:05 [INFO] 9 rounds retenus / 10 total (10 horodatés)
22:54:08 [INFO]   G/NG [22:56]: 10 matchs
22:54:11 [INFO]   G/NG [22:58]: 10 matchs
22:54:14 [INFO]   G/NG [23:00]: 10 matchs
22:54:17 [INFO]   G/NG [23:02]: 10 matchs
22:54:20 [INFO]   G/NG [23:04]: 10 matchs
22:54:23 [INFO]   G/NG [23:06]: 10 matchs
22:54:26 [INFO]   G/NG [23:08]: 10 matchs
22:54:29 [INFO]   G/NG [23:10]: 10 matchs
22:54:32 [INFO]   G/NG [23:12]: 10 matchs
22:54:32 [INFO] G/NG: 90 cotes → data/cbet_odds.json
22:54:32 [INFO] === FIN 37.2s erreurs=aucune ===
22:56:18 [INFO] === DÉBUT CYCLE mode=results ===
22:56:18 [INFO] === SCRAPE RÉSULTATS (version corrigée) ===
22:56:32 [INFO]   5 clics 'Afficher plus'
22:56:35 [INFO] Résultats: 210 → data/cbet_results.json
22:57:05 [INFO] === FIN 47.6s erreurs=aucune ===
00:00:11 [INFO] === DÉBUT CYCLE mode=1x2 ===
00:00:12 [INFO] === SCRAPE 1X2 ===
00:00:22 [WARNING] Impossible de sélectionner 1X2
00:00:22 [INFO] 9 rounds retenus / 10 total (9 horodatés)
00:00:24 [INFO]   1X2 [00:01]: 10 matchs
00:00:25 [INFO]   1X2 [00:03]: 10 matchs
00:00:26 [INFO]   1X2 [00:05]: 10 matchs
00:00:27 [INFO]   1X2 [00:07]: 10 matchs
00:00:29 [INFO]   1X2 [00:09]: 10 matchs
00:00:30 [INFO]   1X2 [00:11]: 10 matchs
00:00:32 [INFO]   1X2 [00:13]: 10 matchs
00:00:33 [INFO]   1X2 [00:15]: 10 matchs
00:00:34 [INFO]   1X2 [00:17]: 10 matchs
00:00:34 [INFO] 1X2: 9 rounds → data/congobet_1x2_rounds.json
00:00:34 [INFO] === FIN 23.5s erreurs=aucune ===
00:00:35 [INFO] === DÉBUT CYCLE mode=gng ===
00:00:35 [INFO] === SCRAPE G/NG ===
00:00:41 [WARNING] Impossible de sélectionner G/NG
00:00:41 [INFO] === FIN 6.4s erreurs=aucune ===
00:02:27 [INFO] === DÉBUT CYCLE mode=results ===
00:02:27 [INFO] === SCRAPE RÉSULTATS (version corrigée) ===
00:02:37 [INFO]   3 clics 'Afficher plus'
00:02:39 [INFO] Résultats: 140 → data/cbet_results.json
00:02:39 [INFO] === FIN 12.5s erreurs=aucune ===
04:27:35 [INFO] === DÉBUT CYCLE mode=1x2 ===
04:27:37 [INFO] === SCRAPE 1X2 ===
04:27:43 [WARNING] Impossible de sélectionner 1X2
04:27:43 [INFO] 9 rounds retenus / 10 total (9 horodatés)
04:27:44 [INFO]   1X2 [04:28]: 10 matchs
04:27:45 [INFO]   1X2 [04:30]: 10 matchs
04:27:46 [INFO]   1X2 [04:32]: 10 matchs
04:27:47 [INFO]   1X2 [04:34]: 10 matchs
04:27:49 [INFO]   1X2 [04:36]: 10 matchs
04:27:50 [INFO]   1X2 [04:38]: 10 matchs
04:27:52 [INFO]   1X2 [04:40]: 10 matchs
04:27:53 [INFO]   1X2 [04:42]: 10 matchs
04:27:54 [INFO]   1X2 [04:44]: 10 matchs
04:27:54 [INFO] 1X2: 9 rounds → data/congobet_1x2_rounds.json
04:27:54 [INFO] === FIN 19.8s erreurs=aucune ===
04:27:55 [INFO] === DÉBUT CYCLE mode=gng ===
04:27:55 [INFO] === SCRAPE G/NG ===
04:28:03 [INFO] 10 rounds retenus / 10 total (10 horodatés)
04:28:06 [INFO]   G/NG [00:46]: 10 matchs
04:28:08 [INFO]   G/NG [04:30]: 10 matchs
04:28:11 [INFO]   G/NG [04:32]: 10 matchs
04:28:14 [INFO]   G/NG [04:34]: 10 matchs
04:28:17 [INFO]   G/NG [04:36]: 10 matchs
04:28:20 [INFO]   G/NG [04:38]: 10 matchs
04:28:23 [INFO]   G/NG [04:40]: 10 matchs
04:28:26 [INFO]   G/NG [04:42]: 10 matchs
04:28:29 [INFO]   G/NG [04:44]: 10 matchs
04:28:32 [INFO]   G/NG [04:49]: 10 matchs
04:28:32 [INFO] G/NG: 100 cotes → data/cbet_odds.json
04:29:03 [INFO] === FIN 68.0s erreurs=aucune ===
04:30:50 [INFO] === DÉBUT CYCLE mode=results ===
04:30:51 [INFO] === SCRAPE RÉSULTATS (version corrigée) ===
04:31:03 [INFO]   5 clics 'Afficher plus'
04:31:07 [INFO] Résultats: 240 → data/cbet_results.json
04:31:07 [INFO] === FIN 17.1s erreurs=aucune ===
08:08:39 [INFO] === DÉBUT CYCLE mode=1x2 ===
08:08:40 [INFO] === SCRAPE 1X2 ===
08:08:49 [WARNING] Impossible de sélectionner 1X2
08:08:49 [INFO] 9 rounds retenus / 10 total (9 horodatés)
08:08:51 [INFO]   1X2 [08:09]: 10 matchs
08:08:52 [INFO]   1X2 [08:11]: 10 matchs
08:08:53 [INFO]   1X2 [08:13]: 10 matchs
08:08:55 [INFO]   1X2 [08:15]: 10 matchs
08:08:56 [INFO]   1X2 [08:17]: 10 matchs
08:08:58 [INFO]   1X2 [08:19]: 10 matchs
08:08:59 [INFO]   1X2 [08:21]: 10 matchs
08:09:00 [INFO]   1X2 [08:23]: 10 matchs
08:09:02 [INFO]   1X2 [08:25]: 10 matchs
08:09:02 [INFO] 1X2: 9 rounds → data/congobet_1x2_rounds.json
08:09:02 [INFO] === FIN 22.4s erreurs=aucune ===
08:09:02 [INFO] === DÉBUT CYCLE mode=gng ===
08:09:02 [INFO] === SCRAPE G/NG ===
08:09:13 [INFO] rounds ignorés (timer courant / hors séquence): ['00:35']
08:09:13 [INFO] 9 rounds retenus / 10 total (10 horodatés)
08:09:16 [INFO]   G/NG [08:11]: 10 matchs
08:09:20 [INFO]   G/NG [08:13]: 10 matchs
08:09:23 [INFO]   G/NG [08:15]: 10 matchs
08:09:26 [INFO]   G/NG [08:17]: 10 matchs
08:09:29 [INFO]   G/NG [08:19]: 10 matchs
08:09:32 [INFO]   G/NG [08:21]: 10 matchs
08:09:35 [INFO]   G/NG [08:23]: 10 matchs
08:09:38 [INFO]   G/NG [08:25]: 10 matchs
08:09:41 [INFO]   G/NG [08:27]: 10 matchs
08:09:41 [INFO] G/NG: 90 cotes → data/cbet_odds.json
08:10:11 [INFO] === FIN 69.2s erreurs=aucune ===
08:12:01 [INFO] === DÉBUT CYCLE mode=results ===
08:12:01 [INFO] === SCRAPE RÉSULTATS (version corrigée) ===
08:12:16 [INFO]   5 clics 'Afficher plus'
08:12:20 [INFO] Résultats: 220 → data/cbet_results.json
08:12:51 [INFO] === FIN 49.7s erreurs=aucune ===
11:36:28 [INFO] === DÉBUT CYCLE mode=1x2 ===
11:36:30 [INFO] === SCRAPE 1X2 ===
11:36:36 [INFO] rounds ignorés (timer courant / hors séquence): ['00:13']
11:36:36 [INFO] 9 rounds retenus / 10 total (10 horodatés)
11:36:37 [INFO]   1X2 [11:38]: 10 matchs
11:36:38 [INFO]   1X2 [11:40]: 10 matchs
11:36:39 [INFO]   1X2 [11:42]: 10 matchs
11:36:40 [INFO]   1X2 [11:44]: 10 matchs
11:36:42 [INFO]   1X2 [11:46]: 10 matchs
11:36:43 [INFO]   1X2 [11:48]: 10 matchs
11:36:44 [INFO]   1X2 [11:50]: 10 matchs
11:36:46 [INFO]   1X2 [11:52]: 10 matchs
11:36:47 [INFO]   1X2 [11:54]: 10 matchs
11:36:47 [INFO] 1X2: 9 rounds → data/congobet_1x2_rounds.json
11:36:47 [INFO] === FIN 19.2s erreurs=aucune ===
11:36:47 [INFO] === DÉBUT CYCLE mode=gng ===
11:36:48 [INFO] === SCRAPE G/NG ===
11:36:54 [WARNING] Impossible de sélectionner G/NG
11:37:24 [INFO] === FIN 36.6s erreurs=aucune ===
11:39:12 [INFO] === DÉBUT CYCLE mode=results ===
11:39:13 [INFO] === SCRAPE RÉSULTATS (version corrigée) ===
11:39:20 [INFO]   1 clics 'Afficher plus'
11:39:21 [INFO] Résultats: 70 → data/cbet_results.json
11:39:51 [INFO] === FIN 39.0s erreurs=aucune ===
14:23:08 [INFO] === DÉBUT CYCLE mode=1x2 ===
14:23:10 [INFO] === SCRAPE 1X2 ===
14:23:17 [WARNING] Impossible de sélectionner 1X2
14:23:17 [INFO] 9 rounds retenus / 10 total (9 horodatés)
14:23:18 [INFO]   1X2 [14:24]: 10 matchs
14:23:20 [INFO]   1X2 [14:26]: 10 matchs
14:23:21 [INFO]   1X2 [14:28]: 10 matchs
14:23:22 [INFO]   1X2 [14:30]: 10 matchs
14:23:24 [INFO]   1X2 [14:32]: 10 matchs
14:23:25 [INFO]   1X2 [14:34]: 10 matchs
14:23:27 [INFO]   1X2 [14:36]: 10 matchs
14:23:28 [INFO]   1X2 [14:38]: 10 matchs
14:23:29 [INFO]   1X2 [14:40]: 10 matchs
14:23:29 [INFO] 1X2: 9 rounds → data/congobet_1x2_rounds.json
14:23:59 [INFO] === FIN 51.5s erreurs=aucune ===
14:24:00 [INFO] === DÉBUT CYCLE mode=gng ===
14:24:00 [INFO] === SCRAPE G/NG ===
14:24:09 [INFO] rounds ignorés (timer courant / hors séquence): ['00:39']
14:24:09 [INFO] 9 rounds retenus / 10 total (10 horodatés)
14:24:12 [INFO]   G/NG [14:26]: 10 matchs
14:24:15 [INFO]   G/NG [14:28]: 10 matchs
14:24:18 [INFO]   G/NG [14:30]: 10 matchs
14:24:21 [INFO]   G/NG [14:32]: 10 matchs
14:24:24 [INFO]   G/NG [14:34]: 10 matchs
14:24:27 [INFO]   G/NG [14:36]: 10 matchs
14:24:31 [INFO]   G/NG [14:38]: 10 matchs
14:24:34 [INFO]   G/NG [14:40]: 10 matchs
14:24:37 [INFO]   G/NG [14:42]: 10 matchs
14:24:37 [INFO] G/NG: 90 cotes → data/cbet_odds.json
14:25:07 [INFO] === FIN 67.3s erreurs=aucune ===
14:26:58 [INFO] === DÉBUT CYCLE mode=results ===
14:26:58 [INFO] === SCRAPE RÉSULTATS (version corrigée) ===
14:27:07 [INFO]   2 clics 'Afficher plus'
14:27:09 [INFO] Résultats: 120 → data/cbet_results.json
14:27:39 [INFO] === FIN 41.4s erreurs=aucune ===
17:09:08 [INFO] === DÉBUT CYCLE mode=1x2 ===
17:09:09 [INFO] === SCRAPE 1X2 ===
17:09:16 [WARNING] Impossible de sélectionner 1X2
17:09:16 [INFO] 9 rounds retenus / 10 total (9 horodatés)
17:09:17 [INFO]   1X2 [17:10]: 10 matchs
17:09:18 [INFO]   1X2 [17:12]: 10 matchs
17:09:19 [INFO]   1X2 [17:14]: 10 matchs
17:09:21 [INFO]   1X2 [17:16]: 10 matchs
17:09:22 [INFO]   1X2 [17:18]: 10 matchs
17:09:23 [INFO]   1X2 [17:20]: 10 matchs
17:09:24 [INFO]   1X2 [17:22]: 10 matchs
17:09:26 [INFO]   1X2 [17:24]: 10 matchs
17:09:27 [INFO]   1X2 [17:26]: 10 matchs
17:09:27 [INFO] 1X2: 9 rounds → data/congobet_1x2_rounds.json
17:09:57 [INFO] === FIN 48.9s erreurs=aucune ===
17:09:57 [INFO] === DÉBUT CYCLE mode=gng ===
17:09:58 [INFO] === SCRAPE G/NG ===
17:10:06 [INFO] rounds ignorés (timer courant / hors séquence): ['00:43']
17:10:06 [INFO] 9 rounds retenus / 10 total (10 horodatés)
17:10:09 [INFO]   G/NG [17:12]: 10 matchs
17:10:12 [INFO]   G/NG [17:14]: 10 matchs
17:10:15 [INFO]   G/NG [17:16]: 10 matchs
17:10:18 [INFO]   G/NG [17:18]: 10 matchs
17:10:21 [INFO]   G/NG [17:20]: 10 matchs
17:10:24 [INFO]   G/NG [17:22]: 10 matchs
17:10:27 [INFO]   G/NG [17:24]: 10 matchs
17:10:30 [INFO]   G/NG [17:26]: 10 matchs
17:10:33 [INFO]   G/NG [17:28]: 10 matchs
17:10:33 [INFO] G/NG: 90 cotes → data/cbet_odds.json
17:10:33 [INFO] === FIN 35.6s erreurs=aucune ===
17:12:19 [INFO] === DÉBUT CYCLE mode=results ===
17:12:19 [INFO] === SCRAPE RÉSULTATS (version corrigée) ===
17:12:29 [INFO]   3 clics 'Afficher plus'
17:12:32 [INFO] Résultats: 160 → data/cbet_results.json
17:13:02 [INFO] === FIN 43.0s erreurs=aucune ===
19:15:52 [INFO] === DÉBUT CYCLE mode=1x2 ===
19:15:53 [INFO] === SCRAPE 1X2 ===
19:16:00 [INFO] rounds ignorés (timer courant / hors séquence): ['02:49']
19:16:00 [INFO] 9 rounds retenus / 10 total (10 horodatés)
19:16:02 [INFO]   1X2 [19:20]: 10 matchs
19:16:03 [INFO]   1X2 [19:22]: 10 matchs
19:16:04 [INFO]   1X2 [19:24]: 10 matchs
19:16:06 [INFO]   1X2 [19:26]: 10 matchs
19:16:07 [INFO]   1X2 [19:28]: 10 matchs
19:16:09 [INFO]   1X2 [19:30]: 10 matchs
19:16:10 [INFO]   1X2 [19:32]: 10 matchs
19:16:11 [INFO]   1X2 [19:34]: 10 matchs
19:16:13 [INFO]   1X2 [19:36]: 10 matchs
19:16:13 [INFO] 1X2: 9 rounds → data/congobet_1x2_rounds.json
19:16:43 [INFO] === FIN 50.8s erreurs=aucune ===
19:16:43 [INFO] === DÉBUT CYCLE mode=gng ===
19:16:43 [INFO] === SCRAPE G/NG ===
19:16:53 [INFO] rounds ignorés (timer courant / hors séquence): ['01:57']
19:16:53 [INFO] 9 rounds retenus / 10 total (10 horodatés)
19:16:56 [INFO]   G/NG [19:20]: 10 matchs
19:16:59 [INFO]   G/NG [19:22]: 10 matchs
19:17:02 [INFO]   G/NG [19:24]: 10 matchs
19:17:05 [INFO]   G/NG [19:26]: 10 matchs
19:17:08 [INFO]   G/NG [19:28]: 10 matchs
19:17:11 [INFO]   G/NG [19:30]: 10 matchs
19:17:14 [INFO]   G/NG [19:32]: 10 matchs
19:17:17 [INFO]   G/NG [19:34]: 10 matchs
19:17:20 [INFO]   G/NG [19:36]: 10 matchs
19:17:20 [INFO] G/NG: 90 cotes → data/cbet_odds.json
19:17:20 [INFO] === FIN 37.0s erreurs=aucune ===
19:19:07 [INFO] === DÉBUT CYCLE mode=results ===
19:19:07 [INFO] === SCRAPE RÉSULTATS (version corrigée) ===
19:19:14 [INFO]   0 clics 'Afficher plus'
19:19:29 [WARNING] Aucun conteneur de résultat trouvé
19:19:29 [INFO] === FIN 22.1s erreurs=aucune ===
20:58:47 [INFO] === DÉBUT CYCLE mode=1x2 ===
20:58:47 [INFO] === SCRAPE 1X2 ===
20:58:54 [INFO] rounds ignorés (timer courant / hors séquence): ['00:55']
20:58:54 [INFO] 9 rounds retenus / 10 total (10 horodatés)
20:58:56 [INFO]   1X2 [21:01]: 10 matchs
20:58:57 [INFO]   1X2 [21:03]: 10 matchs
20:58:59 [INFO]   1X2 [21:05]: 10 matchs
20:59:00 [INFO]   1X2 [21:07]: 10 matchs
20:59:01 [INFO]   1X2 [21:09]: 10 matchs
20:59:03 [INFO]   1X2 [21:11]: 10 matchs
20:59:04 [INFO]   1X2 [21:13]: 10 matchs
20:59:05 [INFO]   1X2 [21:15]: 10 matchs
20:59:07 [INFO]   1X2 [21:17]: 10 matchs
20:59:07 [INFO] 1X2: 9 rounds → data/congobet_1x2_rounds.json
20:59:37 [INFO] === FIN 50.0s erreurs=aucune ===
20:59:37 [INFO] === DÉBUT CYCLE mode=gng ===
20:59:37 [INFO] === SCRAPE G/NG ===
20:59:47 [INFO] rounds ignorés (timer courant / hors séquence): ['00:03']
20:59:47 [INFO] 9 rounds retenus / 10 total (10 horodatés)
20:59:50 [INFO]   G/NG [21:01]: 10 matchs
20:59:53 [INFO]   G/NG [21:03]: 10 matchs
20:59:56 [INFO]   G/NG [21:05]: 10 matchs
20:59:59 [INFO]   G/NG [21:07]: 10 matchs
21:00:02 [INFO]   G/NG [21:09]: 10 matchs
21:00:05 [INFO]   G/NG [21:11]: 10 matchs
21:00:08 [INFO]   G/NG [21:13]: 10 matchs
21:00:11 [INFO]   G/NG [21:15]: 10 matchs
21:00:14 [INFO]   G/NG [21:17]: 10 matchs
21:00:14 [INFO] G/NG: 90 cotes → data/cbet_odds.json
21:00:14 [INFO] === FIN 37.4s erreurs=aucune ===
21:02:01 [INFO] === DÉBUT CYCLE mode=results ===
21:02:01 [INFO] === SCRAPE RÉSULTATS (version corrigée) ===
21:02:10 [INFO]   2 clics 'Afficher plus'
21:02:12 [INFO] Résultats: 120 → data/cbet_results.json
21:02:12 [INFO] === FIN 11.4s erreurs=aucune ===
22:23:35 [INFO] === DÉBUT CYCLE mode=1x2 ===
22:23:37 [INFO] === SCRAPE 1X2 ===
22:23:43 [WARNING] Impossible de sélectionner 1X2
22:23:43 [INFO] 9 rounds retenus / 10 total (9 horodatés)
22:23:44 [INFO]   1X2 [22:24]: 10 matchs
22:23:46 [INFO]   1X2 [22:26]: 10 matchs
22:23:47 [INFO]   1X2 [22:28]: 10 matchs
22:23:49 [INFO]   1X2 [22:30]: 10 matchs
22:23:50 [INFO]   1X2 [22:32]: 10 matchs
22:23:52 [INFO]   1X2 [22:34]: 10 matchs
22:23:53 [INFO]   1X2 [22:36]: 10 matchs
22:23:54 [INFO]   1X2 [22:38]: 10 matchs
22:23:56 [INFO]   1X2 [22:40]: 10 matchs
22:23:56 [INFO] 1X2: 9 rounds → data/congobet_1x2_rounds.json
22:23:56 [INFO] === FIN 21.0s erreurs=aucune ===
22:23:56 [INFO] === DÉBUT CYCLE mode=gng ===
22:23:56 [INFO] === SCRAPE G/NG ===
22:24:05 [INFO] rounds ignorés (timer courant / hors séquence): ['00:44']
22:24:05 [INFO] 9 rounds retenus / 10 total (10 horodatés)
22:24:08 [INFO]   G/NG [22:26]: 10 matchs
22:24:11 [INFO]   G/NG [22:28]: 10 matchs
22:24:14 [INFO]   G/NG [22:30]: 10 matchs
22:24:17 [INFO]   G/NG [22:32]: 10 matchs
22:24:19 [INFO]   G/NG [22:34]: 10 matchs
22:24:22 [INFO]   G/NG [22:36]: 10 matchs
22:24:25 [INFO]   G/NG [22:38]: 10 matchs
22:24:28 [INFO]   G/NG [22:40]: 10 matchs
22:24:32 [INFO]   G/NG [22:42]: 10 matchs
22:24:32 [INFO] G/NG: 90 cotes → data/cbet_odds.json
22:24:32 [INFO] === FIN 35.6s erreurs=aucune ===
22:26:18 [INFO] === DÉBUT CYCLE mode=results ===
22:26:18 [INFO] === SCRAPE RÉSULTATS (version corrigée) ===
22:26:28 [INFO]   3 clics 'Afficher plus'
22:26:30 [INFO] Résultats: 150 → data/cbet_results.json
22:27:01 [INFO] === FIN 42.8s erreurs=aucune ===
23:32:33 [INFO] === DÉBUT CYCLE mode=1x2 ===
23:32:35 [INFO] === SCRAPE 1X2 ===
23:32:43 [WARNING] Impossible de sélectionner 1X2
23:32:43 [INFO] 9 rounds retenus / 10 total (9 horodatés)
23:32:45 [INFO]   1X2 [23:33]: 10 matchs
23:32:46 [INFO]   1X2 [23:35]: 10 matchs
23:32:47 [INFO]   1X2 [23:37]: 10 matchs
23:32:49 [INFO]   1X2 [23:39]: 10 matchs
23:32:50 [INFO]   1X2 [23:41]: 10 matchs
23:32:52 [INFO]   1X2 [23:43]: 10 matchs
23:32:53 [INFO]   1X2 [23:45]: 10 matchs
23:32:54 [INFO]   1X2 [23:47]: 10 matchs
23:32:56 [INFO]   1X2 [23:49]: 10 matchs
23:32:56 [INFO] 1X2: 9 rounds → data/congobet_1x2_rounds.json
23:32:56 [INFO] === FIN 22.7s erreurs=aucune ===
23:32:56 [INFO] === DÉBUT CYCLE mode=gng ===
23:32:56 [INFO] === SCRAPE G/NG ===
23:33:06 [INFO] rounds ignorés (timer courant / hors séquence): ['00:43']
23:33:06 [INFO] 9 rounds retenus / 10 total (10 horodatés)
23:33:09 [INFO]   G/NG [23:35]: 10 matchs
23:33:12 [INFO]   G/NG [23:37]: 10 matchs
23:33:15 [INFO]   G/NG [23:39]: 10 matchs
23:33:18 [INFO]   G/NG [23:41]: 10 matchs
23:33:21 [INFO]   G/NG [23:43]: 10 matchs
23:33:24 [INFO]   G/NG [23:45]: 10 matchs
23:33:27 [INFO]   G/NG [23:47]: 10 matchs
23:33:30 [INFO]   G/NG [23:49]: 10 matchs
23:33:33 [INFO]   G/NG [23:51]: 10 matchs
23:33:33 [INFO] G/NG: 90 cotes → data/cbet_odds.json
23:34:03 [INFO] === FIN 67.3s erreurs=aucune ===
23:35:50 [INFO] === DÉBUT CYCLE mode=results ===
23:35:51 [INFO] === SCRAPE RÉSULTATS (version corrigée) ===
23:36:00 [INFO]   2 clics 'Afficher plus'
23:36:02 [INFO] Résultats: 100 → data/cbet_results.json
23:36:02 [INFO] === FIN 11.6s erreurs=aucune ===
01:32:37 [INFO] === DÉBUT CYCLE mode=1x2 ===
01:32:37 [INFO] === SCRAPE 1X2 ===
01:32:44 [INFO] 10 rounds retenus / 10 total (10 horodatés)
01:32:45 [INFO]   1X2 [00:05]: 10 matchs
01:32:46 [INFO]   1X2 [01:34]: 10 matchs
01:32:47 [INFO]   1X2 [01:36]: 10 matchs
01:32:49 [INFO]   1X2 [01:38]: 10 matchs
01:32:50 [INFO]   1X2 [01:40]: 10 matchs
01:32:52 [INFO]   1X2 [01:42]: 10 matchs
01:32:53 [INFO]   1X2 [01:44]: 10 matchs
01:32:54 [INFO]   1X2 [01:46]: 10 matchs
01:32:56 [INFO]   1X2 [01:48]: 10 matchs
01:32:57 [INFO]   1X2 [01:53]: 10 matchs
01:32:57 [INFO] 1X2: 10 rounds → data/congobet_1x2_rounds.json
01:33:27 [INFO] === FIN 50.7s erreurs=aucune ===
01:33:27 [INFO] === DÉBUT CYCLE mode=gng ===
01:33:28 [INFO] === SCRAPE G/NG ===
01:33:35 [WARNING] Impossible de sélectionner G/NG
01:33:35 [INFO] === FIN 7.4s erreurs=aucune ===
01:35:21 [INFO] === DÉBUT CYCLE mode=results ===
01:35:21 [INFO] === SCRAPE RÉSULTATS (version corrigée) ===
01:35:34 [INFO]   5 clics 'Afficher plus'
01:35:39 [INFO] Résultats: 240 → data/cbet_results.json
01:35:39 [INFO] === FIN 18.0s erreurs=aucune ===
05:46:25 [INFO] === DÉBUT CYCLE mode=1x2 ===
05:46:26 [INFO] === SCRAPE 1X2 ===
05:46:33 [WARNING] Impossible de sélectionner 1X2
05:46:33 [INFO] 9 rounds retenus / 10 total (9 horodatés)
05:46:34 [INFO]   1X2 [05:50]: 10 matchs
05:46:36 [INFO]   1X2 [05:52]: 10 matchs
05:46:37 [INFO]   1X2 [05:54]: 10 matchs
05:46:38 [INFO]   1X2 [05:56]: 10 matchs
05:46:40 [INFO]   1X2 [05:58]: 10 matchs
05:46:41 [INFO]   1X2 [06:00]: 10 matchs
05:46:43 [INFO]   1X2 [06:02]: 10 matchs
05:46:44 [INFO]   1X2 [06:04]: 10 matchs
05:46:45 [INFO]   1X2 [06:06]: 10 matchs
05:46:45 [INFO] 1X2: 9 rounds → data/congobet_1x2_rounds.json
05:46:45 [INFO] === FIN 20.2s erreurs=aucune ===
05:46:46 [INFO] === DÉBUT CYCLE mode=gng ===
05:46:46 [INFO] === SCRAPE G/NG ===
05:46:53 [WARNING] Impossible de sélectionner G/NG
05:46:53 [INFO] === FIN 7.3s erreurs=aucune ===
05:48:39 [INFO] === DÉBUT CYCLE mode=results ===
05:48:39 [INFO] === SCRAPE RÉSULTATS (version corrigée) ===
05:48:46 [INFO]   0 clics 'Afficher plus'
05:49:01 [WARNING] Aucun conteneur de résultat trouvé
05:49:31 [INFO] === FIN 51.9s erreurs=aucune ===
08:41:15 [INFO] === DÉBUT CYCLE mode=1x2 ===
08:41:16 [INFO] === SCRAPE 1X2 ===
08:41:23 [WARNING] Impossible de sélectionner 1X2
08:41:23 [INFO] 9 rounds retenus / 10 total (9 horodatés)
08:41:25 [INFO]   1X2 [08:42]: 10 matchs
08:41:26 [INFO]   1X2 [08:44]: 10 matchs
08:41:28 [INFO]   1X2 [08:46]: 10 matchs
08:41:29 [INFO]   1X2 [08:48]: 10 matchs
08:41:31 [INFO]   1X2 [08:50]: 10 matchs
08:41:32 [INFO]   1X2 [08:52]: 10 matchs
08:41:33 [INFO]   1X2 [08:54]: 10 matchs
08:41:35 [INFO]   1X2 [08:56]: 10 matchs
08:41:36 [INFO]   1X2 [08:58]: 10 matchs
08:41:36 [INFO] 1X2: 9 rounds → data/congobet_1x2_rounds.json
08:42:06 [INFO] === FIN 51.4s erreurs=aucune ===
08:42:06 [INFO] === DÉBUT CYCLE mode=gng ===
08:42:07 [INFO] === SCRAPE G/NG ===
08:42:16 [INFO] rounds ignorés (timer courant / hors séquence): ['00:33']
08:42:16 [INFO] 9 rounds retenus / 10 total (10 horodatés)
08:42:19 [INFO]   G/NG [08:44]: 10 matchs
08:42:22 [INFO]   G/NG [08:46]: 10 matchs
08:42:25 [INFO]   G/NG [08:48]: 10 matchs
08:42:28 [INFO]   G/NG [08:50]: 10 matchs
08:42:31 [INFO]   G/NG [08:52]: 10 matchs
08:42:34 [INFO]   G/NG [08:54]: 10 matchs
08:42:37 [INFO]   G/NG [08:56]: 10 matchs
08:42:40 [INFO]   G/NG [08:58]: 10 matchs
08:42:43 [INFO]   G/NG [09:00]: 10 matchs
08:42:43 [INFO] G/NG: 90 cotes → data/cbet_odds.json
08:42:43 [INFO] === FIN 37.0s erreurs=aucune ===
08:44:29 [INFO] === DÉBUT CYCLE mode=results ===
08:44:30 [INFO] === SCRAPE RÉSULTATS (version corrigée) ===
08:44:38 [INFO]   1 clics 'Afficher plus'
08:44:39 [INFO] Résultats: 80 → data/cbet_results.json
08:45:09 [INFO] === FIN 39.5s erreurs=aucune ===
11:30:59 [INFO] === DÉBUT CYCLE mode=1x2 ===
11:31:01 [INFO] === SCRAPE 1X2 ===
11:31:08 [WARNING] Impossible de sélectionner 1X2
11:31:08 [INFO] 9 rounds retenus / 10 total (9 horodatés)
11:31:09 [INFO]   1X2 [11:32]: 10 matchs
11:31:10 [INFO]   1X2 [11:34]: 10 matchs
11:31:11 [INFO]   1X2 [11:36]: 10 matchs
11:31:12 [INFO]   1X2 [11:38]: 10 matchs
11:31:14 [INFO]   1X2 [11:40]: 10 matchs
11:31:15 [INFO]   1X2 [11:42]: 10 matchs
11:31:17 [INFO]   1X2 [11:44]: 10 matchs
11:31:18 [INFO]   1X2 [11:46]: 10 matchs
11:31:20 [INFO]   1X2 [11:48]: 10 matchs
11:31:20 [INFO] 1X2: 9 rounds → data/congobet_1x2_rounds.json
11:31:20 [INFO] === FIN 20.3s erreurs=aucune ===
11:31:20 [INFO] === DÉBUT CYCLE mode=gng ===
11:31:20 [INFO] === SCRAPE G/NG ===
11:31:26 [WARNING] Impossible de sélectionner G/NG
11:31:56 [INFO] === FIN 36.5s erreurs=aucune ===
11:33:44 [INFO] === DÉBUT CYCLE mode=results ===
11:33:44 [INFO] === SCRAPE RÉSULTATS (version corrigée) ===
11:33:54 [INFO]   3 clics 'Afficher plus'
11:33:56 [INFO] Résultats: 130 → data/cbet_results.json
11:34:26 [INFO] === FIN 42.3s erreurs=aucune ===
13:57:22 [INFO] === DÉBUT CYCLE mode=1x2 ===
13:57:24 [INFO] === SCRAPE 1X2 ===
13:57:32 [WARNING] Impossible de sélectionner 1X2
13:57:32 [INFO] 9 rounds retenus / 10 total (9 horodatés)
13:57:33 [INFO]   1X2 [13:58]: 10 matchs
13:57:34 [INFO]   1X2 [14:00]: 10 matchs
13:57:36 [INFO]   1X2 [14:02]: 10 matchs
13:57:37 [INFO]   1X2 [14:04]: 10 matchs
13:57:39 [INFO]   1X2 [14:06]: 10 matchs
13:57:40 [INFO]   1X2 [14:08]: 10 matchs
13:57:42 [INFO]   1X2 [14:10]: 10 matchs
13:57:43 [INFO]   1X2 [14:12]: 10 matchs
13:57:44 [INFO]   1X2 [14:14]: 10 matchs
13:57:44 [INFO] 1X2: 9 rounds → data/congobet_1x2_rounds.json
13:58:14 [INFO] === FIN 51.9s erreurs=aucune ===
13:58:14 [INFO] === DÉBUT CYCLE mode=gng ===
13:58:15 [INFO] === SCRAPE G/NG ===
13:58:24 [INFO] rounds ignorés (timer courant / hors séquence): ['00:25']
13:58:24 [INFO] 9 rounds retenus / 10 total (10 horodatés)
13:58:27 [INFO]   G/NG [14:00]: 10 matchs
13:58:30 [INFO]   G/NG [14:02]: 10 matchs
13:58:33 [INFO]   G/NG [14:04]: 10 matchs
13:58:36 [INFO]   G/NG [14:06]: 10 matchs
13:58:39 [INFO]   G/NG [14:08]: 10 matchs
13:58:42 [INFO]   G/NG [14:10]: 10 matchs
13:58:45 [INFO]   G/NG [14:12]: 10 matchs
13:58:48 [INFO]   G/NG [14:14]: 10 matchs
13:58:51 [INFO]   G/NG [14:16]: 10 matchs
13:58:51 [INFO] G/NG: 90 cotes → data/cbet_odds.json
13:58:51 [INFO] === FIN 37.0s erreurs=aucune ===
14:00:38 [INFO] === DÉBUT CYCLE mode=results ===
14:00:39 [INFO] === SCRAPE RÉSULTATS (version corrigée) ===
14:00:46 [INFO]   1 clics 'Afficher plus'
14:00:48 [INFO] Résultats: 80 → data/cbet_results.json
14:00:48 [INFO] === FIN 9.5s erreurs=aucune ===
16:26:25 [INFO] === DÉBUT CYCLE mode=1x2 ===
16:26:26 [INFO] === SCRAPE 1X2 ===
16:26:33 [INFO] rounds ignorés (timer courant / hors séquence): ['00:16']
16:26:33 [INFO] 9 rounds retenus / 10 total (10 horodatés)
16:26:34 [INFO]   1X2 [16:28]: 10 matchs
16:26:36 [INFO]   1X2 [16:30]: 10 matchs
16:26:37 [INFO]   1X2 [16:32]: 10 matchs
16:26:39 [INFO]   1X2 [16:34]: 10 matchs
16:26:40 [INFO]   1X2 [16:36]: 10 matchs
16:26:41 [INFO]   1X2 [16:38]: 10 matchs
16:26:43 [INFO]   1X2 [16:40]: 10 matchs
16:26:44 [INFO]   1X2 [16:42]: 10 matchs
16:26:46 [INFO]   1X2 [16:44]: 10 matchs
16:26:46 [INFO] 1X2: 9 rounds → data/congobet_1x2_rounds.json
16:26:46 [INFO] === FIN 20.5s erreurs=aucune ===
16:26:46 [INFO] === DÉBUT CYCLE mode=gng ===
16:26:46 [INFO] === SCRAPE G/NG ===
16:26:53 [WARNING] Impossible de sélectionner G/NG
16:26:53 [INFO] === FIN 7.2s erreurs=aucune ===
16:28:39 [INFO] === DÉBUT CYCLE mode=results ===
16:28:39 [INFO] === SCRAPE RÉSULTATS (version corrigée) ===
16:28:46 [INFO]   0 clics 'Afficher plus'
16:28:46 [INFO] Résultats: 30 → data/cbet_results.json
16:29:16 [INFO] === FIN 37.4s erreurs=aucune ===
18:15:02 [INFO] === DÉBUT CYCLE mode=1x2 ===
18:15:03 [INFO] === SCRAPE 1X2 ===
18:15:10 [INFO] rounds ignorés (timer courant / hors séquence): ['00:39']
18:15:10 [INFO] 9 rounds retenus / 10 total (10 horodatés)
18:15:11 [INFO]   1X2 [18:17]: 10 matchs
18:15:12 [INFO]   1X2 [18:19]: 10 matchs
18:15:14 [INFO]   1X2 [18:21]: 10 matchs
18:15:15 [INFO]   1X2 [18:23]: 10 matchs
18:15:16 [INFO]   1X2 [18:25]: 10 matchs
18:15:18 [INFO]   1X2 [18:27]: 10 matchs
18:15:19 [INFO]   1X2 [18:29]: 10 matchs
18:15:21 [INFO]   1X2 [18:31]: 10 matchs
18:15:22 [INFO]   1X2 [18:33]: 10 matchs
18:15:22 [INFO] 1X2: 9 rounds → data/congobet_1x2_rounds.json
18:15:52 [INFO] === FIN 49.9s erreurs=aucune ===
18:15:55 [INFO] === DÉBUT CYCLE mode=gng ===
18:15:55 [INFO] === SCRAPE G/NG ===
18:16:03 [WARNING] Impossible de sélectionner G/NG
18:16:03 [INFO] === FIN 8.2s erreurs=aucune ===
18:17:51 [INFO] === DÉBUT CYCLE mode=results ===
18:17:52 [INFO] === SCRAPE RÉSULTATS (version corrigée) ===
18:18:04 [INFO]   4 clics 'Afficher plus'
18:18:07 [INFO] Résultats: 180 → data/cbet_results.json
18:18:37 [INFO] === FIN 45.5s erreurs=aucune ===
20:13:37 [INFO] === DÉBUT CYCLE mode=1x2 ===
20:13:39 [INFO] === SCRAPE 1X2 ===
20:13:45 [WARNING] Impossible de sélectionner 1X2
20:13:45 [INFO] rounds ignorés (timer courant / hors séquence): ['20:14']
20:13:45 [INFO] 8 rounds retenus / 10 total (9 horodatés)
20:13:46 [INFO]   1X2 [20:19]: 10 matchs
20:13:47 [INFO]   1X2 [20:21]: 10 matchs
20:13:48 [INFO]   1X2 [20:23]: 10 matchs
20:13:50 [INFO]   1X2 [20:25]: 10 matchs
20:13:51 [INFO]   1X2 [20:27]: 10 matchs
20:13:52 [INFO]   1X2 [20:29]: 10 matchs
20:13:53 [INFO]   1X2 [20:31]: 10 matchs
20:13:55 [INFO]   1X2 [20:33]: 10 matchs
20:13:55 [INFO] 1X2: 8 rounds → data/congobet_1x2_rounds.json
20:14:25 [INFO] === FIN 47.7s erreurs=aucune ===
20:14:25 [INFO] === DÉBUT CYCLE mode=gng ===
20:14:26 [INFO] === SCRAPE G/NG ===
20:14:34 [INFO] rounds ignorés (timer courant / hors séquence): ['00:15']
20:14:34 [INFO] 9 rounds retenus / 10 total (10 horodatés)
20:14:37 [INFO]   G/NG [20:19]: 10 matchs
20:14:39 [INFO]   G/NG [20:21]: 10 matchs
20:14:42 [INFO]   G/NG [20:23]: 10 matchs
20:14:45 [INFO]   G/NG [20:25]: 10 matchs
20:14:48 [INFO]   G/NG [20:27]: 10 matchs
20:14:51 [INFO]   G/NG [20:29]: 10 matchs
20:14:54 [INFO]   G/NG [20:31]: 10 matchs
20:14:57 [INFO]   G/NG [20:33]: 10 matchs
20:15:00 [INFO]   G/NG [20:35]: 10 matchs
20:15:00 [INFO] G/NG: 90 cotes → data/cbet_odds.json
20:15:00 [INFO] === FIN 34.7s erreurs=aucune ===
20:16:46 [INFO] === DÉBUT CYCLE mode=results ===
20:16:47 [INFO] === SCRAPE RÉSULTATS (version corrigée) ===
20:16:53 [INFO]   0 clics 'Afficher plus'
20:17:08 [WARNING] Aucun conteneur de résultat trouvé
20:17:38 [INFO] === FIN 51.2s erreurs=aucune ===
21:36:46 [INFO] === DÉBUT CYCLE mode=1x2 ===
21:36:46 [INFO] === SCRAPE 1X2 ===
21:36:55 [INFO] rounds ignorés (timer courant / hors séquence): ['01:55']
21:36:55 [INFO] 9 rounds retenus / 10 total (10 horodatés)
21:36:56 [INFO]   1X2 [21:40]: 10 matchs
21:36:57 [INFO]   1X2 [21:42]: 10 matchs
21:36:59 [INFO]   1X2 [21:44]: 10 matchs
21:37:00 [INFO]   1X2 [21:46]: 10 matchs
21:37:01 [INFO]   1X2 [21:48]: 10 matchs
21:37:03 [INFO]   1X2 [21:50]: 10 matchs
21:37:04 [INFO]   1X2 [21:52]: 10 matchs
21:37:06 [INFO]   1X2 [21:54]: 10 matchs
21:37:07 [INFO]   1X2 [21:56]: 10 matchs
21:37:07 [INFO] 1X2: 9 rounds → data/congobet_1x2_rounds.json
21:37:07 [INFO] === FIN 21.4s erreurs=aucune ===
21:37:07 [INFO] === DÉBUT CYCLE mode=gng ===
21:37:07 [INFO] === SCRAPE G/NG ===
21:37:17 [INFO] rounds ignorés (timer courant / hors séquence): ['01:32']
21:37:17 [INFO] 9 rounds retenus / 10 total (10 horodatés)
21:37:20 [INFO]   G/NG [21:40]: 10 matchs
21:37:23 [INFO]   G/NG [21:42]: 10 matchs
21:37:26 [INFO]   G/NG [21:44]: 10 matchs
21:37:29 [INFO]   G/NG [21:46]: 10 matchs
21:37:32 [INFO]   G/NG [21:48]: 10 matchs
21:37:35 [INFO]   G/NG [21:50]: 10 matchs
21:37:38 [INFO]   G/NG [21:52]: 10 matchs
21:37:41 [INFO]   G/NG [21:54]: 10 matchs
21:37:44 [INFO]   G/NG [21:56]: 10 matchs
21:37:44 [INFO] G/NG: 90 cotes → data/cbet_odds.json
21:38:15 [INFO] === FIN 67.4s erreurs=aucune ===
21:40:01 [INFO] === DÉBUT CYCLE mode=results ===
21:40:01 [INFO] === SCRAPE RÉSULTATS (version corrigée) ===
21:40:08 [INFO]   0 clics 'Afficher plus'
21:40:09 [INFO] Résultats: 10 → data/cbet_results.json
21:40:39 [INFO] === FIN 37.8s erreurs=aucune ===
22:38:25 [INFO] === DÉBUT CYCLE mode=1x2 ===
22:38:27 [INFO] === SCRAPE 1X2 ===
22:38:34 [INFO] rounds ignorés (timer courant / hors séquence): ['00:15', '22:40', '22:42', '22:44', '22:46', '22:48', '22:50', '22:52']
22:38:34 [INFO] 2 rounds retenus / 10 total (10 horodatés)
22:38:36 [INFO]   1X2 [22:57]: 10 matchs
22:38:37 [INFO]   1X2 [22:59]: 10 matchs
22:38:37 [INFO] 1X2: 2 rounds → data/congobet_1x2_rounds.json
22:38:37 [INFO] === FIN 12.5s erreurs=aucune ===
22:38:37 [INFO] === DÉBUT CYCLE mode=gng ===
22:38:38 [INFO] === SCRAPE G/NG ===
22:38:47 [INFO] rounds ignorés (timer courant / hors séquence): ['00:03', '22:40', '22:42', '22:44', '22:46', '22:48', '22:50', '22:52']
22:38:47 [INFO] 2 rounds retenus / 10 total (10 horodatés)
22:38:50 [INFO]   G/NG [22:57]: 10 matchs
22:38:53 [INFO]   G/NG [22:59]: 10 matchs
22:38:53 [INFO] G/NG: 20 cotes → data/cbet_odds.json
22:39:23 [INFO] === FIN 45.6s erreurs=aucune ===
22:41:09 [INFO] === DÉBUT CYCLE mode=results ===
22:41:10 [INFO] === SCRAPE RÉSULTATS (version corrigée) ===
22:41:23 [INFO]   5 clics 'Afficher plus'
22:41:27 [INFO] Résultats: 240 → data/cbet_results.json
22:41:27 [INFO] === FIN 18.1s erreurs=aucune ===
23:44:27 [INFO] === DÉBUT CYCLE mode=1x2 ===
23:44:28 [INFO] === SCRAPE 1X2 ===
23:44:35 [WARNING] Impossible de sélectionner 1X2
23:44:35 [INFO] 9 rounds retenus / 10 total (9 horodatés)
23:44:36 [INFO]   1X2 [23:45]: 10 matchs
23:44:37 [INFO]   1X2 [23:47]: 10 matchs
23:44:38 [INFO]   1X2 [23:49]: 10 matchs
23:44:40 [INFO]   1X2 [23:51]: 10 matchs
23:44:41 [INFO]   1X2 [23:53]: 10 matchs
23:44:42 [INFO]   1X2 [23:55]: 10 matchs
23:44:44 [INFO]   1X2 [23:57]: 10 matchs
23:44:45 [INFO]   1X2 [23:59]: 10 matchs
23:44:46 [INFO]   1X2 [00:01]: 10 matchs
23:44:46 [INFO] 1X2: 9 rounds → data/congobet_1x2_rounds.json
23:44:46 [INFO] === FIN 19.4s erreurs=aucune ===
23:44:46 [INFO] === DÉBUT CYCLE mode=gng ===
23:44:47 [INFO] === SCRAPE G/NG ===
23:44:55 [INFO] rounds ignorés (timer courant / hors séquence): ['00:54']
23:44:55 [INFO] 9 rounds retenus / 10 total (10 horodatés)
23:44:58 [INFO]   G/NG [23:47]: 10 matchs
23:45:02 [INFO]   G/NG [23:49]: 10 matchs
23:45:05 [INFO]   G/NG [23:51]: 10 matchs
23:45:08 [INFO]   G/NG [23:53]: 10 matchs
23:45:11 [INFO]   G/NG [23:55]: 10 matchs
23:45:14 [INFO]   G/NG [23:57]: 10 matchs
23:45:17 [INFO]   G/NG [23:59]: 10 matchs
23:45:20 [INFO]   G/NG [00:01]: 10 matchs
23:45:23 [INFO]   G/NG [00:03]: 10 matchs
23:45:23 [INFO] G/NG: 90 cotes → data/cbet_odds.json
23:45:23 [INFO] === FIN 36.6s erreurs=aucune ===
23:47:09 [INFO] === DÉBUT CYCLE mode=results ===
23:47:10 [INFO] === SCRAPE RÉSULTATS (version corrigée) ===
23:47:22 [INFO]   5 clics 'Afficher plus'
23:47:27 [INFO] Résultats: 240 → data/cbet_results.json
23:47:57 [INFO] === FIN 47.6s erreurs=aucune ===
01:28:31 [INFO] === DÉBUT CYCLE mode=1x2 ===
01:28:31 [INFO] === SCRAPE 1X2 ===
01:28:40 [INFO] rounds ignorés (timer courant / hors séquence): ['00:10', '01:30']
01:28:40 [INFO] 8 rounds retenus / 10 total (10 horodatés)
01:28:41 [INFO]   1X2 [01:35]: 10 matchs
01:28:42 [INFO]   1X2 [01:37]: 10 matchs
01:28:44 [INFO]   1X2 [01:39]: 10 matchs
01:28:45 [INFO]   1X2 [01:41]: 10 matchs
01:28:46 [INFO]   1X2 [01:43]: 10 matchs
01:28:48 [INFO]   1X2 [01:45]: 10 matchs
01:28:49 [INFO]   1X2 [01:47]: 10 matchs
01:28:50 [INFO]   1X2 [01:49]: 10 matchs
01:28:50 [INFO] 1X2: 8 rounds → data/congobet_1x2_rounds.json
01:29:21 [INFO] === FIN 49.8s erreurs=aucune ===
01:29:21 [INFO] === DÉBUT CYCLE mode=gng ===
01:29:22 [INFO] === SCRAPE G/NG ===
01:29:31 [WARNING] Impossible de sélectionner G/NG
01:29:31 [INFO] === FIN 10.4s erreurs=aucune ===
01:31:17 [INFO] === DÉBUT CYCLE mode=results ===
01:31:17 [INFO] === SCRAPE RÉSULTATS (version corrigée) ===
01:31:32 [INFO]   5 clics 'Afficher plus'
01:31:35 [INFO] Résultats: 240 → data/cbet_results.json
01:31:36 [INFO] === FIN 18.7s erreurs=aucune ===
05:05:49 [INFO] === DÉBUT CYCLE mode=1x2 ===
05:05:51 [INFO] === SCRAPE 1X2 ===
05:05:58 [WARNING] Impossible de sélectionner 1X2
05:05:58 [INFO] 9 rounds retenus / 10 total (9 horodatés)
05:05:59 [INFO]   1X2 [05:07]: 10 matchs
05:06:01 [INFO]   1X2 [05:09]: 10 matchs
05:06:02 [INFO]   1X2 [05:11]: 10 matchs
05:06:03 [INFO]   1X2 [05:13]: 10 matchs
05:06:05 [INFO]   1X2 [05:15]: 10 matchs
05:06:06 [INFO]   1X2 [05:17]: 10 matchs
05:06:08 [INFO]   1X2 [05:19]: 10 matchs
05:06:09 [INFO]   1X2 [05:21]: 10 matchs
05:06:10 [INFO]   1X2 [05:23]: 10 matchs
05:06:10 [INFO] 1X2: 9 rounds → data/congobet_1x2_rounds.json
05:06:10 [INFO] === FIN 21.6s erreurs=aucune ===
05:06:11 [INFO] === DÉBUT CYCLE mode=gng ===
05:06:11 [INFO] === SCRAPE G/NG ===
05:06:18 [WARNING] Impossible de sélectionner G/NG
05:06:18 [INFO] === FIN 7.2s erreurs=aucune ===
05:08:04 [INFO] === DÉBUT CYCLE mode=results ===
05:08:04 [INFO] === SCRAPE RÉSULTATS (version corrigée) ===
05:08:17 [INFO]   5 clics 'Afficher plus'
05:08:22 [INFO] Résultats: 240 → data/cbet_results.json
05:08:52 [INFO] === FIN 47.8s erreurs=aucune ===
07:39:22 [INFO] === DÉBUT CYCLE mode=1x2 ===
07:39:23 [INFO] === SCRAPE 1X2 ===
07:39:31 [INFO] rounds ignorés (timer courant / hors séquence): ['00:18']
07:39:31 [INFO] 9 rounds retenus / 10 total (10 horodatés)
07:39:33 [INFO]   1X2 [07:41]: 10 matchs
07:39:34 [INFO]   1X2 [07:43]: 10 matchs
07:39:35 [INFO]   1X2 [07:45]: 10 matchs
07:39:37 [INFO]   1X2 [07:47]: 10 matchs
07:39:38 [INFO]   1X2 [07:49]: 10 matchs
07:39:40 [INFO]   1X2 [07:51]: 10 matchs
07:39:41 [INFO]   1X2 [07:53]: 10 matchs
07:39:42 [INFO]   1X2 [07:55]: 10 matchs
07:39:44 [INFO]   1X2 [07:57]: 10 matchs
07:39:44 [INFO] 1X2: 9 rounds → data/congobet_1x2_rounds.json
07:39:44 [INFO] === FIN 21.8s erreurs=aucune ===
07:39:44 [INFO] === DÉBUT CYCLE mode=gng ===
07:39:44 [INFO] === SCRAPE G/NG ===
07:39:53 [WARNING] Impossible de sélectionner G/NG
07:39:53 [INFO] === FIN 9.3s erreurs=aucune ===
07:41:39 [INFO] === DÉBUT CYCLE mode=results ===
07:41:39 [INFO] === SCRAPE RÉSULTATS (version corrigée) ===
07:41:54 [INFO]   5 clics 'Afficher plus'
07:41:59 [INFO] Résultats: 240 → data/cbet_results.json
07:41:59 [INFO] === FIN 19.8s erreurs=aucune ===
09:25:17 [INFO] === DÉBUT CYCLE mode=1x2 ===
09:25:17 [INFO] === SCRAPE 1X2 ===
09:25:25 [WARNING] Impossible de sélectionner 1X2
09:25:25 [INFO] 9 rounds retenus / 10 total (9 horodatés)
09:25:27 [INFO]   1X2 [09:29]: 10 matchs
09:25:28 [INFO]   1X2 [09:31]: 10 matchs
09:25:30 [INFO]   1X2 [09:33]: 10 matchs
09:25:31 [INFO]   1X2 [09:35]: 10 matchs
09:25:33 [INFO]   1X2 [09:37]: 10 matchs
09:25:34 [INFO]   1X2 [09:39]: 10 matchs
09:25:35 [INFO]   1X2 [09:41]: 10 matchs
09:25:37 [INFO]   1X2 [09:43]: 10 matchs
09:25:38 [INFO]   1X2 [09:45]: 10 matchs
09:25:38 [INFO] 1X2: 9 rounds → data/congobet_1x2_rounds.json
09:26:08 [INFO] === FIN 51.4s erreurs=aucune ===
09:26:08 [INFO] === DÉBUT CYCLE mode=gng ===
09:26:09 [INFO] === SCRAPE G/NG ===
09:26:19 [INFO] rounds ignorés (timer courant / hors séquence): ['03:29']
09:26:19 [INFO] 9 rounds retenus / 10 total (10 horodatés)
09:26:22 [INFO]   G/NG [09:31]: 10 matchs
09:26:25 [INFO]   G/NG [09:33]: 10 matchs
09:26:28 [INFO]   G/NG [09:35]: 10 matchs
09:26:31 [INFO]   G/NG [09:37]: 10 matchs
09:26:34 [INFO]   G/NG [09:39]: 10 matchs
09:26:37 [INFO]   G/NG [09:41]: 10 matchs
09:26:40 [INFO]   G/NG [09:43]: 10 matchs
09:26:43 [INFO]   G/NG [09:45]: 10 matchs
09:26:46 [INFO]   G/NG [09:47]: 10 matchs
09:26:46 [INFO] G/NG: 90 cotes → data/cbet_odds.json
09:27:17 [INFO] === FIN 68.3s erreurs=aucune ===
09:29:05 [INFO] === DÉBUT CYCLE mode=results ===
09:29:06 [INFO] === SCRAPE RÉSULTATS (version corrigée) ===
09:29:14 [INFO]   0 clics 'Afficher plus'
09:29:29 [WARNING] Aucun conteneur de résultat trouvé
09:29:29 [INFO] === FIN 23.7s erreurs=aucune ===
10:50:37 [INFO] === DÉBUT CYCLE mode=1x2 ===
10:50:38 [INFO] === SCRAPE 1X2 ===
10:50:47 [INFO] rounds ignorés (timer courant / hors séquence): ['00:03']
10:50:47 [INFO] 9 rounds retenus / 10 total (10 horodatés)
10:50:48 [INFO]   1X2 [10:52]: 10 matchs
10:50:49 [INFO]   1X2 [10:54]: 10 matchs
10:50:51 [INFO]   1X2 [10:56]: 10 matchs
10:50:52 [INFO]   1X2 [10:58]: 10 matchs
10:50:53 [INFO]   1X2 [11:00]: 10 matchs
10:50:55 [INFO]   1X2 [11:02]: 10 matchs
10:50:56 [INFO]   1X2 [11:04]: 10 matchs
10:50:58 [INFO]   1X2 [11:06]: 10 matchs
10:50:59 [INFO]   1X2 [11:08]: 10 matchs
10:50:59 [INFO] 1X2: 9 rounds → data/congobet_1x2_rounds.json
10:50:59 [INFO] === FIN 22.1s erreurs=aucune ===
10:50:59 [INFO] === DÉBUT CYCLE mode=gng ===
10:51:00 [INFO] === SCRAPE G/NG ===
10:51:08 [WARNING] Impossible de sélectionner G/NG
10:51:08 [INFO] === FIN 8.7s erreurs=aucune ===
10:52:54 [INFO] === DÉBUT CYCLE mode=results ===
10:52:54 [INFO] === SCRAPE RÉSULTATS (version corrigée) ===
10:53:03 [INFO]   0 clics 'Afficher plus'
10:53:03 [INFO] Résultats: 20 → data/cbet_results.json
10:53:03 [INFO] === FIN 9.1s erreurs=aucune ===
11:51:15 [INFO] === DÉBUT CYCLE mode=1x2 ===
11:51:15 [INFO] === SCRAPE 1X2 ===
11:51:21 [WARNING] Impossible de sélectionner 1X2
11:51:21 [INFO] rounds ignorés (timer courant / hors séquence): ['11:52', '11:54', '11:56', '11:58', '12:00', '12:02']
11:51:21 [INFO] 3 rounds retenus / 10 total (9 horodatés)
11:51:23 [INFO]   1X2 [12:07]: 10 matchs
11:51:24 [INFO]   1X2 [12:09]: 10 matchs
11:51:26 [INFO]   1X2 [12:11]: 10 matchs
11:51:26 [INFO] 1X2: 3 rounds → data/congobet_1x2_rounds.json
11:51:26 [INFO] === FIN 11.1s erreurs=aucune ===
11:51:26 [INFO] === DÉBUT CYCLE mode=gng ===
11:51:26 [INFO] === SCRAPE G/NG ===
11:51:33 [WARNING] Impossible de sélectionner G/NG
11:51:33 [INFO] === FIN 6.6s erreurs=aucune ===
11:53:18 [INFO] === DÉBUT CYCLE mode=results ===
11:53:19 [INFO] === SCRAPE RÉSULTATS (version corrigée) ===
11:53:31 [INFO]   5 clics 'Afficher plus'
11:53:36 [INFO] Résultats: 240 → data/cbet_results.json
11:53:36 [INFO] === FIN 17.2s erreurs=aucune ===
12:49:59 [INFO] === DÉBUT CYCLE mode=1x2 ===
12:50:00 [INFO] === SCRAPE 1X2 ===
12:50:06 [WARNING] Impossible de sélectionner 1X2
12:50:07 [INFO] 9 rounds retenus / 10 total (9 horodatés)
12:50:08 [INFO]   1X2 [12:51]: 10 matchs
12:50:09 [INFO]   1X2 [12:53]: 10 matchs
12:50:10 [INFO]   1X2 [12:55]: 10 matchs
12:50:11 [INFO]   1X2 [12:57]: 10 matchs
12:50:13 [INFO]   1X2 [12:59]: 10 matchs
12:50:14 [INFO]   1X2 [13:01]: 10 matchs
12:50:16 [INFO]   1X2 [13:03]: 10 matchs
12:50:17 [INFO]   1X2 [13:05]: 10 matchs
12:50:19 [INFO]   1X2 [13:07]: 10 matchs
12:50:19 [INFO] 1X2: 9 rounds → data/congobet_1x2_rounds.json
12:50:19 [INFO] === FIN 19.2s erreurs=aucune ===
12:50:19 [INFO] === DÉBUT CYCLE mode=gng ===
12:50:19 [INFO] === SCRAPE G/NG ===
12:50:25 [WARNING] Impossible de sélectionner G/NG
12:50:26 [INFO] === FIN 6.9s erreurs=aucune ===
12:52:12 [INFO] === DÉBUT CYCLE mode=results ===
12:52:12 [INFO] === SCRAPE RÉSULTATS (version corrigée) ===
12:52:25 [INFO]   5 clics 'Afficher plus'
12:52:29 [INFO] Résultats: 220 → data/cbet_results.json
12:52:29 [INFO] === FIN 16.9s erreurs=aucune ===
14:22:04 [INFO] === DÉBUT CYCLE mode=1x2 ===
14:22:06 [INFO] === SCRAPE 1X2 ===
14:22:12 [INFO] rounds ignorés (timer courant / hors séquence): ['00:39']
14:22:12 [INFO] 9 rounds retenus / 10 total (10 horodatés)
14:22:14 [INFO]   1X2 [14:24]: 10 matchs
14:22:15 [INFO]   1X2 [14:26]: 10 matchs
14:22:16 [INFO]   1X2 [14:28]: 10 matchs
14:22:18 [INFO]   1X2 [14:30]: 10 matchs
14:22:19 [INFO]   1X2 [14:32]: 10 matchs
14:22:21 [INFO]   1X2 [14:34]: 10 matchs
14:22:22 [INFO]   1X2 [14:36]: 10 matchs
14:22:23 [INFO]   1X2 [14:38]: 10 matchs
14:22:25 [INFO]   1X2 [14:40]: 10 matchs
14:22:25 [INFO] 1X2: 9 rounds → data/congobet_1x2_rounds.json
14:22:25 [INFO] === FIN 20.5s erreurs=aucune ===
14:22:25 [INFO] === DÉBUT CYCLE mode=gng ===
14:22:25 [INFO] === SCRAPE G/NG ===
14:22:34 [INFO] rounds ignorés (timer courant / hors séquence): ['00:15']
14:22:34 [INFO] 9 rounds retenus / 10 total (10 horodatés)
14:22:37 [INFO]   G/NG [14:24]: 10 matchs
14:22:40 [INFO]   G/NG [14:26]: 10 matchs
14:22:43 [INFO]   G/NG [14:28]: 10 matchs
14:22:46 [INFO]   G/NG [14:30]: 10 matchs
14:22:49 [INFO]   G/NG [14:32]: 10 matchs
14:22:52 [INFO]   G/NG [14:34]: 10 matchs
14:22:55 [INFO]   G/NG [14:36]: 10 matchs
14:22:58 [INFO]   G/NG [14:38]: 10 matchs
14:23:01 [INFO]   G/NG [14:40]: 10 matchs
14:23:01 [INFO] G/NG: 90 cotes → data/cbet_odds.json
14:23:31 [INFO] === FIN 66.3s erreurs=aucune ===
14:25:18 [INFO] === DÉBUT CYCLE mode=results ===
14:25:18 [INFO] === SCRAPE RÉSULTATS (version corrigée) ===
14:25:31 [INFO]   5 clics 'Afficher plus'
14:25:35 [INFO] Résultats: 240 → data/cbet_results.json
14:25:35 [INFO] === FIN 17.3s erreurs=aucune ===
15:36:47 [INFO] === DÉBUT CYCLE mode=1x2 ===
15:36:49 [INFO] === SCRAPE 1X2 ===
15:36:58 [INFO] rounds ignorés (timer courant / hors séquence): ['00:52']
15:36:58 [INFO] 9 rounds retenus / 10 total (10 horodatés)
15:36:59 [INFO]   1X2 [15:39]: 10 matchs
15:37:00 [INFO]   1X2 [15:41]: 10 matchs
15:37:02 [INFO]   1X2 [15:43]: 10 matchs
15:37:03 [INFO]   1X2 [15:45]: 10 matchs
15:37:05 [INFO]   1X2 [15:47]: 10 matchs
15:37:06 [INFO]   1X2 [15:49]: 10 matchs
15:37:07 [INFO]   1X2 [15:51]: 10 matchs
15:37:09 [INFO]   1X2 [15:53]: 10 matchs
15:37:10 [INFO]   1X2 [15:55]: 10 matchs
15:37:10 [INFO] 1X2: 9 rounds → data/congobet_1x2_rounds.json
15:37:10 [INFO] === FIN 23.3s erreurs=aucune ===
15:37:10 [INFO] === DÉBUT CYCLE mode=gng ===
15:37:11 [INFO] === SCRAPE G/NG ===
15:37:21 [INFO] rounds ignorés (timer courant / hors séquence): ['00:27']
15:37:21 [INFO] 9 rounds retenus / 10 total (10 horodatés)
15:37:24 [INFO]   G/NG [15:39]: 10 matchs
15:37:28 [INFO]   G/NG [15:41]: 10 matchs
15:37:31 [INFO]   G/NG [15:43]: 10 matchs
15:37:34 [INFO]   G/NG [15:45]: 10 matchs
15:37:37 [INFO]   G/NG [15:47]: 10 matchs
15:37:40 [INFO]   G/NG [15:49]: 10 matchs
15:37:43 [INFO]   G/NG [15:51]: 10 matchs
15:37:46 [INFO]   G/NG [15:53]: 10 matchs
15:37:49 [INFO]   G/NG [15:55]: 10 matchs
15:37:49 [INFO] G/NG: 90 cotes → data/cbet_odds.json
15:38:19 [INFO] === FIN 68.4s erreurs=aucune ===
15:40:05 [INFO] === DÉBUT CYCLE mode=results ===
15:40:06 [INFO] === SCRAPE RÉSULTATS (version corrigée) ===
15:40:20 [INFO]   5 clics 'Afficher plus'
15:40:25 [INFO] Résultats: 240 → data/cbet_results.json
15:40:25 [INFO] === FIN 19.6s erreurs=aucune ===
16:37:57 [INFO] === DÉBUT CYCLE mode=1x2 ===
16:37:58 [INFO] === SCRAPE 1X2 ===
16:38:04 [INFO] rounds ignorés (timer courant / hors séquence): ['00:45']
16:38:04 [INFO] 9 rounds retenus / 10 total (10 horodatés)
16:38:05 [INFO]   1X2 [16:40]: 10 matchs
16:38:06 [INFO]   1X2 [16:42]: 10 matchs
16:38:07 [INFO]   1X2 [16:44]: 10 matchs
16:38:09 [INFO]   1X2 [16:46]: 10 matchs
16:38:10 [INFO]   1X2 [16:48]: 10 matchs
16:38:12 [INFO]   1X2 [16:50]: 10 matchs
16:38:13 [INFO]   1X2 [16:52]: 10 matchs
16:38:14 [INFO]   1X2 [16:54]: 10 matchs
16:38:16 [INFO]   1X2 [16:56]: 10 matchs
16:38:16 [INFO] 1X2: 9 rounds → data/congobet_1x2_rounds.json
16:38:16 [INFO] === FIN 19.1s erreurs=aucune ===
16:38:16 [INFO] === DÉBUT CYCLE mode=gng ===
16:38:16 [INFO] === SCRAPE G/NG ===
16:38:25 [INFO] rounds ignorés (timer courant / hors séquence): ['00:24']
16:38:25 [INFO] 9 rounds retenus / 10 total (10 horodatés)
16:38:28 [INFO]   G/NG [16:40]: 10 matchs
16:38:31 [INFO]   G/NG [16:42]: 10 matchs
16:38:34 [INFO]   G/NG [16:44]: 10 matchs
16:38:37 [INFO]   G/NG [16:46]: 10 matchs
16:38:40 [INFO]   G/NG [16:48]: 10 matchs
16:38:43 [INFO]   G/NG [16:50]: 10 matchs
16:38:46 [INFO]   G/NG [16:52]: 10 matchs
16:38:49 [INFO]   G/NG [16:54]: 10 matchs
16:38:52 [INFO]   G/NG [16:56]: 10 matchs
16:38:52 [INFO] G/NG: 90 cotes → data/cbet_odds.json
16:38:52 [INFO] === FIN 36.3s erreurs=aucune ===
16:40:38 [INFO] === DÉBUT CYCLE mode=results ===
16:40:38 [INFO] === SCRAPE RÉSULTATS (version corrigée) ===
16:40:49 [INFO]   4 clics 'Afficher plus'
16:40:52 [INFO] Résultats: 180 → data/cbet_results.json
16:41:23 [INFO] === FIN 44.5s erreurs=aucune ===
17:42:42 [INFO] === DÉBUT CYCLE mode=1x2 ===
17:42:43 [INFO] === SCRAPE 1X2 ===
17:43:00 [INFO] rounds ignorés (timer courant / hors séquence): ['00:49']
17:43:00 [INFO] 9 rounds retenus / 10 total (10 horodatés)
17:43:06 [INFO]   1X2 [17:45]: 10 matchs
17:43:11 [INFO]   1X2 [17:47]: 10 matchs
17:43:15 [INFO]   1X2 [17:49]: 10 matchs
17:43:23 [INFO]   1X2 [17:51]: 10 matchs
17:43:28 [INFO]   1X2 [17:53]: 10 matchs
17:43:33 [INFO]   1X2 [17:55]: 10 matchs
17:43:36 [INFO]   1X2 [17:57]: 10 matchs
17:43:44 [INFO]   1X2 [17:59]: 10 matchs
17:43:50 [INFO]   1X2 [18:01]: 10 matchs
17:43:50 [INFO] 1X2: 9 rounds → data/congobet_1x2_rounds.json
17:43:50 [INFO] === FIN 68.7s erreurs=aucune ===
17:43:50 [INFO] === DÉBUT CYCLE mode=gng ===
17:43:51 [INFO] === SCRAPE G/NG ===
17:43:57 [WARNING] Impossible de sélectionner G/NG
17:43:57 [INFO] === FIN 6.8s erreurs=aucune ===
17:45:43 [INFO] === DÉBUT CYCLE mode=results ===
17:45:44 [INFO] === SCRAPE RÉSULTATS (version corrigée) ===
17:45:59 [INFO]   2 clics 'Afficher plus'
17:46:01 [INFO] Résultats: 110 → data/cbet_results.json
17:46:31 [INFO] === FIN 47.6s erreurs=aucune ===
18:43:18 [INFO] === DÉBUT CYCLE mode=1x2 ===
18:43:18 [INFO] === SCRAPE 1X2 ===
18:43:25 [WARNING] Impossible de sélectionner 1X2
18:43:25 [INFO] 9 rounds retenus / 10 total (9 horodatés)
18:43:26 [INFO]   1X2 [18:44]: 10 matchs
18:43:27 [INFO]   1X2 [18:46]: 10 matchs
18:43:29 [INFO]   1X2 [18:48]: 10 matchs
18:43:30 [INFO]   1X2 [18:50]: 10 matchs
18:43:32 [INFO]   1X2 [18:52]: 10 matchs
18:43:33 [INFO]   1X2 [18:54]: 10 matchs
18:43:34 [INFO]   1X2 [18:56]: 10 matchs
18:43:36 [INFO]   1X2 [18:58]: 10 matchs
18:43:37 [INFO]   1X2 [19:00]: 10 matchs
18:43:37 [INFO] 1X2: 9 rounds → data/congobet_1x2_rounds.json
18:44:07 [INFO] === FIN 49.1s erreurs=aucune ===
18:44:07 [INFO] === DÉBUT CYCLE mode=gng ===
18:44:07 [INFO] === SCRAPE G/NG ===
18:44:16 [INFO] rounds ignorés (timer courant / hors séquence): ['00:33']
18:44:16 [INFO] 9 rounds retenus / 10 total (10 horodatés)
18:44:19 [INFO]   G/NG [18:46]: 10 matchs
18:44:22 [INFO]   G/NG [18:48]: 10 matchs
18:44:25 [INFO]   G/NG [18:50]: 10 matchs
18:44:28 [INFO]   G/NG [18:52]: 10 matchs
18:44:31 [INFO]   G/NG [18:54]: 10 matchs
18:44:34 [INFO]   G/NG [18:56]: 10 matchs
18:44:36 [INFO]   G/NG [18:58]: 10 matchs
18:44:39 [INFO]   G/NG [19:00]: 10 matchs
18:44:42 [INFO]   G/NG [19:02]: 10 matchs
18:44:42 [INFO] G/NG: 90 cotes → data/cbet_odds.json
18:44:43 [INFO] === FIN 35.6s erreurs=aucune ===
18:46:29 [INFO] === DÉBUT CYCLE mode=results ===
18:46:29 [INFO] === SCRAPE RÉSULTATS (version corrigée) ===
18:46:35 [INFO]   0 clics 'Afficher plus'
18:46:35 [INFO] Résultats: 20 → data/cbet_results.json
18:47:06 [INFO] === FIN 36.8s erreurs=aucune ===
19:51:45 [INFO] === DÉBUT CYCLE mode=1x2 ===
19:51:47 [INFO] === SCRAPE 1X2 ===
19:51:54 [INFO] rounds ignorés (timer courant / hors séquence): ['00:55', '19:54', '19:56']
19:51:54 [INFO] 7 rounds retenus / 10 total (10 horodatés)
19:51:55 [INFO]   1X2 [20:01]: 10 matchs
19:51:56 [INFO]   1X2 [20:03]: 10 matchs
19:51:58 [INFO]   1X2 [20:05]: 10 matchs
19:51:59 [INFO]   1X2 [20:07]: 10 matchs
19:52:01 [INFO]   1X2 [20:09]: 10 matchs
19:52:02 [INFO]   1X2 [20:11]: 10 matchs
19:52:03 [INFO]   1X2 [20:13]: 10 matchs
19:52:03 [INFO] 1X2: 7 rounds → data/congobet_1x2_rounds.json
19:52:03 [INFO] === FIN 18.1s erreurs=aucune ===
19:52:03 [INFO] === DÉBUT CYCLE mode=gng ===
19:52:04 [INFO] === SCRAPE G/NG ===
19:52:12 [INFO] rounds ignorés (timer courant / hors séquence): ['00:37', '19:54', '19:56']
19:52:12 [INFO] 7 rounds retenus / 10 total (10 horodatés)
19:52:15 [INFO]   G/NG [20:01]: 10 matchs
19:52:18 [INFO]   G/NG [20:03]: 10 matchs
19:52:21 [INFO]   G/NG [20:05]: 10 matchs
19:52:24 [INFO]   G/NG [20:07]: 10 matchs
19:52:27 [INFO]   G/NG [20:09]: 10 matchs
19:52:30 [INFO]   G/NG [20:11]: 10 matchs
19:52:33 [INFO]   G/NG [20:13]: 10 matchs
19:52:34 [INFO] G/NG: 70 cotes → data/cbet_odds.json
19:52:34 [INFO] === FIN 30.1s erreurs=aucune ===
19:54:20 [INFO] === DÉBUT CYCLE mode=results ===
19:54:20 [INFO] === SCRAPE RÉSULTATS (version corrigée) ===
19:54:32 [INFO]   5 clics 'Afficher plus'
19:54:37 [INFO] Résultats: 240 → data/cbet_results.json
19:54:37 [INFO] === FIN 17.4s erreurs=aucune ===
20:37:01 [INFO] === DÉBUT CYCLE mode=1x2 ===
20:37:01 [INFO] === SCRAPE 1X2 ===
20:37:08 [INFO] rounds ignorés (timer courant / hors séquence): ['00:41']
20:37:08 [INFO] 9 rounds retenus / 10 total (10 horodatés)
20:37:08 [INFO]   1X2 [20:39]: 10 matchs
20:37:10 [INFO]   1X2 [20:41]: 10 matchs
20:37:11 [INFO]   1X2 [20:43]: 10 matchs
20:37:13 [INFO]   1X2 [20:45]: 10 matchs
20:37:14 [INFO]   1X2 [20:47]: 10 matchs
20:37:15 [INFO]   1X2 [20:49]: 10 matchs
20:37:16 [INFO]   1X2 [20:51]: 10 matchs
20:37:18 [INFO]   1X2 [20:53]: 10 matchs
20:37:19 [INFO]   1X2 [20:55]: 10 matchs
20:37:19 [INFO] 1X2: 9 rounds → data/congobet_1x2_rounds.json
20:37:19 [INFO] === FIN 18.5s erreurs=aucune ===
20:37:19 [INFO] === DÉBUT CYCLE mode=gng ===
20:37:20 [INFO] === SCRAPE G/NG ===
20:37:28 [INFO] rounds ignorés (timer courant / hors séquence): ['00:21']
20:37:28 [INFO] 9 rounds retenus / 10 total (10 horodatés)
20:37:31 [INFO]   G/NG [20:39]: 10 matchs
20:37:34 [INFO]   G/NG [20:41]: 10 matchs
20:37:37 [INFO]   G/NG [20:43]: 10 matchs
20:37:40 [INFO]   G/NG [20:45]: 10 matchs
20:37:43 [INFO]   G/NG [20:47]: 10 matchs
20:37:46 [INFO]   G/NG [20:49]: 10 matchs
20:37:49 [INFO]   G/NG [20:51]: 10 matchs
20:37:52 [INFO]   G/NG [20:53]: 10 matchs
20:37:55 [INFO]   G/NG [20:55]: 10 matchs
20:37:55 [INFO] G/NG: 90 cotes → data/cbet_odds.json
20:38:25 [INFO] === FIN 66.0s erreurs=aucune ===
20:40:13 [INFO] === DÉBUT CYCLE mode=results ===
20:40:13 [INFO] === SCRAPE RÉSULTATS (version corrigée) ===
20:40:24 [INFO]   4 clics 'Afficher plus'
20:40:28 [INFO] Résultats: 190 → data/cbet_results.json
20:40:28 [INFO] === FIN 15.4s erreurs=aucune ===
21:34:23 [INFO] === DÉBUT CYCLE mode=1x2 ===
21:34:24 [INFO] === SCRAPE 1X2 ===
21:34:30 [INFO] rounds ignorés (timer courant / hors séquence): ['00:18']
21:34:30 [INFO] 9 rounds retenus / 10 total (10 horodatés)
21:34:32 [INFO]   1X2 [21:36]: 10 matchs
21:34:33 [INFO]   1X2 [21:38]: 10 matchs
21:34:34 [INFO]   1X2 [21:40]: 10 matchs
21:34:35 [INFO]   1X2 [21:42]: 10 matchs
21:34:37 [INFO]   1X2 [21:44]: 10 matchs
21:34:37 [INFO]   1X2 [21:46]: 10 matchs
21:34:39 [INFO]   1X2 [21:48]: 10 matchs
21:34:40 [INFO]   1X2 [21:50]: 10 matchs
21:34:41 [INFO]   1X2 [21:52]: 10 matchs
21:34:41 [INFO] 1X2: 9 rounds → data/congobet_1x2_rounds.json
21:34:41 [INFO] === FIN 17.8s erreurs=aucune ===
21:34:41 [INFO] === DÉBUT CYCLE mode=gng ===
21:34:42 [INFO] === SCRAPE G/NG ===
21:34:50 [INFO] 9 rounds retenus / 10 total (9 horodatés)
21:34:52 [INFO]   G/NG [21:36]: 10 matchs
21:34:55 [INFO]   G/NG [21:38]: 10 matchs
21:34:58 [INFO]   G/NG [21:40]: 10 matchs
21:35:01 [INFO]   G/NG [21:42]: 10 matchs
21:35:04 [INFO]   G/NG [21:44]: 10 matchs
21:35:07 [INFO]   G/NG [21:46]: 10 matchs
21:35:10 [INFO]   G/NG [21:48]: 10 matchs
21:35:13 [INFO]   G/NG [21:50]: 10 matchs
21:35:16 [INFO]   G/NG [21:52]: 10 matchs
21:35:16 [INFO] G/NG: 90 cotes → data/cbet_odds.json
21:35:16 [INFO] === FIN 34.9s erreurs=aucune ===
21:37:02 [INFO] === DÉBUT CYCLE mode=results ===
21:37:03 [INFO] === SCRAPE RÉSULTATS (version corrigée) ===
21:37:10 [INFO]   1 clics 'Afficher plus'
21:37:11 [INFO] Résultats: 80 → data/cbet_results.json
21:37:11 [INFO] === FIN 8.7s erreurs=aucune ===
22:32:04 [INFO] === DÉBUT CYCLE mode=1x2 ===
22:32:05 [INFO] === SCRAPE 1X2 ===
22:32:13 [INFO] rounds ignorés (timer courant / hors séquence): ['00:36', '22:34']
22:32:13 [INFO] 8 rounds retenus / 10 total (10 horodatés)
22:32:15 [INFO]   1X2 [22:39]: 10 matchs
22:32:16 [INFO]   1X2 [22:41]: 10 matchs
22:32:18 [INFO]   1X2 [22:43]: 10 matchs
22:32:19 [INFO]   1X2 [22:45]: 10 matchs
22:32:20 [INFO]   1X2 [22:47]: 10 matchs
22:32:22 [INFO]   1X2 [22:49]: 10 matchs
22:32:23 [INFO]   1X2 [22:51]: 10 matchs
22:32:24 [INFO]   1X2 [22:53]: 10 matchs
22:32:24 [INFO] 1X2: 8 rounds → data/congobet_1x2_rounds.json
22:32:24 [INFO] === FIN 20.0s erreurs=aucune ===
22:32:25 [INFO] === DÉBUT CYCLE mode=gng ===
22:32:25 [INFO] === SCRAPE G/NG ===
22:32:36 [INFO] rounds ignorés (timer courant / hors séquence): ['00:13', '22:34']
22:32:36 [INFO] 8 rounds retenus / 10 total (10 horodatés)
22:32:39 [INFO]   G/NG [22:39]: 10 matchs
22:32:42 [INFO]   G/NG [22:41]: 10 matchs
22:32:45 [INFO]   G/NG [22:43]: 10 matchs
22:32:48 [INFO]   G/NG [22:45]: 10 matchs
22:32:51 [INFO]   G/NG [22:47]: 10 matchs
22:32:54 [INFO]   G/NG [22:49]: 10 matchs
22:32:57 [INFO]   G/NG [22:51]: 10 matchs
22:33:00 [INFO]   G/NG [22:53]: 10 matchs
22:33:00 [INFO] G/NG: 80 cotes → data/cbet_odds.json
22:33:30 [INFO] === FIN 65.2s erreurs=aucune ===
22:35:16 [INFO] === DÉBUT CYCLE mode=results ===
22:35:16 [INFO] === SCRAPE RÉSULTATS (version corrigée) ===
22:35:31 [INFO]   5 clics 'Afficher plus'
22:35:35 [INFO] Résultats: 240 → data/cbet_results.json
22:36:05 [INFO] === FIN 48.8s erreurs=aucune ===
23:34:09 [INFO] === DÉBUT CYCLE mode=1x2 ===
23:34:11 [INFO] === SCRAPE 1X2 ===
23:34:18 [WARNING] Impossible de sélectionner 1X2
23:34:18 [INFO] 9 rounds retenus / 10 total (9 horodatés)
23:34:19 [INFO]   1X2 [23:35]: 10 matchs
23:34:20 [INFO]   1X2 [23:37]: 10 matchs
23:34:21 [INFO]   1X2 [23:39]: 10 matchs
23:34:23 [INFO]   1X2 [23:41]: 10 matchs
23:34:24 [INFO]   1X2 [23:43]: 10 matchs
23:34:26 [INFO]   1X2 [23:45]: 10 matchs
23:34:27 [INFO]   1X2 [23:47]: 10 matchs
23:34:28 [INFO]   1X2 [23:49]: 10 matchs
23:34:30 [INFO]   1X2 [23:51]: 10 matchs
23:34:30 [INFO] 1X2: 9 rounds → data/congobet_1x2_rounds.json
23:35:00 [INFO] === FIN 50.9s erreurs=aucune ===
23:35:03 [INFO] === DÉBUT CYCLE mode=gng ===
23:35:03 [INFO] === SCRAPE G/NG ===
23:35:12 [INFO] rounds ignorés (timer courant / hors séquence): ['00:37']
23:35:12 [INFO] 9 rounds retenus / 10 total (10 horodatés)
23:35:15 [INFO]   G/NG [23:37]: 10 matchs
23:35:17 [INFO]   G/NG [23:39]: 10 matchs
23:35:20 [INFO]   G/NG [23:41]: 10 matchs
23:35:23 [INFO]   G/NG [23:43]: 10 matchs
23:35:26 [INFO]   G/NG [23:45]: 10 matchs
23:35:29 [INFO]   G/NG [23:47]: 10 matchs
23:35:32 [INFO]   G/NG [23:49]: 10 matchs
23:35:35 [INFO]   G/NG [23:51]: 10 matchs
23:35:38 [INFO]   G/NG [23:53]: 10 matchs
23:35:38 [INFO] G/NG: 90 cotes → data/cbet_odds.json
23:35:38 [INFO] === FIN 35.6s erreurs=aucune ===
23:37:24 [INFO] === DÉBUT CYCLE mode=results ===
23:37:24 [INFO] === SCRAPE RÉSULTATS (version corrigée) ===
23:37:37 [INFO]   5 clics 'Afficher plus'
23:37:41 [INFO] Résultats: 240 → data/cbet_results.json
23:38:11 [INFO] === FIN 47.4s erreurs=aucune ===
01:33:16 [INFO] === DÉBUT CYCLE mode=1x2 ===
01:33:17 [INFO] === SCRAPE 1X2 ===
01:33:24 [INFO] rounds ignorés (timer courant / hors séquence): ['00:25']
01:33:24 [INFO] 9 rounds retenus / 10 total (10 horodatés)
01:33:25 [INFO]   1X2 [01:35]: 10 matchs
01:33:27 [INFO]   1X2 [01:37]: 10 matchs
01:33:28 [INFO]   1X2 [01:39]: 10 matchs
01:33:29 [INFO]   1X2 [01:41]: 10 matchs
01:33:30 [INFO]   1X2 [01:43]: 10 matchs
01:33:32 [INFO]   1X2 [01:45]: 10 matchs
01:33:33 [INFO]   1X2 [01:47]: 10 matchs
01:33:34 [INFO]   1X2 [01:49]: 10 matchs
01:33:36 [INFO]   1X2 [01:51]: 10 matchs
01:33:36 [INFO] 1X2: 9 rounds → data/congobet_1x2_rounds.json
01:34:06 [INFO] === FIN 50.1s erreurs=aucune ===
01:34:06 [INFO] === DÉBUT CYCLE mode=gng ===
01:34:07 [INFO] === SCRAPE G/NG ===
01:34:13 [WARNING] Impossible de sélectionner G/NG
01:34:43 [INFO] === FIN 36.9s erreurs=aucune ===
01:36:33 [INFO] === DÉBUT CYCLE mode=results ===
01:36:33 [INFO] === SCRAPE RÉSULTATS (version corrigée) ===
01:36:42 [INFO]   2 clics 'Afficher plus'
01:36:43 [INFO] Résultats: 90 → data/cbet_results.json
01:37:13 [INFO] === FIN 40.5s erreurs=aucune ===
05:43:02 [INFO] === DÉBUT CYCLE mode=1x2 ===
05:43:02 [INFO] === SCRAPE 1X2 ===
05:43:10 [WARNING] Impossible de sélectionner 1X2
05:43:10 [INFO] 9 rounds retenus / 10 total (9 horodatés)
05:43:11 [INFO]   1X2 [05:44]: 10 matchs
05:43:12 [INFO]   1X2 [05:46]: 10 matchs
05:43:14 [INFO]   1X2 [05:48]: 10 matchs
05:43:15 [INFO]   1X2 [05:50]: 10 matchs
05:43:17 [INFO]   1X2 [05:52]: 10 matchs
05:43:18 [INFO]   1X2 [05:54]: 10 matchs
05:43:19 [INFO]   1X2 [05:56]: 10 matchs
05:43:21 [INFO]   1X2 [05:58]: 10 matchs
05:43:22 [INFO]   1X2 [06:00]: 10 matchs
05:43:22 [INFO] 1X2: 9 rounds → data/congobet_1x2_rounds.json
05:43:53 [INFO] === FIN 50.7s erreurs=aucune ===
05:43:55 [INFO] === DÉBUT CYCLE mode=gng ===
05:43:56 [INFO] === SCRAPE G/NG ===
05:44:05 [INFO] rounds ignorés (timer courant / hors séquence): ['00:45']
05:44:05 [INFO] 9 rounds retenus / 10 total (10 horodatés)
05:44:08 [INFO]   G/NG [05:46]: 10 matchs
05:44:11 [INFO]   G/NG [05:48]: 10 matchs
05:44:14 [INFO]   G/NG [05:50]: 10 matchs
05:44:17 [INFO]   G/NG [05:52]: 10 matchs
05:44:20 [INFO]   G/NG [05:54]: 10 matchs
05:44:23 [INFO]   G/NG [05:56]: 10 matchs
05:44:26 [INFO]   G/NG [05:58]: 10 matchs
05:44:29 [INFO]   G/NG [06:00]: 10 matchs
05:44:32 [INFO]   G/NG [06:02]: 10 matchs
05:44:32 [INFO] G/NG: 90 cotes → data/cbet_odds.json
05:45:02 [INFO] === FIN 67.4s erreurs=aucune ===
05:46:49 [INFO] === DÉBUT CYCLE mode=results ===
05:46:49 [INFO] === SCRAPE RÉSULTATS (version corrigée) ===
05:46:59 [INFO]   3 clics 'Afficher plus'
05:47:02 [INFO] Résultats: 160 → data/cbet_results.json
05:47:02 [INFO] === FIN 13.4s erreurs=aucune ===
08:07:18 [INFO] === DÉBUT CYCLE mode=1x2 ===
08:07:18 [INFO] === SCRAPE 1X2 ===
08:07:25 [WARNING] Impossible de sélectionner 1X2
08:07:25 [INFO] 9 rounds retenus / 10 total (9 horodatés)
08:07:26 [INFO]   1X2 [08:08]: 10 matchs
08:07:27 [INFO]   1X2 [08:10]: 10 matchs
08:07:28 [INFO]   1X2 [08:12]: 10 matchs
08:07:29 [INFO]   1X2 [08:14]: 10 matchs
08:07:31 [INFO]   1X2 [08:16]: 10 matchs
08:07:32 [INFO]   1X2 [08:18]: 10 matchs
08:07:34 [INFO]   1X2 [08:20]: 10 matchs
08:07:35 [INFO]   1X2 [08:22]: 10 matchs
08:07:36 [INFO]   1X2 [08:24]: 10 matchs
08:07:36 [INFO] 1X2: 9 rounds → data/congobet_1x2_rounds.json
08:07:36 [INFO] === FIN 18.8s erreurs=aucune ===
08:07:37 [INFO] === DÉBUT CYCLE mode=gng ===
08:07:37 [INFO] === SCRAPE G/NG ===
08:07:43 [WARNING] Impossible de sélectionner G/NG
08:08:13 [INFO] === FIN 36.7s erreurs=aucune ===
08:09:59 [INFO] === DÉBUT CYCLE mode=results ===
08:10:00 [INFO] === SCRAPE RÉSULTATS (version corrigée) ===
08:10:08 [INFO]   2 clics 'Afficher plus'
08:10:10 [INFO] Résultats: 90 → data/cbet_results.json
08:10:40 [INFO] === FIN 40.4s erreurs=aucune ===
10:06:14 [INFO] === DÉBUT CYCLE mode=1x2 ===
10:06:16 [INFO] === SCRAPE 1X2 ===
10:06:23 [WARNING] Impossible de sélectionner 1X2
10:06:23 [INFO] 9 rounds retenus / 10 total (9 horodatés)
10:06:24 [INFO]   1X2 [10:07]: 10 matchs
10:06:25 [INFO]   1X2 [10:09]: 10 matchs
10:06:27 [INFO]   1X2 [10:11]: 10 matchs
10:06:28 [INFO]   1X2 [10:13]: 10 matchs
10:06:30 [INFO]   1X2 [10:15]: 10 matchs
10:06:31 [INFO]   1X2 [10:17]: 10 matchs
10:06:32 [INFO]   1X2 [10:19]: 10 matchs
10:06:34 [INFO]   1X2 [10:21]: 10 matchs
10:06:35 [INFO]   1X2 [10:23]: 10 matchs
10:06:35 [INFO] 1X2: 9 rounds → data/congobet_1x2_rounds.json
10:06:35 [INFO] === FIN 20.9s erreurs=aucune ===
10:06:35 [INFO] === DÉBUT CYCLE mode=gng ===
10:06:36 [INFO] === SCRAPE G/NG ===
10:06:42 [WARNING] Impossible de sélectionner G/NG
10:07:13 [INFO] === FIN 37.0s erreurs=aucune ===
10:09:00 [INFO] === DÉBUT CYCLE mode=results ===
10:09:00 [INFO] === SCRAPE RÉSULTATS (version corrigée) ===
10:09:13 [INFO]   5 clics 'Afficher plus'
10:09:18 [INFO] Résultats: 240 → data/cbet_results.json
10:09:18 [INFO] === FIN 17.8s erreurs=aucune ===
11:39:10 [INFO] === DÉBUT CYCLE mode=1x2 ===
11:39:10 [INFO] === SCRAPE 1X2 ===
11:39:19 [WARNING] Impossible de sélectionner 1X2
11:39:19 [INFO] rounds ignorés (timer courant / hors séquence): ['11:40', '11:42', '11:44']
11:39:19 [INFO] 6 rounds retenus / 10 total (9 horodatés)
11:39:20 [INFO]   1X2 [11:49]: 10 matchs
11:39:22 [INFO]   1X2 [11:51]: 10 matchs
11:39:23 [INFO]   1X2 [11:53]: 10 matchs
11:39:25 [INFO]   1X2 [11:55]: 10 matchs
11:39:26 [INFO]   1X2 [11:57]: 10 matchs
11:39:28 [INFO]   1X2 [11:59]: 10 matchs
11:39:28 [INFO] 1X2: 6 rounds → data/congobet_1x2_rounds.json
11:39:28 [INFO] === FIN 17.6s erreurs=aucune ===
11:39:28 [INFO] === DÉBUT CYCLE mode=gng ===
11:39:28 [INFO] === SCRAPE G/NG ===
11:39:36 [WARNING] Impossible de sélectionner G/NG
11:39:36 [INFO] === FIN 8.6s erreurs=aucune ===
11:41:22 [INFO] === DÉBUT CYCLE mode=results ===
11:41:23 [INFO] === SCRAPE RÉSULTATS (version corrigée) ===
11:41:38 [INFO]   5 clics 'Afficher plus'
11:41:42 [INFO] Résultats: 240 → data/cbet_results.json
11:42:12 [INFO] === FIN 49.7s erreurs=aucune ===
12:45:54 [INFO] === DÉBUT CYCLE mode=1x2 ===
12:45:55 [INFO] === SCRAPE 1X2 ===
12:46:01 [WARNING] Impossible de sélectionner 1X2
12:46:01 [INFO] 9 rounds retenus / 10 total (9 horodatés)
12:46:02 [INFO]   1X2 [12:47]: 10 matchs
12:46:03 [INFO]   1X2 [12:49]: 10 matchs
12:46:04 [INFO]   1X2 [12:51]: 10 matchs
12:46:06 [INFO]   1X2 [12:53]: 10 matchs
12:46:07 [INFO]   1X2 [12:55]: 10 matchs
12:46:09 [INFO]   1X2 [12:57]: 10 matchs
12:46:10 [INFO]   1X2 [12:59]: 10 matchs
12:46:11 [INFO]   1X2 [13:01]: 10 matchs
12:46:13 [INFO]   1X2 [13:03]: 10 matchs
12:46:13 [INFO] 1X2: 9 rounds → data/congobet_1x2_rounds.json
12:46:13 [INFO] === FIN 18.9s erreurs=aucune ===
12:46:13 [INFO] === DÉBUT CYCLE mode=gng ===
12:46:13 [INFO] === SCRAPE G/NG ===
12:46:20 [WARNING] Impossible de sélectionner G/NG
12:46:20 [INFO] === FIN 6.5s erreurs=aucune ===
12:48:06 [INFO] === DÉBUT CYCLE mode=results ===
12:48:06 [INFO] === SCRAPE RÉSULTATS (version corrigée) ===
12:48:19 [INFO]   5 clics 'Afficher plus'
12:48:23 [INFO] Résultats: 240 → data/cbet_results.json
12:48:53 [INFO] === FIN 47.4s erreurs=aucune ===
14:14:26 [INFO] === DÉBUT CYCLE mode=1x2 ===
14:14:28 [INFO] === SCRAPE 1X2 ===
14:14:37 [INFO] rounds ignorés (timer courant / hors séquence): ['00:12', '14:16', '14:18', '14:20', '14:22']
14:14:37 [INFO] 5 rounds retenus / 10 total (10 horodatés)
14:14:38 [INFO]   1X2 [14:27]: 10 matchs
14:14:40 [INFO]   1X2 [14:29]: 10 matchs
14:14:41 [INFO]   1X2 [14:31]: 10 matchs
14:14:42 [INFO]   1X2 [14:33]: 10 matchs
14:14:44 [INFO]   1X2 [14:35]: 10 matchs
14:14:44 [INFO] 1X2: 5 rounds → data/congobet_1x2_rounds.json
14:14:44 [INFO] === FIN 17.5s erreurs=aucune ===
14:14:44 [INFO] === DÉBUT CYCLE mode=gng ===
14:14:44 [INFO] === SCRAPE G/NG ===
14:14:53 [WARNING] Impossible de sélectionner G/NG
14:14:53 [INFO] === FIN 9.0s erreurs=aucune ===
14:16:39 [INFO] === DÉBUT CYCLE mode=results ===
14:16:39 [INFO] === SCRAPE RÉSULTATS (version corrigée) ===
14:16:54 [INFO]   5 clics 'Afficher plus'
14:16:57 [INFO] Résultats: 240 → data/cbet_results.json
14:16:57 [INFO] === FIN 18.6s erreurs=aucune ===
15:35:01 [INFO] === DÉBUT CYCLE mode=1x2 ===
15:35:02 [INFO] === SCRAPE 1X2 ===
15:35:11 [INFO] rounds ignorés (timer courant / hors séquence): ['00:39', '15:37', '15:39', '15:41']
15:35:11 [INFO] 6 rounds retenus / 10 total (10 horodatés)
15:35:12 [INFO]   1X2 [15:46]: 10 matchs
15:35:14 [INFO]   1X2 [15:48]: 10 matchs
15:35:15 [INFO]   1X2 [15:50]: 10 matchs
15:35:16 [INFO]   1X2 [15:52]: 10 matchs
15:35:18 [INFO]   1X2 [15:54]: 10 matchs
15:35:19 [INFO]   1X2 [15:56]: 10 matchs
15:35:19 [INFO] 1X2: 6 rounds → data/congobet_1x2_rounds.json
15:35:19 [INFO] === FIN 17.9s erreurs=aucune ===
15:35:19 [INFO] === DÉBUT CYCLE mode=gng ===
15:35:20 [INFO] === SCRAPE G/NG ===
15:35:31 [INFO] rounds ignorés (timer courant / hors séquence): ['00:18', '15:37', '15:39', '15:41']
15:35:31 [INFO] 6 rounds retenus / 10 total (10 horodatés)
15:35:34 [INFO]   G/NG [15:46]: 10 matchs
15:35:37 [INFO]   G/NG [15:48]: 10 matchs
15:35:40 [INFO]   G/NG [15:50]: 10 matchs
15:35:43 [INFO]   G/NG [15:52]: 10 matchs
15:35:46 [INFO]   G/NG [15:54]: 10 matchs
15:35:49 [INFO]   G/NG [15:56]: 10 matchs
15:35:49 [INFO] G/NG: 60 cotes → data/cbet_odds.json
15:35:49 [INFO] === FIN 29.5s erreurs=aucune ===
15:37:35 [INFO] === DÉBUT CYCLE mode=results ===
15:37:35 [INFO] === SCRAPE RÉSULTATS (version corrigée) ===
15:37:50 [INFO]   5 clics 'Afficher plus'
15:37:55 [INFO] Résultats: 240 → data/cbet_results.json
15:37:55 [INFO] === FIN 19.9s erreurs=aucune ===
16:38:27 [INFO] === DÉBUT CYCLE mode=1x2 ===
16:38:30 [INFO] === SCRAPE 1X2 ===
16:38:36 [INFO] rounds ignorés (timer courant / hors séquence): ['00:13']
16:38:36 [INFO] 9 rounds retenus / 10 total (10 horodatés)
16:38:37 [INFO]   1X2 [16:40]: 10 matchs
16:38:39 [INFO]   1X2 [16:42]: 10 matchs
16:38:40 [INFO]   1X2 [16:44]: 10 matchs
16:38:41 [INFO]   1X2 [16:46]: 10 matchs
16:38:43 [INFO]   1X2 [16:48]: 10 matchs
16:38:44 [INFO]   1X2 [16:50]: 10 matchs
16:38:45 [INFO]   1X2 [16:52]: 10 matchs
16:38:46 [INFO]   1X2 [16:54]: 10 matchs
16:38:48 [INFO]   1X2 [16:56]: 10 matchs
16:38:48 [INFO] 1X2: 9 rounds → data/congobet_1x2_rounds.json
16:38:48 [INFO] === FIN 20.4s erreurs=aucune ===
16:38:48 [INFO] === DÉBUT CYCLE mode=gng ===
16:38:48 [INFO] === SCRAPE G/NG ===
16:38:54 [WARNING] Impossible de sélectionner G/NG
16:38:54 [INFO] === FIN 6.4s erreurs=aucune ===
16:40:41 [INFO] === DÉBUT CYCLE mode=results ===
16:40:42 [INFO] === SCRAPE RÉSULTATS (version corrigée) ===
16:40:54 [INFO]   5 clics 'Afficher plus'
16:40:59 [INFO] Résultats: 240 → data/cbet_results.json
16:40:59 [INFO] === FIN 17.7s erreurs=aucune ===
17:39:16 [INFO] === DÉBUT CYCLE mode=1x2 ===
17:39:17 [INFO] === SCRAPE 1X2 ===
17:39:25 [INFO] rounds ignorés (timer courant / hors séquence): ['00:24']
17:39:25 [INFO] 9 rounds retenus / 10 total (10 horodatés)
17:39:26 [INFO]   1X2 [17:41]: 10 matchs
17:39:28 [INFO]   1X2 [17:43]: 10 matchs
17:39:29 [INFO]   1X2 [17:45]: 10 matchs
17:39:30 [INFO]   1X2 [17:47]: 10 matchs
17:39:32 [INFO]   1X2 [17:49]: 10 matchs
17:39:33 [INFO]   1X2 [17:51]: 10 matchs
17:39:34 [INFO]   1X2 [17:53]: 10 matchs
17:39:36 [INFO]   1X2 [17:55]: 10 matchs
17:39:37 [INFO]   1X2 [17:57]: 10 matchs
17:39:37 [INFO] 1X2: 9 rounds → data/congobet_1x2_rounds.json
17:40:07 [INFO] === FIN 51.3s erreurs=aucune ===
17:40:07 [INFO] === DÉBUT CYCLE mode=gng ===
17:40:08 [INFO] === SCRAPE G/NG ===
17:40:17 [WARNING] Impossible de sélectionner G/NG
17:40:47 [INFO] === FIN 39.6s erreurs=aucune ===
17:42:34 [INFO] === DÉBUT CYCLE mode=results ===
17:42:35 [INFO] === SCRAPE RÉSULTATS (version corrigée) ===
17:42:48 [INFO]   4 clics 'Afficher plus'
17:42:50 [INFO] Résultats: 180 → data/cbet_results.json
17:43:21 [INFO] === FIN 46.2s erreurs=aucune ===
18:46:34 [INFO] === DÉBUT CYCLE mode=1x2 ===
18:46:35 [INFO] === SCRAPE 1X2 ===
18:46:43 [INFO] rounds ignorés (timer courant / hors séquence): ['00:06']
18:46:43 [INFO] 9 rounds retenus / 10 total (10 horodatés)
18:46:45 [INFO]   1X2 [18:48]: 10 matchs
18:46:46 [INFO]   1X2 [18:50]: 10 matchs
18:46:47 [INFO]   1X2 [18:52]: 10 matchs
18:46:49 [INFO]   1X2 [18:54]: 10 matchs
18:46:50 [INFO]   1X2 [18:56]: 10 matchs
18:46:52 [INFO]   1X2 [18:58]: 10 matchs
18:46:53 [INFO]   1X2 [19:00]: 10 matchs
18:46:54 [INFO]   1X2 [19:02]: 10 matchs
18:46:56 [INFO]   1X2 [19:04]: 10 matchs
18:46:56 [INFO] 1X2: 9 rounds → data/congobet_1x2_rounds.json
18:47:26 [INFO] === FIN 51.8s erreurs=aucune ===
18:47:26 [INFO] === DÉBUT CYCLE mode=gng ===
18:47:26 [INFO] === SCRAPE G/NG ===
18:47:35 [WARNING] Impossible de sélectionner G/NG
18:47:35 [INFO] === FIN 9.1s erreurs=aucune ===
18:49:21 [INFO] === DÉBUT CYCLE mode=results ===
18:49:22 [INFO] === SCRAPE RÉSULTATS (version corrigée) ===
18:49:32 [INFO]   2 clics 'Afficher plus'
18:49:34 [INFO] Résultats: 120 → data/cbet_results.json
18:50:04 [INFO] === FIN 43.3s erreurs=aucune ===
19:54:44 [INFO] === DÉBUT CYCLE mode=1x2 ===
19:54:46 [INFO] === SCRAPE 1X2 ===
19:54:52 [WARNING] Impossible de sélectionner 1X2
19:54:52 [INFO] 9 rounds retenus / 10 total (9 horodatés)
19:54:53 [INFO]   1X2 [19:55]: 10 matchs
19:54:54 [INFO]   1X2 [19:57]: 10 matchs
19:54:55 [INFO]   1X2 [19:59]: 10 matchs
19:54:56 [INFO]   1X2 [20:01]: 10 matchs
19:54:57 [INFO]   1X2 [20:03]: 10 matchs
19:54:58 [INFO]   1X2 [20:05]: 10 matchs
19:55:00 [INFO]   1X2 [20:07]: 10 matchs
19:55:01 [INFO]   1X2 [20:09]: 10 matchs
19:55:02 [INFO]   1X2 [20:11]: 10 matchs
19:55:02 [INFO] 1X2: 9 rounds → data/congobet_1x2_rounds.json
19:55:03 [INFO] === FIN 18.2s erreurs=aucune ===
19:55:03 [INFO] === DÉBUT CYCLE mode=gng ===
19:55:03 [INFO] === SCRAPE G/NG ===
19:55:11 [INFO] rounds ignorés (timer courant / hors séquence): ['00:38']
19:55:11 [INFO] 9 rounds retenus / 10 total (10 horodatés)
19:55:14 [INFO]   G/NG [19:57]: 10 matchs
19:55:17 [INFO]   G/NG [19:59]: 10 matchs
19:55:20 [INFO]   G/NG [20:01]: 10 matchs
19:55:23 [INFO]   G/NG [20:03]: 10 matchs
19:55:26 [INFO]   G/NG [20:05]: 10 matchs
19:55:29 [INFO]   G/NG [20:07]: 10 matchs
19:55:32 [INFO]   G/NG [20:09]: 10 matchs
19:55:35 [INFO]   G/NG [20:11]: 10 matchs
19:55:38 [INFO]   G/NG [20:13]: 10 matchs
19:55:38 [INFO] G/NG: 90 cotes → data/cbet_odds.json
19:55:38 [INFO] === FIN 35.7s erreurs=aucune ===
19:57:25 [INFO] === DÉBUT CYCLE mode=results ===
19:57:25 [INFO] === SCRAPE RÉSULTATS (version corrigée) ===
19:57:32 [INFO]   1 clics 'Afficher plus'
19:57:33 [INFO] Résultats: 70 → data/cbet_results.json
19:57:33 [INFO] === FIN 8.6s erreurs=aucune ===
20:45:32 [INFO] === DÉBUT CYCLE mode=1x2 ===
20:45:32 [INFO] === SCRAPE 1X2 ===
20:45:39 [INFO] rounds ignorés (timer courant / hors séquence): ['00:10', '20:47', '20:49', '20:51', '20:53', '20:55', '20:57']
20:45:39 [INFO] 3 rounds retenus / 10 total (10 horodatés)
20:45:40 [INFO]   1X2 [21:02]: 10 matchs
20:45:41 [INFO]   1X2 [21:04]: 10 matchs
20:45:43 [INFO]   1X2 [21:06]: 10 matchs
20:45:43 [INFO] 1X2: 3 rounds → data/congobet_1x2_rounds.json
20:46:13 [INFO] === FIN 41.1s erreurs=aucune ===
20:46:13 [INFO] === DÉBUT CYCLE mode=gng ===
20:46:14 [INFO] === SCRAPE G/NG ===
20:46:20 [WARNING] Impossible de sélectionner G/NG
20:46:50 [INFO] === FIN 37.1s erreurs=aucune ===
20:48:37 [INFO] === DÉBUT CYCLE mode=results ===
20:48:37 [INFO] === SCRAPE RÉSULTATS (version corrigée) ===
20:48:50 [INFO]   5 clics 'Afficher plus'
20:48:53 [INFO] Résultats: 240 → data/cbet_results.json
20:49:23 [INFO] === FIN 46.1s erreurs=aucune ===
21:41:18 [INFO] === DÉBUT CYCLE mode=1x2 ===
21:41:19 [INFO] === SCRAPE 1X2 ===
21:41:28 [WARNING] Impossible de sélectionner 1X2
21:41:28 [INFO] 9 rounds retenus / 10 total (9 horodatés)
21:41:29 [INFO]   1X2 [21:42]: 10 matchs
21:41:30 [INFO]   1X2 [21:44]: 10 matchs
21:41:32 [INFO]   1X2 [21:46]: 10 matchs
21:41:33 [INFO]   1X2 [21:48]: 10 matchs
21:41:34 [INFO]   1X2 [21:50]: 10 matchs
21:41:36 [INFO]   1X2 [21:52]: 10 matchs
21:41:37 [INFO]   1X2 [21:54]: 10 matchs
21:41:39 [INFO]   1X2 [21:56]: 10 matchs
21:41:40 [INFO]   1X2 [21:58]: 10 matchs
21:41:40 [INFO] 1X2: 9 rounds → data/congobet_1x2_rounds.json
21:42:10 [INFO] === FIN 51.8s erreurs=aucune ===
21:42:10 [INFO] === DÉBUT CYCLE mode=gng ===
21:42:11 [INFO] === SCRAPE G/NG ===
21:42:22 [INFO] rounds ignorés (timer courant / hors séquence): ['00:27']
21:42:22 [INFO] 9 rounds retenus / 10 total (10 horodatés)
21:42:25 [INFO]   G/NG [21:44]: 10 matchs
21:42:28 [INFO]   G/NG [21:46]: 10 matchs
21:42:31 [INFO]   G/NG [21:48]: 10 matchs
21:42:34 [INFO]   G/NG [21:50]: 10 matchs
21:42:37 [INFO]   G/NG [21:52]: 10 matchs
21:42:40 [INFO]   G/NG [21:54]: 10 matchs
21:42:43 [INFO]   G/NG [21:56]: 10 matchs
21:42:46 [INFO]   G/NG [21:58]: 10 matchs
21:42:49 [INFO]   G/NG [22:00]: 10 matchs
21:42:49 [INFO] G/NG: 90 cotes → data/cbet_odds.json
21:43:19 [INFO] === FIN 68.8s erreurs=aucune ===
21:45:07 [INFO] === DÉBUT CYCLE mode=results ===
21:45:07 [INFO] === SCRAPE RÉSULTATS (version corrigée) ===
21:45:22 [INFO]   5 clics 'Afficher plus'
21:45:25 [INFO] Résultats: 210 → data/cbet_results.json
21:45:25 [INFO] === FIN 18.3s erreurs=aucune ===
22:41:26 [INFO] === DÉBUT CYCLE mode=1x2 ===
22:41:26 [INFO] === SCRAPE 1X2 ===
22:41:33 [INFO] rounds ignorés (timer courant / hors séquence): ['00:16']
22:41:33 [INFO] 9 rounds retenus / 10 total (10 horodatés)
22:41:35 [INFO]   1X2 [22:43]: 10 matchs
22:41:36 [INFO]   1X2 [22:45]: 10 matchs
22:41:37 [INFO]   1X2 [22:47]: 10 matchs
22:41:39 [INFO]   1X2 [22:49]: 10 matchs
22:41:40 [INFO]   1X2 [22:51]: 10 matchs
22:41:42 [INFO]   1X2 [22:53]: 10 matchs
22:41:43 [INFO]   1X2 [22:55]: 10 matchs
22:41:44 [INFO]   1X2 [22:57]: 10 matchs
22:41:46 [INFO]   1X2 [22:59]: 10 matchs
22:41:46 [INFO] 1X2: 9 rounds → data/congobet_1x2_rounds.json
22:42:16 [INFO] === FIN 49.9s erreurs=aucune ===
22:42:16 [INFO] === DÉBUT CYCLE mode=gng ===
22:42:17 [INFO] === SCRAPE G/NG ===
22:42:23 [WARNING] Impossible de sélectionner G/NG
22:42:24 [INFO] === FIN 7.3s erreurs=aucune ===
22:44:11 [INFO] === DÉBUT CYCLE mode=results ===
22:44:11 [INFO] === SCRAPE RÉSULTATS (version corrigée) ===
22:44:20 [INFO]   2 clics 'Afficher plus'
22:44:22 [INFO] Résultats: 110 → data/cbet_results.json
22:44:22 [INFO] === FIN 11.4s erreurs=aucune ===
23:43:46 [INFO] === DÉBUT CYCLE mode=1x2 ===
23:43:46 [INFO] === SCRAPE 1X2 ===
23:43:53 [INFO] rounds ignorés (timer courant / hors séquence): ['00:56']
23:43:53 [INFO] 9 rounds retenus / 10 total (10 horodatés)
23:43:54 [INFO]   1X2 [23:46]: 10 matchs
23:43:55 [INFO]   1X2 [23:48]: 10 matchs
23:43:57 [INFO]   1X2 [23:50]: 10 matchs
23:43:58 [INFO]   1X2 [23:52]: 10 matchs
23:43:59 [INFO]   1X2 [23:54]: 10 matchs
23:44:00 [INFO]   1X2 [23:56]: 10 matchs
23:44:02 [INFO]   1X2 [23:58]: 10 matchs
23:44:03 [INFO]   1X2 [00:00]: 10 matchs
23:44:04 [INFO]   1X2 [00:02]: 10 matchs
23:44:04 [INFO] 1X2: 9 rounds → data/congobet_1x2_rounds.json
23:44:35 [INFO] === FIN 48.9s erreurs=aucune ===
23:44:38 [INFO] === DÉBUT CYCLE mode=gng ===
23:44:39 [INFO] === SCRAPE G/NG ===
23:44:47 [INFO] rounds ignorés (timer courant / hors séquence): ['00:02']
23:44:47 [INFO] 9 rounds retenus / 10 total (10 horodatés)
23:44:50 [INFO]   G/NG [23:46]: 10 matchs
23:44:53 [INFO]   G/NG [23:48]: 10 matchs
23:44:56 [INFO]   G/NG [23:50]: 10 matchs
23:44:59 [INFO]   G/NG [23:52]: 10 matchs
23:45:01 [INFO]   G/NG [23:54]: 10 matchs
23:45:05 [INFO]   G/NG [23:56]: 10 matchs
23:45:07 [INFO]   G/NG [23:58]: 10 matchs
23:45:10 [INFO]   G/NG [00:00]: 10 matchs
23:45:13 [INFO]   G/NG [00:02]: 10 matchs
23:45:13 [INFO] G/NG: 90 cotes → data/cbet_odds.json
23:45:13 [INFO] === FIN 35.4s erreurs=aucune ===
23:47:00 [INFO] === DÉBUT CYCLE mode=results ===
23:47:01 [INFO] === SCRAPE RÉSULTATS (version corrigée) ===
23:47:07 [INFO]   0 clics 'Afficher plus'
23:47:07 [INFO] Résultats: 30 → data/cbet_results.json
23:47:07 [INFO] === FIN 7.0s erreurs=aucune ===
01:53:54 [INFO] === DÉBUT CYCLE mode=1x2 ===
01:53:56 [INFO] === SCRAPE 1X2 ===
01:54:05 [WARNING] Impossible de sélectionner 1X2
01:54:05 [INFO] 9 rounds retenus / 10 total (9 horodatés)
01:54:06 [INFO]   1X2 [01:55]: 10 matchs
01:54:08 [INFO]   1X2 [01:57]: 10 matchs
01:54:09 [INFO]   1X2 [01:59]: 10 matchs
01:54:11 [INFO]   1X2 [02:01]: 10 matchs
01:54:12 [INFO]   1X2 [02:03]: 10 matchs
01:54:13 [INFO]   1X2 [02:05]: 10 matchs
01:54:15 [INFO]   1X2 [02:07]: 10 matchs
01:54:16 [INFO]   1X2 [02:09]: 10 matchs
01:54:18 [INFO]   1X2 [02:11]: 10 matchs
01:54:18 [INFO] 1X2: 9 rounds → data/congobet_1x2_rounds.json
01:54:18 [INFO] === FIN 23.3s erreurs=aucune ===
01:54:18 [INFO] === DÉBUT CYCLE mode=gng ===
01:54:18 [INFO] === SCRAPE G/NG ===
01:54:27 [WARNING] Impossible de sélectionner G/NG
01:54:27 [INFO] === FIN 8.9s erreurs=aucune ===
01:56:13 [INFO] === DÉBUT CYCLE mode=results ===
01:56:13 [INFO] === SCRAPE RÉSULTATS (version corrigée) ===
01:56:28 [INFO]   5 clics 'Afficher plus'
01:56:32 [INFO] Résultats: 240 → data/cbet_results.json
01:57:03 [INFO] === FIN 49.6s erreurs=aucune ===
06:18:07 [INFO] === DÉBUT CYCLE mode=1x2 ===
06:18:08 [INFO] === SCRAPE 1X2 ===
06:18:17 [WARNING] Impossible de sélectionner 1X2
06:18:17 [INFO] 9 rounds retenus / 10 total (9 horodatés)
06:18:18 [INFO]   1X2 [06:19]: 10 matchs
06:18:20 [INFO]   1X2 [06:21]: 10 matchs
06:18:21 [INFO]   1X2 [06:23]: 10 matchs
06:18:22 [INFO]   1X2 [06:25]: 10 matchs
06:18:24 [INFO]   1X2 [06:27]: 10 matchs
06:18:25 [INFO]   1X2 [06:29]: 10 matchs
06:18:27 [INFO]   1X2 [06:31]: 10 matchs
06:18:28 [INFO]   1X2 [06:33]: 10 matchs
06:18:29 [INFO]   1X2 [06:35]: 10 matchs
06:18:29 [INFO] 1X2: 9 rounds → data/congobet_1x2_rounds.json
06:18:30 [INFO] === FIN 22.7s erreurs=aucune ===
06:18:30 [INFO] === DÉBUT CYCLE mode=gng ===
06:18:30 [INFO] === SCRAPE G/NG ===
06:18:38 [WARNING] Impossible de sélectionner G/NG
06:19:08 [INFO] === FIN 38.5s erreurs=aucune ===
06:20:55 [INFO] === DÉBUT CYCLE mode=results ===
06:20:56 [INFO] === SCRAPE RÉSULTATS (version corrigée) ===
06:21:04 [INFO]   0 clics 'Afficher plus'
06:21:04 [INFO] Résultats: 30 → data/cbet_results.json
06:21:04 [INFO] === FIN 9.1s erreurs=aucune ===
10:52:27 [INFO] === DÉBUT CYCLE mode=1x2 ===
10:52:28 [INFO] === SCRAPE 1X2 ===
10:52:36 [INFO] rounds ignorés (timer courant / hors séquence): ['00:13']
10:52:36 [INFO] 9 rounds retenus / 10 total (10 horodatés)
10:52:37 [INFO]   1X2 [10:54]: 10 matchs
10:52:39 [INFO]   1X2 [10:56]: 10 matchs
10:52:40 [INFO]   1X2 [10:58]: 10 matchs
10:52:41 [INFO]   1X2 [11:00]: 10 matchs
10:52:43 [INFO]   1X2 [11:02]: 10 matchs
10:52:44 [INFO]   1X2 [11:04]: 10 matchs
10:52:45 [INFO]   1X2 [11:06]: 10 matchs
10:52:47 [INFO]   1X2 [11:08]: 10 matchs
10:52:48 [INFO]   1X2 [11:10]: 10 matchs
10:52:48 [INFO] 1X2: 9 rounds → data/congobet_1x2_rounds.json
10:53:18 [INFO] === FIN 50.6s erreurs=aucune ===
10:53:18 [INFO] === DÉBUT CYCLE mode=gng ===
10:53:18 [INFO] === SCRAPE G/NG ===
10:53:27 [WARNING] Impossible de sélectionner G/NG
10:53:57 [INFO] === FIN 38.5s erreurs=aucune ===
10:55:43 [INFO] === DÉBUT CYCLE mode=results ===
10:55:43 [INFO] === SCRAPE RÉSULTATS (version corrigée) ===
10:55:58 [INFO]   5 clics 'Afficher plus'
10:56:00 [INFO] Résultats: 210 → data/cbet_results.json
10:56:30 [INFO] === FIN 47.3s erreurs=aucune ===
13:53:43 [INFO] === DÉBUT CYCLE mode=1x2 ===
13:53:43 [INFO] === SCRAPE 1X2 ===
13:53:49 [WARNING] Impossible de sélectionner 1X2
13:53:49 [INFO] rounds ignorés (timer courant / hors séquence): ['13:54', '13:56', '13:58', '14:00', '14:02', '14:04']
13:53:49 [INFO] 3 rounds retenus / 10 total (9 horodatés)
13:53:51 [INFO]   1X2 [14:09]: 10 matchs
13:53:52 [INFO]   1X2 [14:11]: 10 matchs
13:53:54 [INFO]   1X2 [14:13]: 10 matchs
13:53:54 [INFO] 1X2: 3 rounds → data/congobet_1x2_rounds.json
13:53:54 [INFO] === FIN 11.3s erreurs=aucune ===
13:53:54 [INFO] === DÉBUT CYCLE mode=gng ===
13:53:54 [INFO] === SCRAPE G/NG ===
13:54:03 [INFO] rounds ignorés (timer courant / hors séquence): ['00:46', '13:56', '13:58', '14:00', '14:02', '14:04']
13:54:03 [INFO] 4 rounds retenus / 10 total (10 horodatés)
13:54:06 [INFO]   G/NG [14:09]: 10 matchs
13:54:08 [INFO]   G/NG [14:11]: 10 matchs
13:54:11 [INFO]   G/NG [14:13]: 10 matchs
13:54:14 [INFO]   G/NG [14:15]: 10 matchs
13:54:14 [INFO] G/NG: 40 cotes → data/cbet_odds.json
13:54:14 [INFO] === FIN 20.5s erreurs=aucune ===
13:56:01 [INFO] === DÉBUT CYCLE mode=results ===
13:56:01 [INFO] === SCRAPE RÉSULTATS (version corrigée) ===
13:56:14 [INFO]   5 clics 'Afficher plus'
13:56:18 [INFO] Résultats: 240 → data/cbet_results.json
13:56:49 [INFO] === FIN 47.4s erreurs=aucune ===
16:15:56 [INFO] === DÉBUT CYCLE mode=1x2 ===
16:15:57 [INFO] === SCRAPE 1X2 ===
16:16:04 [INFO] rounds ignorés (timer courant / hors séquence): ['00:46']
16:16:04 [INFO] 9 rounds retenus / 10 total (10 horodatés)
16:16:05 [INFO]   1X2 [16:18]: 10 matchs
16:16:06 [INFO]   1X2 [16:20]: 10 matchs
16:16:08 [INFO]   1X2 [16:22]: 10 matchs
16:16:09 [INFO]   1X2 [16:24]: 10 matchs
16:16:11 [INFO]   1X2 [16:26]: 10 matchs
16:16:12 [INFO]   1X2 [16:28]: 10 matchs
16:16:13 [INFO]   1X2 [16:30]: 10 matchs
16:16:15 [INFO]   1X2 [16:32]: 10 matchs
16:16:16 [INFO]   1X2 [16:34]: 10 matchs
16:16:16 [INFO] 1X2: 9 rounds → data/congobet_1x2_rounds.json
16:16:47 [INFO] === FIN 50.2s erreurs=aucune ===
16:16:49 [INFO] === DÉBUT CYCLE mode=gng ===
16:16:50 [INFO] === SCRAPE G/NG ===
16:16:57 [WARNING] Impossible de sélectionner G/NG
16:16:57 [INFO] === FIN 7.4s erreurs=aucune ===
16:18:45 [INFO] === DÉBUT CYCLE mode=results ===
16:18:45 [INFO] === SCRAPE RÉSULTATS (version corrigée) ===
16:18:58 [INFO]   5 clics 'Afficher plus'
16:19:03 [INFO] Résultats: 240 → data/cbet_results.json
16:19:03 [INFO] === FIN 17.9s erreurs=aucune ===
18:00:53 [INFO] === DÉBUT CYCLE mode=1x2 ===
18:00:54 [INFO] === SCRAPE 1X2 ===
18:01:02 [INFO] rounds ignorés (timer courant / hors séquence): ['00:47']
18:01:02 [INFO] 9 rounds retenus / 10 total (10 horodatés)
18:01:04 [INFO]   1X2 [18:06]: 10 matchs
18:01:05 [INFO]   1X2 [18:08]: 10 matchs
18:01:07 [INFO]   1X2 [18:10]: 10 matchs
18:01:08 [INFO]   1X2 [18:12]: 10 matchs
18:01:09 [INFO]   1X2 [18:14]: 10 matchs
18:01:11 [INFO]   1X2 [18:16]: 10 matchs
18:01:12 [INFO]   1X2 [18:18]: 10 matchs
18:01:13 [INFO]   1X2 [18:20]: 10 matchs
18:01:15 [INFO]   1X2 [18:22]: 10 matchs
18:01:15 [INFO] 1X2: 9 rounds → data/congobet_1x2_rounds.json
18:01:15 [INFO] === FIN 21.6s erreurs=aucune ===
18:01:15 [INFO] === DÉBUT CYCLE mode=gng ===
18:01:15 [INFO] === SCRAPE G/NG ===
18:01:26 [INFO] rounds ignorés (timer courant / hors séquence): ['00:23']
18:01:26 [INFO] 9 rounds retenus / 10 total (10 horodatés)
18:01:29 [INFO]   G/NG [18:06]: 10 matchs
18:01:32 [INFO]   G/NG [18:08]: 10 matchs
18:01:35 [INFO]   G/NG [18:10]: 10 matchs
18:01:38 [INFO]   G/NG [18:12]: 10 matchs
18:01:41 [INFO]   G/NG [18:14]: 10 matchs
18:01:44 [INFO]   G/NG [18:16]: 10 matchs
18:01:47 [INFO]   G/NG [18:18]: 10 matchs
18:01:50 [INFO]   G/NG [18:20]: 10 matchs
18:01:53 [INFO]   G/NG [18:22]: 10 matchs
18:01:53 [INFO] G/NG: 90 cotes → data/cbet_odds.json
18:01:53 [INFO] === FIN 38.4s erreurs=aucune ===
18:03:40 [INFO] === DÉBUT CYCLE mode=results ===
18:03:41 [INFO] === SCRAPE RÉSULTATS (version corrigée) ===
18:03:49 [INFO]   0 clics 'Afficher plus'
18:04:04 [WARNING] Aucun conteneur de résultat trouvé
18:04:04 [INFO] === FIN 23.8s erreurs=aucune ===
19:54:10 [INFO] === DÉBUT CYCLE mode=1x2 ===
19:54:10 [INFO] === SCRAPE 1X2 ===
19:54:19 [WARNING] Impossible de sélectionner 1X2
19:54:19 [INFO] 9 rounds retenus / 10 total (9 horodatés)
19:54:20 [INFO]   1X2 [19:55]: 10 matchs
19:54:22 [INFO]   1X2 [19:57]: 10 matchs
19:54:23 [INFO]   1X2 [19:59]: 10 matchs
19:54:24 [INFO]   1X2 [20:01]: 10 matchs
19:54:26 [INFO]   1X2 [20:03]: 10 matchs
19:54:27 [INFO]   1X2 [20:05]: 10 matchs
19:54:29 [INFO]   1X2 [20:07]: 10 matchs
19:54:30 [INFO]   1X2 [20:09]: 10 matchs
19:54:31 [INFO]   1X2 [20:11]: 10 matchs
19:54:31 [INFO] 1X2: 9 rounds → data/congobet_1x2_rounds.json
19:54:32 [INFO] === FIN 21.8s erreurs=aucune ===
19:54:32 [INFO] === DÉBUT CYCLE mode=gng ===
19:54:32 [INFO] === SCRAPE G/NG ===
19:54:40 [WARNING] Impossible de sélectionner G/NG
19:55:10 [INFO] === FIN 38.6s erreurs=aucune ===
19:56:58 [INFO] === DÉBUT CYCLE mode=results ===
19:56:58 [INFO] === SCRAPE RÉSULTATS (version corrigée) ===
19:57:09 [INFO]   3 clics 'Afficher plus'
19:57:12 [INFO] Résultats: 160 → data/cbet_results.json
19:57:12 [INFO] === FIN 14.4s erreurs=aucune ===
20:57:58 [INFO] === DÉBUT CYCLE mode=1x2 ===
20:57:59 [INFO] === SCRAPE 1X2 ===
20:58:05 [INFO] rounds ignorés (timer courant / hors séquence): ['00:43']
20:58:05 [INFO] 9 rounds retenus / 10 total (10 horodatés)
20:58:07 [INFO]   1X2 [21:00]: 10 matchs
20:58:08 [INFO]   1X2 [21:02]: 10 matchs
20:58:09 [INFO]   1X2 [21:04]: 10 matchs
20:58:11 [INFO]   1X2 [21:06]: 10 matchs
20:58:12 [INFO]   1X2 [21:08]: 10 matchs
20:58:14 [INFO]   1X2 [21:10]: 10 matchs
20:58:15 [INFO]   1X2 [21:12]: 10 matchs
20:58:16 [INFO]   1X2 [21:14]: 10 matchs
20:58:18 [INFO]   1X2 [21:16]: 10 matchs
20:58:18 [INFO] 1X2: 9 rounds → data/congobet_1x2_rounds.json
20:58:48 [INFO] === FIN 49.4s erreurs=aucune ===
20:58:48 [INFO] === DÉBUT CYCLE mode=gng ===
20:58:48 [INFO] === SCRAPE G/NG ===
20:58:54 [WARNING] Impossible de sélectionner G/NG
20:59:24 [INFO] === FIN 36.6s erreurs=aucune ===
21:01:12 [INFO] === DÉBUT CYCLE mode=results ===
21:01:12 [INFO] === SCRAPE RÉSULTATS (version corrigée) ===
21:01:20 [INFO]   1 clics 'Afficher plus'
21:01:21 [INFO] Résultats: 80 → data/cbet_results.json
21:01:21 [INFO] === FIN 9.0s erreurs=aucune ===
22:09:48 [INFO] === DÉBUT CYCLE mode=1x2 ===
22:09:49 [INFO] === SCRAPE 1X2 ===
22:09:56 [WARNING] Impossible de sélectionner 1X2
22:09:56 [INFO] 9 rounds retenus / 10 total (9 horodatés)
22:09:57 [INFO]   1X2 [22:11]: 10 matchs
22:09:59 [INFO]   1X2 [22:13]: 10 matchs
22:10:00 [INFO]   1X2 [22:15]: 10 matchs
22:10:02 [INFO]   1X2 [22:17]: 10 matchs
22:10:03 [INFO]   1X2 [22:19]: 10 matchs
22:10:04 [INFO]   1X2 [22:21]: 10 matchs
22:10:06 [INFO]   1X2 [22:23]: 10 matchs
22:10:07 [INFO]   1X2 [22:25]: 10 matchs
22:10:09 [INFO]   1X2 [22:27]: 10 matchs
22:10:09 [INFO] 1X2: 9 rounds → data/congobet_1x2_rounds.json
22:10:39 [INFO] === FIN 50.5s erreurs=aucune ===
22:10:39 [INFO] === DÉBUT CYCLE mode=gng ===
22:10:39 [INFO] === SCRAPE G/NG ===
22:10:46 [WARNING] Impossible de sélectionner G/NG
22:11:17 [INFO] === FIN 37.4s erreurs=aucune ===
22:13:05 [INFO] === DÉBUT CYCLE mode=results ===
22:13:06 [INFO] === SCRAPE RÉSULTATS (version corrigée) ===
22:13:14 [INFO]   1 clics 'Afficher plus'
22:13:14 [INFO] Résultats: 50 → data/cbet_results.json
22:13:45 [INFO] === FIN 39.1s erreurs=aucune ===
23:21:31 [INFO] === DÉBUT CYCLE mode=1x2 ===
23:21:32 [INFO] === SCRAPE 1X2 ===
23:21:41 [INFO] rounds ignorés (timer courant / hors séquence): ['01:09']
23:21:41 [INFO] 9 rounds retenus / 10 total (10 horodatés)
23:21:42 [INFO]   1X2 [23:24]: 10 matchs
23:21:43 [INFO]   1X2 [23:26]: 10 matchs
23:21:45 [INFO]   1X2 [23:28]: 10 matchs
23:21:46 [INFO]   1X2 [23:30]: 10 matchs
23:21:47 [INFO]   1X2 [23:32]: 10 matchs
23:21:49 [INFO]   1X2 [23:34]: 10 matchs
23:21:50 [INFO]   1X2 [23:36]: 10 matchs
23:21:52 [INFO]   1X2 [23:38]: 10 matchs
23:21:53 [INFO]   1X2 [23:40]: 10 matchs
23:21:53 [INFO] 1X2: 9 rounds → data/congobet_1x2_rounds.json
23:22:23 [INFO] === FIN 51.7s erreurs=aucune ===
23:22:23 [INFO] === DÉBUT CYCLE mode=gng ===
23:22:24 [INFO] === SCRAPE G/NG ===
23:22:34 [INFO] rounds ignorés (timer courant / hors séquence): ['00:14']
23:22:34 [INFO] 9 rounds retenus / 10 total (10 horodatés)
23:22:38 [INFO]   G/NG [23:24]: 10 matchs
23:22:41 [INFO]   G/NG [23:26]: 10 matchs
23:22:44 [INFO]   G/NG [23:28]: 10 matchs
23:22:47 [INFO]   G/NG [23:30]: 10 matchs
23:22:50 [INFO]   G/NG [23:32]: 10 matchs
23:22:53 [INFO]   G/NG [23:34]: 10 matchs
23:22:56 [INFO]   G/NG [23:36]: 10 matchs
23:22:59 [INFO]   G/NG [23:38]: 10 matchs
23:23:02 [INFO]   G/NG [23:40]: 10 matchs
23:23:02 [INFO] G/NG: 90 cotes → data/cbet_odds.json
23:23:02 [INFO] === FIN 38.9s erreurs=aucune ===
23:24:49 [INFO] === DÉBUT CYCLE mode=results ===
23:24:49 [INFO] === SCRAPE RÉSULTATS (version corrigée) ===
23:24:57 [INFO]   0 clics 'Afficher plus'
23:24:57 [INFO] Résultats: 10 → data/cbet_results.json
23:24:58 [INFO] === FIN 9.0s erreurs=aucune ===
01:24:15 [INFO] === DÉBUT CYCLE mode=1x2 ===
01:24:15 [INFO] === SCRAPE 1X2 ===
01:24:22 [WARNING] Impossible de sélectionner 1X2
01:24:22 [INFO] 9 rounds retenus / 10 total (9 horodatés)
01:24:23 [INFO]   1X2 [01:25]: 10 matchs
01:24:24 [INFO]   1X2 [01:27]: 10 matchs
01:24:26 [INFO]   1X2 [01:29]: 10 matchs
01:24:27 [INFO]   1X2 [01:31]: 10 matchs
01:24:29 [INFO]   1X2 [01:33]: 10 matchs
01:24:30 [INFO]   1X2 [01:35]: 10 matchs
01:24:32 [INFO]   1X2 [01:37]: 10 matchs
01:24:33 [INFO]   1X2 [01:39]: 10 matchs
01:24:34 [INFO]   1X2 [01:41]: 10 matchs
01:24:34 [INFO] 1X2: 9 rounds → data/congobet_1x2_rounds.json
01:24:34 [INFO] === FIN 19.6s erreurs=aucune ===
01:24:35 [INFO] === DÉBUT CYCLE mode=gng ===
01:24:35 [INFO] === SCRAPE G/NG ===
01:24:41 [WARNING] Impossible de sélectionner G/NG
01:25:11 [INFO] === FIN 36.4s erreurs=aucune ===
01:27:02 [INFO] === DÉBUT CYCLE mode=results ===
01:27:03 [INFO] === SCRAPE RÉSULTATS (version corrigée) ===
01:27:15 [INFO]   5 clics 'Afficher plus'
01:27:19 [INFO] Résultats: 230 → data/cbet_results.json
01:27:49 [INFO] === FIN 47.1s erreurs=aucune ===
05:34:22 [INFO] === DÉBUT CYCLE mode=1x2 ===
05:34:23 [INFO] === SCRAPE 1X2 ===
05:34:29 [INFO] rounds ignorés (timer courant / hors séquence): ['00:20']
05:34:29 [INFO] 9 rounds retenus / 10 total (10 horodatés)
05:34:30 [INFO]   1X2 [05:36]: 10 matchs
05:34:32 [INFO]   1X2 [05:38]: 10 matchs
05:34:33 [INFO]   1X2 [05:40]: 10 matchs
05:34:35 [INFO]   1X2 [05:42]: 10 matchs
05:34:36 [INFO]   1X2 [05:44]: 10 matchs
05:34:37 [INFO]   1X2 [05:46]: 10 matchs
05:34:39 [INFO]   1X2 [05:48]: 10 matchs
05:34:40 [INFO]   1X2 [05:50]: 10 matchs
05:34:42 [INFO]   1X2 [05:52]: 10 matchs
05:34:42 [INFO] 1X2: 9 rounds → data/congobet_1x2_rounds.json
05:35:12 [INFO] === FIN 49.6s erreurs=aucune ===
05:35:12 [INFO] === DÉBUT CYCLE mode=gng ===
05:35:12 [INFO] === SCRAPE G/NG ===
05:35:18 [WARNING] Impossible de sélectionner G/NG
05:35:18 [INFO] === FIN 6.5s erreurs=aucune ===
05:37:05 [INFO] === DÉBUT CYCLE mode=results ===
05:37:06 [INFO] === SCRAPE RÉSULTATS (version corrigée) ===
05:37:18 [INFO]   5 clics 'Afficher plus'
05:37:23 [INFO] Résultats: 240 → data/cbet_results.json
05:37:53 [INFO] === FIN 47.6s erreurs=aucune ===
08:52:17 [INFO] === DÉBUT CYCLE mode=1x2 ===
08:52:18 [INFO] === SCRAPE 1X2 ===
08:52:26 [WARNING] Impossible de sélectionner 1X2
08:52:27 [INFO] 9 rounds retenus / 10 total (9 horodatés)
08:52:28 [INFO]   1X2 [08:53]: 10 matchs
08:52:29 [INFO]   1X2 [08:55]: 10 matchs
08:52:31 [INFO]   1X2 [08:57]: 10 matchs
08:52:32 [INFO]   1X2 [08:59]: 10 matchs
08:52:34 [INFO]   1X2 [09:01]: 10 matchs
08:52:35 [INFO]   1X2 [09:03]: 10 matchs
08:52:36 [INFO]   1X2 [09:05]: 10 matchs
08:52:38 [INFO]   1X2 [09:07]: 10 matchs
08:52:39 [INFO]   1X2 [09:09]: 10 matchs
08:52:39 [INFO] 1X2: 9 rounds → data/congobet_1x2_rounds.json
08:53:09 [INFO] === FIN 52.0s erreurs=aucune ===
08:53:09 [INFO] === DÉBUT CYCLE mode=gng ===
08:53:10 [INFO] === SCRAPE G/NG ===
08:53:21 [INFO] rounds ignorés (timer courant / hors séquence): ['00:28']
08:53:21 [INFO] 9 rounds retenus / 10 total (10 horodatés)
08:53:24 [INFO]   G/NG [08:55]: 10 matchs
08:53:27 [INFO]   G/NG [08:57]: 10 matchs
08:53:30 [INFO]   G/NG [08:59]: 10 matchs
08:53:33 [INFO]   G/NG [09:01]: 10 matchs
08:53:36 [INFO]   G/NG [09:03]: 10 matchs
08:53:39 [INFO]   G/NG [09:05]: 10 matchs
08:53:42 [INFO]   G/NG [09:07]: 10 matchs
08:53:45 [INFO]   G/NG [09:09]: 10 matchs
08:53:48 [INFO]   G/NG [09:11]: 10 matchs
08:53:48 [INFO] G/NG: 90 cotes → data/cbet_odds.json
08:54:18 [INFO] === FIN 68.4s erreurs=aucune ===
08:56:07 [INFO] === DÉBUT CYCLE mode=results ===
08:56:08 [INFO] === SCRAPE RÉSULTATS (version corrigée) ===
08:56:19 [INFO]   2 clics 'Afficher plus'
08:56:20 [INFO] Résultats: 100 → data/cbet_results.json
08:56:50 [INFO] === FIN 42.9s erreurs=aucune ===
14:45:38 [INFO] === DÉBUT CYCLE mode=1x2 ===
14:45:39 [INFO] === SCRAPE 1X2 ===
14:45:46 [INFO] rounds ignorés (timer courant / hors séquence): ['00:02']
14:45:46 [INFO] 9 rounds retenus / 10 total (10 horodatés)
14:45:48 [INFO]   1X2 [14:47]: 10 matchs
14:45:49 [INFO]   1X2 [14:49]: 10 matchs
14:45:50 [INFO]   1X2 [14:51]: 10 matchs
14:45:52 [INFO]   1X2 [14:53]: 10 matchs
14:45:53 [INFO]   1X2 [14:55]: 10 matchs
14:45:55 [INFO]   1X2 [14:57]: 10 matchs
14:45:56 [INFO]   1X2 [14:59]: 10 matchs
14:45:57 [INFO]   1X2 [15:01]: 10 matchs
14:45:59 [INFO]   1X2 [15:03]: 10 matchs
14:45:59 [INFO] 1X2: 9 rounds → data/congobet_1x2_rounds.json
14:46:29 [INFO] === FIN 50.7s erreurs=aucune ===
14:46:30 [INFO] === DÉBUT CYCLE mode=gng ===
14:46:30 [INFO] === SCRAPE G/NG ===
14:46:38 [WARNING] Impossible de sélectionner G/NG
14:47:08 [INFO] === FIN 38.7s erreurs=aucune ===
14:48:58 [INFO] === DÉBUT CYCLE mode=results ===
14:48:59 [INFO] === SCRAPE RÉSULTATS (version corrigée) ===
14:49:12 [INFO]   5 clics 'Afficher plus'
14:49:16 [INFO] Résultats: 240 → data/cbet_results.json
14:49:17 [INFO] === FIN 18.4s erreurs=aucune ===
17:49:19 [INFO] === DÉBUT CYCLE mode=1x2 ===
17:49:21 [INFO] === SCRAPE 1X2 ===
17:49:28 [WARNING] Impossible de sélectionner 1X2
17:49:28 [INFO] 9 rounds retenus / 10 total (9 horodatés)
17:49:29 [INFO]   1X2 [17:50]: 10 matchs
17:49:31 [INFO]   1X2 [17:52]: 10 matchs
17:49:32 [INFO]   1X2 [17:54]: 10 matchs
17:49:34 [INFO]   1X2 [17:56]: 10 matchs
17:49:35 [INFO]   1X2 [17:58]: 10 matchs
17:49:36 [INFO]   1X2 [18:00]: 10 matchs
17:49:38 [INFO]   1X2 [18:02]: 10 matchs
17:49:39 [INFO]   1X2 [18:04]: 10 matchs
17:49:41 [INFO]   1X2 [18:06]: 10 matchs
17:49:41 [INFO] 1X2: 9 rounds → data/congobet_1x2_rounds.json
17:50:11 [INFO] === FIN 52.3s erreurs=aucune ===
17:50:13 [INFO] === DÉBUT CYCLE mode=gng ===
17:50:14 [INFO] === SCRAPE G/NG ===
17:50:24 [INFO] rounds ignorés (timer courant / hors séquence): ['00:25']
17:50:24 [INFO] 9 rounds retenus / 10 total (10 horodatés)
17:50:27 [INFO]   G/NG [17:52]: 10 matchs
17:50:30 [INFO]   G/NG [17:54]: 10 matchs
17:50:33 [INFO]   G/NG [17:56]: 10 matchs
17:50:36 [INFO]   G/NG [17:58]: 10 matchs
17:50:39 [INFO]   G/NG [18:00]: 10 matchs
17:50:42 [INFO]   G/NG [18:02]: 10 matchs
17:50:45 [INFO]   G/NG [18:04]: 10 matchs
17:50:48 [INFO]   G/NG [18:06]: 10 matchs
17:50:51 [INFO]   G/NG [18:08]: 10 matchs
17:50:51 [INFO] G/NG: 90 cotes → data/cbet_odds.json
17:51:22 [INFO] === FIN 67.9s erreurs=aucune ===
17:53:12 [INFO] === DÉBUT CYCLE mode=results ===
17:53:13 [INFO] === SCRAPE RÉSULTATS (version corrigée) ===
17:53:19 [INFO]   0 clics 'Afficher plus'
17:53:19 [INFO] Résultats: 20 → data/cbet_results.json
17:53:19 [INFO] === FIN 7.2s erreurs=aucune ===
19:49:03 [INFO] === DÉBUT CYCLE mode=1x2 ===
19:49:03 [INFO] === SCRAPE 1X2 ===
19:49:11 [INFO] rounds ignorés (timer courant / hors séquence): ['00:39']
19:49:11 [INFO] 9 rounds retenus / 10 total (10 horodatés)
19:49:12 [INFO]   1X2 [19:51]: 10 matchs
19:49:13 [INFO]   1X2 [19:53]: 10 matchs
19:49:15 [INFO]   1X2 [19:55]: 10 matchs
19:49:16 [INFO]   1X2 [19:57]: 10 matchs
19:49:18 [INFO]   1X2 [19:59]: 10 matchs
19:49:19 [INFO]   1X2 [20:01]: 10 matchs
19:49:20 [INFO]   1X2 [20:03]: 10 matchs
19:49:22 [INFO]   1X2 [20:05]: 10 matchs
19:49:23 [INFO]   1X2 [20:07]: 10 matchs
19:49:23 [INFO] 1X2: 9 rounds → data/congobet_1x2_rounds.json
19:49:23 [INFO] === FIN 20.4s erreurs=aucune ===
19:49:23 [INFO] === DÉBUT CYCLE mode=gng ===
19:49:24 [INFO] === SCRAPE G/NG ===
19:49:33 [INFO] rounds ignorés (timer courant / hors séquence): ['00:16']
19:49:33 [INFO] 9 rounds retenus / 10 total (10 horodatés)
19:49:36 [INFO]   G/NG [19:51]: 10 matchs
19:49:39 [INFO]   G/NG [19:53]: 10 matchs
19:49:42 [INFO]   G/NG [19:55]: 10 matchs
19:49:45 [INFO]   G/NG [19:57]: 10 matchs
19:49:48 [INFO]   G/NG [19:59]: 10 matchs
19:49:51 [INFO]   G/NG [20:01]: 10 matchs
19:49:55 [INFO]   G/NG [20:03]: 10 matchs
19:49:58 [INFO]   G/NG [20:05]: 10 matchs
19:50:01 [INFO]   G/NG [20:07]: 10 matchs
19:50:01 [INFO] G/NG: 90 cotes → data/cbet_odds.json
19:50:31 [INFO] === FIN 67.6s erreurs=aucune ===
19:52:18 [INFO] === DÉBUT CYCLE mode=results ===
19:52:18 [INFO] === SCRAPE RÉSULTATS (version corrigée) ===
19:52:32 [INFO]   5 clics 'Afficher plus'
19:52:36 [INFO] Résultats: 220 → data/cbet_results.json
19:52:36 [INFO] === FIN 18.0s erreurs=aucune ===
21:22:30 [INFO] === DÉBUT CYCLE mode=1x2 ===
21:22:31 [INFO] === SCRAPE 1X2 ===
21:22:37 [INFO] rounds ignorés (timer courant / hors séquence): ['00:12']
21:22:37 [INFO] 9 rounds retenus / 10 total (10 horodatés)
21:22:38 [INFO]   1X2 [21:24]: 10 matchs
21:22:40 [INFO]   1X2 [21:26]: 10 matchs
21:22:41 [INFO]   1X2 [21:28]: 10 matchs
21:22:42 [INFO]   1X2 [21:30]: 10 matchs
21:22:44 [INFO]   1X2 [21:32]: 10 matchs
21:22:45 [INFO]   1X2 [21:34]: 10 matchs
21:22:46 [INFO]   1X2 [21:36]: 10 matchs
21:22:47 [INFO]   1X2 [21:38]: 10 matchs
21:22:49 [INFO]   1X2 [21:40]: 10 matchs
21:22:49 [INFO] 1X2: 9 rounds → data/congobet_1x2_rounds.json
21:22:49 [INFO] === FIN 18.9s erreurs=aucune ===
21:22:49 [INFO] === DÉBUT CYCLE mode=gng ===
21:22:49 [INFO] === SCRAPE G/NG ===
21:22:56 [WARNING] Impossible de sélectionner G/NG
21:22:56 [INFO] === FIN 6.6s erreurs=aucune ===
21:24:43 [INFO] === DÉBUT CYCLE mode=results ===
21:24:43 [INFO] === SCRAPE RÉSULTATS (version corrigée) ===
21:24:55 [INFO]   5 clics 'Afficher plus'
21:25:00 [INFO] Résultats: 240 → data/cbet_results.json
21:25:00 [INFO] === FIN 17.3s erreurs=aucune ===
22:44:48 [INFO] === DÉBUT CYCLE mode=1x2 ===
22:44:50 [INFO] === SCRAPE 1X2 ===
22:44:58 [INFO] rounds ignorés (timer courant / hors séquence): ['00:51', '22:47', '22:49', '22:51', '22:53', '22:55', '22:57', '22:59']
22:44:58 [INFO] 2 rounds retenus / 10 total (10 horodatés)
22:45:00 [INFO]   1X2 [23:04]: 10 matchs
22:45:01 [INFO]   1X2 [23:06]: 10 matchs
22:45:01 [INFO] 1X2: 2 rounds → data/congobet_1x2_rounds.json
22:45:32 [INFO] === FIN 42.9s erreurs=aucune ===
22:45:34 [INFO] === DÉBUT CYCLE mode=gng ===
22:45:35 [INFO] === SCRAPE G/NG ===
22:45:46 [INFO] rounds ignorés (timer courant / hors séquence): ['00:03', '22:47', '22:49', '22:51', '22:53', '22:55', '22:57', '22:59']
22:45:46 [INFO] 2 rounds retenus / 10 total (10 horodatés)
22:45:49 [INFO]   G/NG [23:04]: 10 matchs
22:45:52 [INFO]   G/NG [23:06]: 10 matchs
22:45:52 [INFO] G/NG: 20 cotes → data/cbet_odds.json
22:46:22 [INFO] === FIN 48.2s erreurs=aucune ===
22:48:09 [INFO] === DÉBUT CYCLE mode=results ===
22:48:10 [INFO] === SCRAPE RÉSULTATS (version corrigée) ===
22:48:25 [INFO]   5 clics 'Afficher plus'
22:48:29 [INFO] Résultats: 240 → data/cbet_results.json
22:48:29 [INFO] === FIN 20.1s erreurs=aucune ===
23:50:20 [INFO] === DÉBUT CYCLE mode=1x2 ===
23:50:21 [INFO] === SCRAPE 1X2 ===
23:50:30 [INFO] rounds ignorés (timer courant / hors séquence): ['00:20']
23:50:30 [INFO] 9 rounds retenus / 10 total (10 horodatés)
23:50:31 [INFO]   1X2 [23:52]: 10 matchs
23:50:32 [INFO]   1X2 [23:54]: 10 matchs
23:50:34 [INFO]   1X2 [23:56]: 10 matchs
23:50:35 [INFO]   1X2 [23:58]: 10 matchs
23:50:37 [INFO]   1X2 [00:00]: 10 matchs
23:50:38 [INFO]   1X2 [00:02]: 10 matchs
23:50:39 [INFO]   1X2 [00:04]: 10 matchs
23:50:41 [INFO]   1X2 [00:06]: 10 matchs
23:50:42 [INFO]   1X2 [00:08]: 10 matchs
23:50:42 [INFO] 1X2: 9 rounds → data/congobet_1x2_rounds.json
23:51:12 [INFO] === FIN 51.8s erreurs=aucune ===
23:51:13 [INFO] === DÉBUT CYCLE mode=gng ===
23:51:13 [INFO] === SCRAPE G/NG ===
23:51:22 [WARNING] Impossible de sélectionner G/NG
23:51:22 [INFO] === FIN 9.3s erreurs=aucune ===
23:53:09 [INFO] === DÉBUT CYCLE mode=results ===
23:53:09 [INFO] === SCRAPE RÉSULTATS (version corrigée) ===
23:53:24 [INFO]   5 clics 'Afficher plus'
23:53:29 [INFO] Résultats: 240 → data/cbet_results.json
23:53:59 [INFO] === FIN 50.1s erreurs=aucune ===
01:56:35 [INFO] === DÉBUT CYCLE mode=1x2 ===
01:56:38 [INFO] === SCRAPE 1X2 ===
01:56:44 [INFO] rounds ignorés (timer courant / hors séquence): ['00:07']
01:56:44 [INFO] 9 rounds retenus / 10 total (10 horodatés)
01:56:45 [INFO]   1X2 [01:58]: 10 matchs
01:56:46 [INFO]   1X2 [02:00]: 10 matchs
01:56:47 [INFO]   1X2 [02:02]: 10 matchs
01:56:48 [INFO]   1X2 [02:04]: 10 matchs
01:56:49 [INFO]   1X2 [02:06]: 10 matchs
01:56:50 [INFO]   1X2 [02:08]: 10 matchs
01:56:51 [INFO]   1X2 [02:10]: 10 matchs
01:56:53 [INFO]   1X2 [02:12]: 10 matchs
01:56:54 [INFO]   1X2 [02:14]: 10 matchs
01:56:54 [INFO] 1X2: 9 rounds → data/congobet_1x2_rounds.json
01:57:25 [INFO] === FIN 49.0s erreurs=aucune ===
01:57:25 [INFO] === DÉBUT CYCLE mode=gng ===
01:57:26 [INFO] === SCRAPE G/NG ===
01:57:32 [WARNING] Impossible de sélectionner G/NG
01:58:02 [INFO] === FIN 36.6s erreurs=aucune ===
01:59:54 [INFO] === DÉBUT CYCLE mode=results ===
01:59:55 [INFO] === SCRAPE RÉSULTATS (version corrigée) ===
02:00:03 [INFO]   2 clics 'Afficher plus'
02:00:04 [INFO] Résultats: 90 → data/cbet_results.json
02:00:05 [INFO] === FIN 10.4s erreurs=aucune ===
06:18:56 [INFO] === DÉBUT CYCLE mode=1x2 ===
06:18:56 [INFO] === SCRAPE 1X2 ===
06:19:03 [INFO] rounds ignorés (timer courant / hors séquence): ['00:46']
06:19:03 [INFO] 9 rounds retenus / 10 total (10 horodatés)
06:19:04 [INFO]   1X2 [06:21]: 10 matchs
06:19:06 [INFO]   1X2 [06:23]: 10 matchs
06:19:07 [INFO]   1X2 [06:25]: 10 matchs
06:19:09 [INFO]   1X2 [06:27]: 10 matchs
06:19:10 [INFO]   1X2 [06:29]: 10 matchs
06:19:11 [INFO]   1X2 [06:31]: 10 matchs
06:19:13 [INFO]   1X2 [06:33]: 10 matchs
06:19:14 [INFO]   1X2 [06:35]: 10 matchs
06:19:15 [INFO]   1X2 [06:37]: 10 matchs
06:19:15 [INFO] 1X2: 9 rounds → data/congobet_1x2_rounds.json
06:19:15 [INFO] === FIN 19.9s erreurs=aucune ===
06:19:16 [INFO] === DÉBUT CYCLE mode=gng ===
06:19:16 [INFO] === SCRAPE G/NG ===
06:19:25 [INFO] rounds ignorés (timer courant / hors séquence): ['00:24']
06:19:25 [INFO] 9 rounds retenus / 10 total (10 horodatés)
06:19:28 [INFO]   G/NG [06:21]: 10 matchs
06:19:31 [INFO]   G/NG [06:23]: 10 matchs
06:19:34 [INFO]   G/NG [06:25]: 10 matchs
06:19:37 [INFO]   G/NG [06:27]: 10 matchs
06:19:40 [INFO]   G/NG [06:29]: 10 matchs
06:19:43 [INFO]   G/NG [06:31]: 10 matchs
06:19:46 [INFO]   G/NG [06:33]: 10 matchs
06:19:49 [INFO]   G/NG [06:35]: 10 matchs
06:19:52 [INFO]   G/NG [06:37]: 10 matchs
06:19:52 [INFO] G/NG: 90 cotes → data/cbet_odds.json
06:20:22 [INFO] === FIN 66.8s erreurs=aucune ===
06:22:09 [INFO] === DÉBUT CYCLE mode=results ===
06:22:09 [INFO] === SCRAPE RÉSULTATS (version corrigée) ===
06:22:23 [INFO]   5 clics 'Afficher plus'
06:22:26 [INFO] Résultats: 210 → data/cbet_results.json
06:22:26 [INFO] === FIN 17.4s erreurs=aucune ===
10:33:16 [INFO] === DÉBUT CYCLE mode=1x2 ===
10:33:17 [INFO] === SCRAPE 1X2 ===
10:33:25 [WARNING] Impossible de sélectionner 1X2
10:33:25 [INFO] 9 rounds retenus / 10 total (9 horodatés)
10:33:27 [INFO]   1X2 [10:34]: 10 matchs
10:33:28 [INFO]   1X2 [10:36]: 10 matchs
10:33:30 [INFO]   1X2 [10:38]: 10 matchs
10:33:31 [INFO]   1X2 [10:40]: 10 matchs
10:33:32 [INFO]   1X2 [10:42]: 10 matchs
10:33:34 [INFO]   1X2 [10:44]: 10 matchs
10:33:35 [INFO]   1X2 [10:46]: 10 matchs
10:33:37 [INFO]   1X2 [10:48]: 10 matchs
10:33:38 [INFO]   1X2 [10:50]: 10 matchs
10:33:38 [INFO] 1X2: 9 rounds → data/congobet_1x2_rounds.json
10:33:38 [INFO] === FIN 22.2s erreurs=aucune ===
10:33:38 [INFO] === DÉBUT CYCLE mode=gng ===
10:33:39 [INFO] === SCRAPE G/NG ===
10:33:47 [WARNING] Impossible de sélectionner G/NG
10:34:17 [INFO] === FIN 39.1s erreurs=aucune ===
10:36:05 [INFO] === DÉBUT CYCLE mode=results ===
10:36:05 [INFO] === SCRAPE RÉSULTATS (version corrigée) ===
10:36:20 [INFO]   5 clics 'Afficher plus'
10:36:25 [INFO] Résultats: 240 → data/cbet_results.json
10:36:25 [INFO] === FIN 20.1s erreurs=aucune ===
